ontology_type	source_value	curie	ontology_label	mapping_status	ontology_source	ontology_sha256
anatomy	Intestine (end1)	WBbt:0005772	intestine	supported_anatomy	shared/metadata_sources/v2/ontologies/wbbt.obo	4037264444d21d6d463d58bb3cee5bdd76ab5e0f17f2ed7e948f0cb443c22b28
anatomy	L3 body wall muscle	WBbt:0006804	body wall muscle cell	supported_anatomy	shared/metadata_sources/v2/ontologies/wbbt.obo	4037264444d21d6d463d58bb3cee5bdd76ab5e0f17f2ed7e948f0cb443c22b28
anatomy	L3 seamcell	WBbt:0005753	seam cell	supported_anatomy	shared/metadata_sources/v2/ontologies/wbbt.obo	4037264444d21d6d463d58bb3cee5bdd76ab5e0f17f2ed7e948f0cb443c22b28
anatomy	Muscle (hlh-1)	WBbt:0003675	muscle cell	supported_broad_anatomy	shared/metadata_sources/v2/ontologies/wbbt.obo	4037264444d21d6d463d58bb3cee5bdd76ab5e0f17f2ed7e948f0cb443c22b28
anatomy	Pharynx (pha-4)	WBbt:0003681	pharynx	supported_anatomy	shared/metadata_sources/v2/ontologies/wbbt.obo	4037264444d21d6d463d58bb3cee5bdd76ab5e0f17f2ed7e948f0cb443c22b28
anatomy	Whole Organism	WBbt:0000100	C. elegans anatomical entity	supported_root_for_whole_organism_sample	shared/metadata_sources/v2/ontologies/wbbt.obo	4037264444d21d6d463d58bb3cee5bdd76ab5e0f17f2ed7e948f0cb443c22b28
anatomy	Whole animal	WBbt:0000100	C. elegans anatomical entity	supported_root_for_whole_organism_sample	shared/metadata_sources/v2/ontologies/wbbt.obo	4037264444d21d6d463d58bb3cee5bdd76ab5e0f17f2ed7e948f0cb443c22b28
anatomy	Whole worm	WBbt:0000100	C. elegans anatomical entity	supported_root_for_whole_organism_sample	shared/metadata_sources/v2/ontologies/wbbt.obo	4037264444d21d6d463d58bb3cee5bdd76ab5e0f17f2ed7e948f0cb443c22b28
anatomy	early embryo	WBbt:0000100	C. elegans anatomical entity	supported_root_for_whole_organism_sample	shared/metadata_sources/v2/ontologies/wbbt.obo	4037264444d21d6d463d58bb3cee5bdd76ab5e0f17f2ed7e948f0cb443c22b28
anatomy	embryo	WBbt:0000100	C. elegans anatomical entity	supported_root_for_whole_organism_sample	shared/metadata_sources/v2/ontologies/wbbt.obo	4037264444d21d6d463d58bb3cee5bdd76ab5e0f17f2ed7e948f0cb443c22b28
anatomy	embryonic total RNA	WBbt:0000100	C. elegans anatomical entity	supported_root_for_whole_organism_sample	shared/metadata_sources/v2/ontologies/wbbt.obo	4037264444d21d6d463d58bb3cee5bdd76ab5e0f17f2ed7e948f0cb443c22b28
anatomy	embryos	WBbt:0000100	C. elegans anatomical entity	supported_root_for_whole_organism_sample	shared/metadata_sources/v2/ontologies/wbbt.obo	4037264444d21d6d463d58bb3cee5bdd76ab5e0f17f2ed7e948f0cb443c22b28
anatomy	whole animal	WBbt:0000100	C. elegans anatomical entity	supported_root_for_whole_organism_sample	shared/metadata_sources/v2/ontologies/wbbt.obo	4037264444d21d6d463d58bb3cee5bdd76ab5e0f17f2ed7e948f0cb443c22b28
anatomy	whole animal L1 Larvae	WBbt:0000100	C. elegans anatomical entity	supported_root_for_whole_organism_sample	shared/metadata_sources/v2/ontologies/wbbt.obo	4037264444d21d6d463d58bb3cee5bdd76ab5e0f17f2ed7e948f0cb443c22b28
anatomy	whole worm	WBbt:0000100	C. elegans anatomical entity	supported_root_for_whole_organism_sample	shared/metadata_sources/v2/ontologies/wbbt.obo	4037264444d21d6d463d58bb3cee5bdd76ab5e0f17f2ed7e948f0cb443c22b28
life_stage	Embryo	WBls:0000003	embryo Ce	supported_broad_stage	shared/metadata_sources/v2/ontologies/wbls.obo	e969ae09c292339212116087260fc9c7ae12bda1c727e1dbc48b11a6605b92b4
life_stage	Embryo T0	WBls:0000003	embryo Ce	supported_broad_stage	shared/metadata_sources/v2/ontologies/wbls.obo	e969ae09c292339212116087260fc9c7ae12bda1c727e1dbc48b11a6605b92b4
life_stage	Embryo T1	WBls:0000003	embryo Ce	supported_broad_stage	shared/metadata_sources/v2/ontologies/wbls.obo	e969ae09c292339212116087260fc9c7ae12bda1c727e1dbc48b11a6605b92b4
life_stage	Embryo T2	WBls:0000003	embryo Ce	supported_broad_stage	shared/metadata_sources/v2/ontologies/wbls.obo	e969ae09c292339212116087260fc9c7ae12bda1c727e1dbc48b11a6605b92b4
life_stage	Embryo T3	WBls:0000003	embryo Ce	supported_broad_stage	shared/metadata_sources/v2/ontologies/wbls.obo	e969ae09c292339212116087260fc9c7ae12bda1c727e1dbc48b11a6605b92b4
life_stage	Embryo T4	WBls:0000003	embryo Ce	supported_broad_stage	shared/metadata_sources/v2/ontologies/wbls.obo	e969ae09c292339212116087260fc9c7ae12bda1c727e1dbc48b11a6605b92b4
life_stage	L1	WBls:0000024	L1 larva Ce	exact_stage	shared/metadata_sources/v2/ontologies/wbls.obo	e969ae09c292339212116087260fc9c7ae12bda1c727e1dbc48b11a6605b92b4
life_stage	L1-L3(0H)	WBls:0000023	larva Ce	supported_broad_stage	shared/metadata_sources/v2/ontologies/wbls.obo	e969ae09c292339212116087260fc9c7ae12bda1c727e1dbc48b11a6605b92b4
life_stage	L1-L3(10H)	WBls:0000023	larva Ce	supported_broad_stage	shared/metadata_sources/v2/ontologies/wbls.obo	e969ae09c292339212116087260fc9c7ae12bda1c727e1dbc48b11a6605b92b4
life_stage	L1-L3(12H)	WBls:0000023	larva Ce	supported_broad_stage	shared/metadata_sources/v2/ontologies/wbls.obo	e969ae09c292339212116087260fc9c7ae12bda1c727e1dbc48b11a6605b92b4
life_stage	L1-L3(14H)	WBls:0000023	larva Ce	supported_broad_stage	shared/metadata_sources/v2/ontologies/wbls.obo	e969ae09c292339212116087260fc9c7ae12bda1c727e1dbc48b11a6605b92b4
life_stage	L1-L3(16H)	WBls:0000023	larva Ce	supported_broad_stage	shared/metadata_sources/v2/ontologies/wbls.obo	e969ae09c292339212116087260fc9c7ae12bda1c727e1dbc48b11a6605b92b4
life_stage	L1-L3(18H)	WBls:0000023	larva Ce	supported_broad_stage	shared/metadata_sources/v2/ontologies/wbls.obo	e969ae09c292339212116087260fc9c7ae12bda1c727e1dbc48b11a6605b92b4
life_stage	L1-L3(20H)	WBls:0000023	larva Ce	supported_broad_stage	shared/metadata_sources/v2/ontologies/wbls.obo	e969ae09c292339212116087260fc9c7ae12bda1c727e1dbc48b11a6605b92b4
life_stage	L1-L3(22H)	WBls:0000023	larva Ce	supported_broad_stage	shared/metadata_sources/v2/ontologies/wbls.obo	e969ae09c292339212116087260fc9c7ae12bda1c727e1dbc48b11a6605b92b4
life_stage	L1-L3(24H)	WBls:0000023	larva Ce	supported_broad_stage	shared/metadata_sources/v2/ontologies/wbls.obo	e969ae09c292339212116087260fc9c7ae12bda1c727e1dbc48b11a6605b92b4
life_stage	L1-L3(26H)	WBls:0000023	larva Ce	supported_broad_stage	shared/metadata_sources/v2/ontologies/wbls.obo	e969ae09c292339212116087260fc9c7ae12bda1c727e1dbc48b11a6605b92b4
life_stage	L1-L3(28H)	WBls:0000023	larva Ce	supported_broad_stage	shared/metadata_sources/v2/ontologies/wbls.obo	e969ae09c292339212116087260fc9c7ae12bda1c727e1dbc48b11a6605b92b4
life_stage	L1-L3(2H)	WBls:0000023	larva Ce	supported_broad_stage	shared/metadata_sources/v2/ontologies/wbls.obo	e969ae09c292339212116087260fc9c7ae12bda1c727e1dbc48b11a6605b92b4
life_stage	L1-L3(30H)	WBls:0000023	larva Ce	supported_broad_stage	shared/metadata_sources/v2/ontologies/wbls.obo	e969ae09c292339212116087260fc9c7ae12bda1c727e1dbc48b11a6605b92b4
life_stage	L1-L3(32H)	WBls:0000023	larva Ce	supported_broad_stage	shared/metadata_sources/v2/ontologies/wbls.obo	e969ae09c292339212116087260fc9c7ae12bda1c727e1dbc48b11a6605b92b4
life_stage	L1-L3(34H)	WBls:0000023	larva Ce	supported_broad_stage	shared/metadata_sources/v2/ontologies/wbls.obo	e969ae09c292339212116087260fc9c7ae12bda1c727e1dbc48b11a6605b92b4
life_stage	L1-L3(36H)	WBls:0000023	larva Ce	supported_broad_stage	shared/metadata_sources/v2/ontologies/wbls.obo	e969ae09c292339212116087260fc9c7ae12bda1c727e1dbc48b11a6605b92b4
life_stage	L1-L3(38H)	WBls:0000023	larva Ce	supported_broad_stage	shared/metadata_sources/v2/ontologies/wbls.obo	e969ae09c292339212116087260fc9c7ae12bda1c727e1dbc48b11a6605b92b4
life_stage	L1-L3(4H)	WBls:0000023	larva Ce	supported_broad_stage	shared/metadata_sources/v2/ontologies/wbls.obo	e969ae09c292339212116087260fc9c7ae12bda1c727e1dbc48b11a6605b92b4
life_stage	L1-L3(6H)	WBls:0000023	larva Ce	supported_broad_stage	shared/metadata_sources/v2/ontologies/wbls.obo	e969ae09c292339212116087260fc9c7ae12bda1c727e1dbc48b11a6605b92b4
life_stage	L1-L3(8H)	WBls:0000023	larva Ce	supported_broad_stage	shared/metadata_sources/v2/ontologies/wbls.obo	e969ae09c292339212116087260fc9c7ae12bda1c727e1dbc48b11a6605b92b4
life_stage	L2	WBls:0000027	L2 larva Ce	exact_stage	shared/metadata_sources/v2/ontologies/wbls.obo	e969ae09c292339212116087260fc9c7ae12bda1c727e1dbc48b11a6605b92b4
life_stage	L3	WBls:0000035	L3 larva Ce	exact_stage	shared/metadata_sources/v2/ontologies/wbls.obo	e969ae09c292339212116087260fc9c7ae12bda1c727e1dbc48b11a6605b92b4
life_stage	L4	WBls:0000038	L4 larva Ce	exact_or_timed_stage	shared/metadata_sources/v2/ontologies/wbls.obo	e969ae09c292339212116087260fc9c7ae12bda1c727e1dbc48b11a6605b92b4
life_stage	L4(38H)	WBls:0000038	L4 larva Ce	exact_or_timed_stage	shared/metadata_sources/v2/ontologies/wbls.obo	e969ae09c292339212116087260fc9c7ae12bda1c727e1dbc48b11a6605b92b4
life_stage	L4(40H)	WBls:0000038	L4 larva Ce	exact_or_timed_stage	shared/metadata_sources/v2/ontologies/wbls.obo	e969ae09c292339212116087260fc9c7ae12bda1c727e1dbc48b11a6605b92b4
life_stage	L4(42H)	WBls:0000038	L4 larva Ce	exact_or_timed_stage	shared/metadata_sources/v2/ontologies/wbls.obo	e969ae09c292339212116087260fc9c7ae12bda1c727e1dbc48b11a6605b92b4
life_stage	L4(44H)	WBls:0000038	L4 larva Ce	exact_or_timed_stage	shared/metadata_sources/v2/ontologies/wbls.obo	e969ae09c292339212116087260fc9c7ae12bda1c727e1dbc48b11a6605b92b4
life_stage	L4(46H)	WBls:0000038	L4 larva Ce	exact_or_timed_stage	shared/metadata_sources/v2/ontologies/wbls.obo	e969ae09c292339212116087260fc9c7ae12bda1c727e1dbc48b11a6605b92b4
life_stage	L4(48H)	WBls:0000038	L4 larva Ce	exact_or_timed_stage	shared/metadata_sources/v2/ontologies/wbls.obo	e969ae09c292339212116087260fc9c7ae12bda1c727e1dbc48b11a6605b92b4
life_stage	Young Adult	WBls:0000041	adult Ce	supported_broad_stage	shared/metadata_sources/v2/ontologies/wbls.obo	e969ae09c292339212116087260fc9c7ae12bda1c727e1dbc48b11a6605b92b4
