effect	metric	fold	seed	value
worm_embedding_main	primary_biological_score	1	20260714	0.009300791782996282
lora_main	primary_biological_score	1	20260714	0.1016388481727786
worm_lora_interaction	primary_biological_score	1	20260714	-0.01808927119298459
worm_embedding_main	primary_biological_score	1	20260715	0.009652639354707615
lora_main	primary_biological_score	1	20260715	0.10550800046477404
worm_lora_interaction	primary_biological_score	1	20260715	-0.017217070302041115
worm_embedding_main	primary_biological_score	1	20260716	0.010152564910242079
lora_main	primary_biological_score	1	20260716	0.09697496872768896
worm_lora_interaction	primary_biological_score	1	20260716	-0.01649336398213408
worm_embedding_main	primary_biological_score	2	20260714	0.00910774936326375
lora_main	primary_biological_score	2	20260714	0.09844610997893688
worm_lora_interaction	primary_biological_score	2	20260714	-0.014738003451941761
worm_embedding_main	primary_biological_score	2	20260715	0.010510681880442907
lora_main	primary_biological_score	2	20260715	0.10057201723226095
worm_lora_interaction	primary_biological_score	2	20260715	-0.011520459477974976
worm_embedding_main	primary_biological_score	2	20260716	0.00884492377320134
lora_main	primary_biological_score	2	20260716	0.09826907979880439
worm_lora_interaction	primary_biological_score	2	20260716	-0.014670549636434993
worm_embedding_main	primary_biological_score	3	20260714	0.00830658585536359
lora_main	primary_biological_score	3	20260714	0.09423640465921079
worm_lora_interaction	primary_biological_score	3	20260714	-0.013875137524222092
worm_embedding_main	primary_biological_score	3	20260715	0.010958153960452521
lora_main	primary_biological_score	3	20260715	0.09765992698133052
worm_lora_interaction	primary_biological_score	3	20260715	-0.008185889577819294
worm_embedding_main	primary_biological_score	3	20260716	0.00970263366727575
lora_main	primary_biological_score	3	20260716	0.09774587908584453
worm_lora_interaction	primary_biological_score	3	20260716	-0.011163518425040042
worm_embedding_main	primary_biological_score	4	20260714	0.011234200593391419
lora_main	primary_biological_score	4	20260714	0.10945246404420839
worm_lora_interaction	primary_biological_score	4	20260714	-0.015213364374907945
worm_embedding_main	primary_biological_score	4	20260715	0.01231414249116275
lora_main	primary_biological_score	4	20260715	0.10501695472635902
worm_lora_interaction	primary_biological_score	4	20260715	-0.012348804597125507
worm_embedding_main	primary_biological_score	4	20260716	0.01141043025063121
lora_main	primary_biological_score	4	20260716	0.11162924211347719
worm_lora_interaction	primary_biological_score	4	20260716	-0.01563661386143378
worm_embedding_main	primary_biological_score	5	20260714	0.008460138741397394
lora_main	primary_biological_score	5	20260714	0.09501709943995862
worm_lora_interaction	primary_biological_score	5	20260714	-0.013010809135348023
worm_embedding_main	primary_biological_score	5	20260715	0.008895819772760327
lora_main	primary_biological_score	5	20260715	0.10227319571033466
worm_lora_interaction	primary_biological_score	5	20260715	-0.012344402360970008
worm_embedding_main	primary_biological_score	5	20260716	0.008153011086637518
lora_main	primary_biological_score	5	20260716	0.10626066650412674
worm_lora_interaction	primary_biological_score	5	20260716	-0.015139933908389414
worm_embedding_main	gene_exon_coverage_pearson_log1p	1	20260714	0.011193090982749843
lora_main	gene_exon_coverage_pearson_log1p	1	20260714	0.13364378485027867
worm_lora_interaction	gene_exon_coverage_pearson_log1p	1	20260714	-0.02080178036937108
worm_embedding_main	gene_exon_coverage_pearson_log1p	1	20260715	0.011699951813204962
lora_main	gene_exon_coverage_pearson_log1p	1	20260715	0.13725685166510102
worm_lora_interaction	gene_exon_coverage_pearson_log1p	1	20260715	-0.02018399946245203
worm_embedding_main	gene_exon_coverage_pearson_log1p	1	20260716	0.012733806314566831
lora_main	gene_exon_coverage_pearson_log1p	1	20260716	0.12778597226161348
worm_lora_interaction	gene_exon_coverage_pearson_log1p	1	20260716	-0.01857220496230616
worm_embedding_main	gene_exon_coverage_pearson_log1p	2	20260714	0.011488017750253987
lora_main	gene_exon_coverage_pearson_log1p	2	20260714	0.12911673560421394
worm_lora_interaction	gene_exon_coverage_pearson_log1p	2	20260714	-0.017079864029412306
worm_embedding_main	gene_exon_coverage_pearson_log1p	2	20260715	0.012916820897479864
lora_main	gene_exon_coverage_pearson_log1p	2	20260715	0.12672171777416613
worm_lora_interaction	gene_exon_coverage_pearson_log1p	2	20260715	-0.013008528578306922
worm_embedding_main	gene_exon_coverage_pearson_log1p	2	20260716	0.010416247717360716
lora_main	gene_exon_coverage_pearson_log1p	2	20260716	0.12601037773628426
worm_lora_interaction	gene_exon_coverage_pearson_log1p	2	20260716	-0.01798059126610463
worm_embedding_main	gene_exon_coverage_pearson_log1p	3	20260714	0.0100579766206155
lora_main	gene_exon_coverage_pearson_log1p	3	20260714	0.12054147432279647
worm_lora_interaction	gene_exon_coverage_pearson_log1p	3	20260714	-0.01486221733319032
worm_embedding_main	gene_exon_coverage_pearson_log1p	3	20260715	0.01310198230244014
lora_main	gene_exon_coverage_pearson_log1p	3	20260715	0.12175397786311026
worm_lora_interaction	gene_exon_coverage_pearson_log1p	3	20260715	-0.008268772814588154
worm_embedding_main	gene_exon_coverage_pearson_log1p	3	20260716	0.011345091351332048
lora_main	gene_exon_coverage_pearson_log1p	3	20260716	0.12198004525253253
worm_lora_interaction	gene_exon_coverage_pearson_log1p	3	20260716	-0.012188237370005628
worm_embedding_main	gene_exon_coverage_pearson_log1p	4	20260714	0.01511366838671832
lora_main	gene_exon_coverage_pearson_log1p	4	20260714	0.14521561613846443
worm_lora_interaction	gene_exon_coverage_pearson_log1p	4	20260714	-0.019832777908277366
worm_embedding_main	gene_exon_coverage_pearson_log1p	4	20260715	0.015497551123715536
lora_main	gene_exon_coverage_pearson_log1p	4	20260715	0.14040912120306465
worm_lora_interaction	gene_exon_coverage_pearson_log1p	4	20260715	-0.017772444016953548
worm_embedding_main	gene_exon_coverage_pearson_log1p	4	20260716	0.01415223464544521
lora_main	gene_exon_coverage_pearson_log1p	4	20260716	0.146118237492444
worm_lora_interaction	gene_exon_coverage_pearson_log1p	4	20260716	-0.022548171503617043
worm_embedding_main	gene_exon_coverage_pearson_log1p	5	20260714	0.010390684542089107
lora_main	gene_exon_coverage_pearson_log1p	5	20260714	0.129325286881351
worm_lora_interaction	gene_exon_coverage_pearson_log1p	5	20260714	-0.016484202620777155
worm_embedding_main	gene_exon_coverage_pearson_log1p	5	20260715	0.011066711671464696
lora_main	gene_exon_coverage_pearson_log1p	5	20260715	0.13456703461950356
worm_lora_interaction	gene_exon_coverage_pearson_log1p	5	20260715	-0.015616991947550896
worm_embedding_main	gene_exon_coverage_pearson_log1p	5	20260716	0.010501984903039024
lora_main	gene_exon_coverage_pearson_log1p	5	20260716	0.1384896932123388
worm_lora_interaction	gene_exon_coverage_pearson_log1p	5	20260716	-0.018249475238699298
worm_embedding_main	per_track_pearson_128bp_log1p	1	20260714	0.007408492583242721
lora_main	per_track_pearson_128bp_log1p	1	20260714	0.06963391149527853
worm_lora_interaction	per_track_pearson_128bp_log1p	1	20260714	-0.0153767620165981
worm_embedding_main	per_track_pearson_128bp_log1p	1	20260715	0.007605326896210296
lora_main	per_track_pearson_128bp_log1p	1	20260715	0.07375914926444704
worm_lora_interaction	per_track_pearson_128bp_log1p	1	20260715	-0.014250141141630257
worm_embedding_main	per_track_pearson_128bp_log1p	1	20260716	0.007571323505917216
lora_main	per_track_pearson_128bp_log1p	1	20260716	0.0661639651937645
worm_lora_interaction	per_track_pearson_128bp_log1p	1	20260716	-0.014414523001961999
worm_embedding_main	per_track_pearson_128bp_log1p	2	20260714	0.00672748097627357
lora_main	per_track_pearson_128bp_log1p	2	20260714	0.06777548435365982
worm_lora_interaction	per_track_pearson_128bp_log1p	2	20260714	-0.012396142874471106
worm_embedding_main	per_track_pearson_128bp_log1p	2	20260715	0.00810454286340595
lora_main	per_track_pearson_128bp_log1p	2	20260715	0.07442231669035576
worm_lora_interaction	per_track_pearson_128bp_log1p	2	20260715	-0.01003239037764303
worm_embedding_main	per_track_pearson_128bp_log1p	2	20260716	0.007273599829042077
lora_main	per_track_pearson_128bp_log1p	2	20260716	0.07052778186132458
worm_lora_interaction	per_track_pearson_128bp_log1p	2	20260716	-0.011360508006765357
worm_embedding_main	per_track_pearson_128bp_log1p	3	20260714	0.006555195090111654
lora_main	per_track_pearson_128bp_log1p	3	20260714	0.06793133499562515
worm_lora_interaction	per_track_pearson_128bp_log1p	3	20260714	-0.012888057715253809
worm_embedding_main	per_track_pearson_128bp_log1p	3	20260715	0.008814325618464902
lora_main	per_track_pearson_128bp_log1p	3	20260715	0.07356587609955084
worm_lora_interaction	per_track_pearson_128bp_log1p	3	20260715	-0.008103006341050212
worm_embedding_main	per_track_pearson_128bp_log1p	3	20260716	0.008060175983219509
lora_main	per_track_pearson_128bp_log1p	3	20260716	0.07351171291915659
worm_lora_interaction	per_track_pearson_128bp_log1p	3	20260716	-0.010138799480074567
worm_embedding_main	per_track_pearson_128bp_log1p	4	20260714	0.00735473280006449
lora_main	per_track_pearson_128bp_log1p	4	20260714	0.07368931194995243
worm_lora_interaction	per_track_pearson_128bp_log1p	4	20260714	-0.01059395084153869
worm_embedding_main	per_track_pearson_128bp_log1p	4	20260715	0.00913073385861013
lora_main	per_track_pearson_128bp_log1p	4	20260715	0.0696247882496534
worm_lora_interaction	per_track_pearson_128bp_log1p	4	20260715	-0.006925165177297354
worm_embedding_main	per_track_pearson_128bp_log1p	4	20260716	0.008668625855817236
lora_main	per_track_pearson_128bp_log1p	4	20260716	0.07714024673451031
worm_lora_interaction	per_track_pearson_128bp_log1p	4	20260716	-0.008725056219250793
worm_embedding_main	per_track_pearson_128bp_log1p	5	20260714	0.0065295929407057085
lora_main	per_track_pearson_128bp_log1p	5	20260714	0.06070891199856637
worm_lora_interaction	per_track_pearson_128bp_log1p	5	20260714	-0.009537415649918946
worm_embedding_main	per_track_pearson_128bp_log1p	5	20260715	0.006724927874055875
lora_main	per_track_pearson_128bp_log1p	5	20260715	0.06997935680116574
worm_lora_interaction	per_track_pearson_128bp_log1p	5	20260715	-0.009071812774388954
worm_embedding_main	per_track_pearson_128bp_log1p	5	20260716	0.005804037270236095
lora_main	per_track_pearson_128bp_log1p	5	20260716	0.07403163979591482
worm_lora_interaction	per_track_pearson_128bp_log1p	5	20260716	-0.012030392578079696
worm_embedding_main	paper_loss	1	20260714	-0.02879353029182319
lora_main	paper_loss	1	20260714	-0.41128945350646795
worm_lora_interaction	paper_loss	1	20260714	0.05270901645522841
worm_embedding_main	paper_loss	1	20260715	-0.03222435497375997
lora_main	paper_loss	1	20260715	-0.40747987075024383
worm_lora_interaction	paper_loss	1	20260715	0.043938484536596434
worm_embedding_main	paper_loss	1	20260716	-0.030871434384080132
lora_main	paper_loss	1	20260716	-0.399979105914932
worm_lora_interaction	paper_loss	1	20260716	0.04600591544645383
worm_embedding_main	paper_loss	2	20260714	-0.026633906077190517
lora_main	paper_loss	2	20260714	-0.36459415504731396
worm_lora_interaction	paper_loss	2	20260714	0.041617341788416695
worm_embedding_main	paper_loss	2	20260715	-0.03008900780275603
lora_main	paper_loss	2	20260715	-0.35963290570730244
worm_lora_interaction	paper_loss	2	20260715	0.03463606087558091
worm_embedding_main	paper_loss	2	20260716	-0.025679441819706383
lora_main	paper_loss	2	20260716	-0.36228729730629006
worm_lora_interaction	paper_loss	2	20260716	0.04069601771343301
worm_embedding_main	paper_loss	3	20260714	-0.026322387787233836
lora_main	paper_loss	3	20260714	-0.3987299735287575
worm_lora_interaction	paper_loss	3	20260714	0.04061793132001057
worm_embedding_main	paper_loss	3	20260715	-0.031373092927127644
lora_main	paper_loss	3	20260715	-0.39163329802363656
worm_lora_interaction	paper_loss	3	20260715	0.0293483159628245
worm_embedding_main	paper_loss	3	20260716	-0.02689965661749838
lora_main	paper_loss	3	20260716	-0.3986684931329947
worm_lora_interaction	paper_loss	3	20260716	0.03742243870195239
worm_embedding_main	paper_loss	4	20260714	-0.036819541310689985
lora_main	paper_loss	4	20260714	-0.45754530702729035
worm_lora_interaction	paper_loss	4	20260714	0.05688116205744009
worm_embedding_main	paper_loss	4	20260715	-0.042846534625592625
lora_main	paper_loss	4	20260715	-0.44518646346517343
worm_lora_interaction	paper_loss	4	20260715	0.04502048980759099
worm_embedding_main	paper_loss	4	20260716	-0.03843939088913295
lora_main	paper_loss	4	20260716	-0.4698396698538101
worm_lora_interaction	paper_loss	4	20260716	0.054871761655231666
worm_embedding_main	paper_loss	5	20260714	-0.025069314313221014
lora_main	paper_loss	5	20260714	-0.33965771169547665
worm_lora_interaction	paper_loss	5	20260714	0.03791229408907526
worm_embedding_main	paper_loss	5	20260715	-0.025846214179534144
lora_main	paper_loss	5	20260715	-0.36703621910278983
worm_lora_interaction	paper_loss	5	20260715	0.035341498363450796
worm_embedding_main	paper_loss	5	20260716	-0.025829998843642343
lora_main	paper_loss	5	20260716	-0.3729065240147609
worm_lora_interaction	paper_loss	5	20260716	0.0369812379400436
worm_embedding_main	log1p_mse	1	20260714	-0.12093930502971961
lora_main	log1p_mse	1	20260714	-0.7903587717607801
worm_lora_interaction	log1p_mse	1	20260714	0.260550432894604
worm_embedding_main	log1p_mse	1	20260715	-0.1290339231491089
lora_main	log1p_mse	1	20260715	-1.167901885078614
worm_lora_interaction	log1p_mse	1	20260715	0.30572113071579565
worm_embedding_main	log1p_mse	1	20260716	-0.09702232300517077
lora_main	log1p_mse	1	20260716	-0.7723581568304312
worm_lora_interaction	log1p_mse	1	20260716	0.2266002175319617
worm_embedding_main	log1p_mse	2	20260714	-0.09124456543520298
lora_main	log1p_mse	2	20260714	-0.7193137335490032
worm_lora_interaction	log1p_mse	2	20260714	0.19388866999063215
worm_embedding_main	log1p_mse	2	20260715	-0.20025053153555095
lora_main	log1p_mse	2	20260715	-0.9599766925156834
worm_lora_interaction	log1p_mse	2	20260715	0.07731445008013704
worm_embedding_main	log1p_mse	2	20260716	-0.11951862688524195
lora_main	log1p_mse	2	20260716	-0.831139400062791
worm_lora_interaction	log1p_mse	2	20260716	0.14498707328934302
worm_embedding_main	log1p_mse	3	20260714	-0.06636119750608871
lora_main	log1p_mse	3	20260714	-0.6770710169550884
worm_lora_interaction	log1p_mse	3	20260714	0.17095028061464568
worm_embedding_main	log1p_mse	3	20260715	-0.23772025970091315
lora_main	log1p_mse	3	20260715	-1.0745180227670326
worm_lora_interaction	log1p_mse	3	20260715	-0.07219767857746984
worm_embedding_main	log1p_mse	3	20260716	-0.1067989303405028
lora_main	log1p_mse	3	20260716	-1.2206656731754904
worm_lora_interaction	log1p_mse	3	20260716	0.15565381567162184
worm_embedding_main	log1p_mse	4	20260714	-0.08347964861306778
lora_main	log1p_mse	4	20260714	-1.2286212386855162
worm_lora_interaction	log1p_mse	4	20260714	0.13291307242519856
worm_embedding_main	log1p_mse	4	20260715	-0.18765493186123372
lora_main	log1p_mse	4	20260715	-0.928889923785106
worm_lora_interaction	log1p_mse	4	20260715	-0.05887432557990735
worm_embedding_main	log1p_mse	4	20260716	-0.09690173060060947
lora_main	log1p_mse	4	20260716	-1.289904201605234
worm_lora_interaction	log1p_mse	4	20260716	0.16051329043974327
worm_embedding_main	log1p_mse	5	20260714	-0.08407672916550268
lora_main	log1p_mse	5	20260714	-0.0814932110797928
worm_lora_interaction	log1p_mse	5	20260714	0.10718377814235502
worm_embedding_main	log1p_mse	5	20260715	-0.10088783574391558
lora_main	log1p_mse	5	20260715	-0.9207284278180228
worm_lora_interaction	log1p_mse	5	20260715	0.12039844673800193
worm_embedding_main	log1p_mse	5	20260716	-0.013396846960825881
lora_main	log1p_mse	5	20260716	-1.2525057282792516
worm_lora_interaction	log1p_mse	5	20260716	0.3157148921346087
worm_embedding_main	spearman_128bp	1	20260714	0.006423292192499597
lora_main	spearman_128bp	1	20260714	0.05701440485622822
worm_lora_interaction	spearman_128bp	1	20260714	-0.014505274025624626
worm_embedding_main	spearman_128bp	1	20260715	0.006733782762777196
lora_main	spearman_128bp	1	20260715	0.05587417051254734
worm_lora_interaction	spearman_128bp	1	20260715	-0.012562680009661764
worm_embedding_main	spearman_128bp	1	20260716	0.006743712038994876
lora_main	spearman_128bp	1	20260716	0.054279756723129846
worm_lora_interaction	spearman_128bp	1	20260716	-0.013450427731258485
worm_embedding_main	spearman_128bp	2	20260714	0.005877173562849891
lora_main	spearman_128bp	2	20260714	0.052802100586902934
worm_lora_interaction	spearman_128bp	2	20260714	-0.011594351937924241
worm_embedding_main	spearman_128bp	2	20260715	0.005927702744134178
lora_main	spearman_128bp	2	20260715	0.054276360479774965
worm_lora_interaction	spearman_128bp	2	20260715	-0.011185675079876112
worm_embedding_main	spearman_128bp	2	20260716	0.005697327685677156
lora_main	spearman_128bp	2	20260716	0.0537399890175127
worm_lora_interaction	spearman_128bp	2	20260716	-0.011843703683083517
worm_embedding_main	spearman_128bp	3	20260714	0.005917690314059143
lora_main	spearman_128bp	3	20260714	0.05243457569518378
worm_lora_interaction	spearman_128bp	3	20260714	-0.011627233066894616
worm_embedding_main	spearman_128bp	3	20260715	0.006084521048829505
lora_main	spearman_128bp	3	20260715	0.05374034110618564
worm_lora_interaction	spearman_128bp	3	20260715	-0.010474657860209957
worm_embedding_main	spearman_128bp	3	20260716	0.006639114119719958
lora_main	spearman_128bp	3	20260716	0.05301024052744918
worm_lora_interaction	spearman_128bp	3	20260716	-0.01022502850377105
worm_embedding_main	spearman_128bp	4	20260714	0.006180131799446598
lora_main	spearman_128bp	4	20260714	0.051224485650152085
worm_lora_interaction	spearman_128bp	4	20260714	-0.008767070582071823
worm_embedding_main	spearman_128bp	4	20260715	0.006350421731853628
lora_main	spearman_128bp	4	20260715	0.051320596270926555
worm_lora_interaction	spearman_128bp	4	20260715	-0.008445370053058232
worm_embedding_main	spearman_128bp	4	20260716	0.007439761872119088
lora_main	spearman_128bp	4	20260716	0.05432255422654125
worm_lora_interaction	spearman_128bp	4	20260716	-0.006877122391669377
worm_embedding_main	spearman_128bp	5	20260714	0.005371116120292729
lora_main	spearman_128bp	5	20260714	0.05153684163536554
worm_lora_interaction	spearman_128bp	5	20260714	-0.009339502557545343
worm_embedding_main	spearman_128bp	5	20260715	0.006142726968308199
lora_main	spearman_128bp	5	20260715	0.04987480571708158
worm_lora_interaction	spearman_128bp	5	20260715	-0.007586838494705983
worm_embedding_main	spearman_128bp	5	20260716	0.006006879268910803
lora_main	spearman_128bp	5	20260716	0.050245433208908896
worm_lora_interaction	spearman_128bp	5	20260716	-0.008853156434893816
worm_embedding_main	top1_mse_128bp	1	20260714	-60278.275648869574
lora_main	top1_mse_128bp	1	20260714	-3669819.9565488175
worm_lora_interaction	top1_mse_128bp	1	20260714	366643.8252656907
worm_embedding_main	top1_mse_128bp	1	20260715	-203350.01072072983
lora_main	top1_mse_128bp	1	20260715	-2846534.200459674
worm_lora_interaction	top1_mse_128bp	1	20260715	48369.53874832392
worm_embedding_main	top1_mse_128bp	1	20260716	-183594.36568208784
lora_main	top1_mse_128bp	1	20260716	-2365829.6455442533
worm_lora_interaction	top1_mse_128bp	1	20260716	178512.62214301527
worm_embedding_main	top1_mse_128bp	2	20260714	-109752.45743194222
lora_main	top1_mse_128bp	2	20260714	-2195121.3498328477
worm_lora_interaction	top1_mse_128bp	2	20260714	59456.222574085
worm_embedding_main	top1_mse_128bp	2	20260715	-22956.815196715295
lora_main	top1_mse_128bp	2	20260715	-1827335.7148695067
worm_lora_interaction	top1_mse_128bp	2	20260715	210114.96843229234
worm_embedding_main	top1_mse_128bp	2	20260716	-143114.66979504377
lora_main	top1_mse_128bp	2	20260716	-1468446.471372433
worm_lora_interaction	top1_mse_128bp	2	20260716	-16310.088646575809
worm_embedding_main	top1_mse_128bp	3	20260714	-120807.52078264952
lora_main	top1_mse_128bp	3	20260714	-3756679.616430402
worm_lora_interaction	top1_mse_128bp	3	20260714	344291.43772158027
worm_embedding_main	top1_mse_128bp	3	20260715	-224492.74725300074
lora_main	top1_mse_128bp	3	20260715	-3094355.026446864
worm_lora_interaction	top1_mse_128bp	3	20260715	192107.01857289672
worm_embedding_main	top1_mse_128bp	3	20260716	-221273.3199158907
lora_main	top1_mse_128bp	3	20260716	-2522295.6024297923
worm_lora_interaction	top1_mse_128bp	3	20260716	114003.07504370809
worm_embedding_main	top1_mse_128bp	4	20260714	-193567.38113975525
lora_main	top1_mse_128bp	4	20260714	-3681742.0811519623
worm_lora_interaction	top1_mse_128bp	4	20260714	417374.0063858032
worm_embedding_main	top1_mse_128bp	4	20260715	-185350.27527427673
lora_main	top1_mse_128bp	4	20260715	-5046495.926893234
worm_lora_interaction	top1_mse_128bp	4	20260715	631068.3831634521
worm_embedding_main	top1_mse_128bp	4	20260716	-441598.68824863434
lora_main	top1_mse_128bp	4	20260716	-5356345.699103355
worm_lora_interaction	top1_mse_128bp	4	20260716	-60922.82877922058
worm_embedding_main	top1_mse_128bp	5	20260714	-83970.35276015848
lora_main	top1_mse_128bp	5	20260714	-2885680.437541984
worm_lora_interaction	top1_mse_128bp	5	20260714	147102.02558656037
worm_embedding_main	top1_mse_128bp	5	20260715	-89187.49404390901
lora_main	top1_mse_128bp	5	20260715	-3039132.415048741
worm_lora_interaction	top1_mse_128bp	5	20260715	154137.1290910989
worm_embedding_main	top1_mse_128bp	5	20260716	-276650.2465137243
lora_main	top1_mse_128bp	5	20260716	-2136814.0914334655
worm_lora_interaction	top1_mse_128bp	5	20260716	-286925.2039581239
worm_embedding_main	top1_calibration_ratio_128bp	1	20260714	1.2342516908413897e-05
lora_main	top1_calibration_ratio_128bp	1	20260714	0.047184734279444154
worm_lora_interaction	top1_calibration_ratio_128bp	1	20260714	-0.004047115181932917
worm_embedding_main	top1_calibration_ratio_128bp	1	20260715	0.0019732467663447772
lora_main	top1_calibration_ratio_128bp	1	20260715	0.03280100569371363
worm_lora_interaction	top1_calibration_ratio_128bp	1	20260715	0.0005939885274467704
worm_embedding_main	top1_calibration_ratio_128bp	1	20260716	0.0015744585157499505
lora_main	top1_calibration_ratio_128bp	1	20260716	0.029721297838276033
worm_lora_interaction	top1_calibration_ratio_128bp	1	20260716	-0.0016925239684515009
worm_embedding_main	top1_calibration_ratio_128bp	2	20260714	0.0018345821935687179
lora_main	top1_calibration_ratio_128bp	2	20260714	0.043838282118511235
worm_lora_interaction	top1_calibration_ratio_128bp	2	20260714	-0.002236412412292832
worm_embedding_main	top1_calibration_ratio_128bp	2	20260715	-0.0005769230059588723
lora_main	top1_calibration_ratio_128bp	2	20260715	0.03635294597708474
worm_lora_interaction	top1_calibration_ratio_128bp	2	20260715	-0.006252744789972328
worm_embedding_main	top1_calibration_ratio_128bp	2	20260716	0.0022723005812544453
lora_main	top1_calibration_ratio_128bp	2	20260716	0.029061677707404705
worm_lora_interaction	top1_calibration_ratio_128bp	2	20260716	-0.0013728474795379891
worm_embedding_main	top1_calibration_ratio_128bp	3	20260714	0.001796266158421593
lora_main	top1_calibration_ratio_128bp	3	20260714	0.051807854746497246
worm_lora_interaction	top1_calibration_ratio_128bp	3	20260714	-0.004680145917480047
worm_embedding_main	top1_calibration_ratio_128bp	3	20260715	0.0024644817747542375
lora_main	top1_calibration_ratio_128bp	3	20260715	0.04335160272514213
worm_lora_interaction	top1_calibration_ratio_128bp	3	20260715	-0.004409406443524583
worm_embedding_main	top1_calibration_ratio_128bp	3	20260716	0.003011900882127716
lora_main	top1_calibration_ratio_128bp	3	20260716	0.033585281495400215
worm_lora_interaction	top1_calibration_ratio_128bp	3	20260716	-0.001851900689977981
worm_embedding_main	top1_calibration_ratio_128bp	4	20260714	0.0011799171453745413
lora_main	top1_calibration_ratio_128bp	4	20260714	0.02758739592766145
worm_lora_interaction	top1_calibration_ratio_128bp	4	20260714	-0.002741808391379677
worm_embedding_main	top1_calibration_ratio_128bp	4	20260715	0.0007369778340941789
lora_main	top1_calibration_ratio_128bp	4	20260715	0.037096167672864444
worm_lora_interaction	top1_calibration_ratio_128bp	4	20260715	-0.005132148866678003
worm_embedding_main	top1_calibration_ratio_128bp	4	20260716	0.003130788674754463
lora_main	top1_calibration_ratio_128bp	4	20260716	0.03886594705485777
worm_lora_interaction	top1_calibration_ratio_128bp	4	20260716	0.0010990795057015529
worm_embedding_main	top1_calibration_ratio_128bp	5	20260714	0.001126808644161953
lora_main	top1_calibration_ratio_128bp	5	20260714	0.061476495163956826
worm_lora_interaction	top1_calibration_ratio_128bp	5	20260714	-0.0050591931086708675
worm_embedding_main	top1_calibration_ratio_128bp	5	20260715	0.0016222298754738629
lora_main	top1_calibration_ratio_128bp	5	20260715	0.06048624134340523
worm_lora_interaction	top1_calibration_ratio_128bp	5	20260715	-0.004768886095115998
worm_embedding_main	top1_calibration_ratio_128bp	5	20260716	0.0056971305993324395
lora_main	top1_calibration_ratio_128bp	5	20260716	0.038095699773795
worm_lora_interaction	top1_calibration_ratio_128bp	5	20260716	0.005122397454157962
worm_embedding_main	gene_body_mse_log1p_1bp	1	20260714	-0.0020330033028916894
lora_main	gene_body_mse_log1p_1bp	1	20260714	-0.05724555265862169
worm_lora_interaction	gene_body_mse_log1p_1bp	1	20260714	0.00012924186044471764
worm_embedding_main	gene_body_mse_log1p_1bp	1	20260715	-0.0014706339225773468
lora_main	gene_body_mse_log1p_1bp	1	20260715	-0.06482343778863936
worm_lora_interaction	gene_body_mse_log1p_1bp	1	20260715	0.0024885284681261943
worm_embedding_main	gene_body_mse_log1p_1bp	1	20260716	-0.0023736873413020554
lora_main	gene_body_mse_log1p_1bp	1	20260716	-0.05550184701278277
worm_lora_interaction	gene_body_mse_log1p_1bp	1	20260716	0.0004392761947580315
worm_embedding_main	gene_body_mse_log1p_1bp	2	20260714	-0.0018435939276625068
lora_main	gene_body_mse_log1p_1bp	2	20260714	-0.053519679751436094
worm_lora_interaction	gene_body_mse_log1p_1bp	2	20260714	0.0012602973584780464
worm_embedding_main	gene_body_mse_log1p_1bp	2	20260715	-0.0033598588689877085
lora_main	gene_body_mse_log1p_1bp	2	20260715	-0.057577733256900826
worm_lora_interaction	gene_body_mse_log1p_1bp	2	20260715	-0.002656474365174577
worm_embedding_main	gene_body_mse_log1p_1bp	2	20260716	-0.0017520302685786054
lora_main	gene_body_mse_log1p_1bp	2	20260716	-0.05190829214836275
worm_lora_interaction	gene_body_mse_log1p_1bp	2	20260716	0.0012188675458378317
worm_embedding_main	gene_body_mse_log1p_1bp	3	20260714	-0.0016179330441893347
lora_main	gene_body_mse_log1p_1bp	3	20260714	-0.05159259026811025
worm_lora_interaction	gene_body_mse_log1p_1bp	3	20260714	-0.0014878687035898563
worm_embedding_main	gene_body_mse_log1p_1bp	3	20260715	-0.001985514349830214
lora_main	gene_body_mse_log1p_1bp	3	20260715	-0.05547589914447601
worm_lora_interaction	gene_body_mse_log1p_1bp	3	20260715	-0.0084970485610521
worm_embedding_main	gene_body_mse_log1p_1bp	3	20260716	-0.0009795160212331677
lora_main	gene_body_mse_log1p_1bp	3	20260716	-0.05617261097160178
worm_lora_interaction	gene_body_mse_log1p_1bp	3	20260716	-0.0030851274372525883
worm_embedding_main	gene_body_mse_log1p_1bp	4	20260714	-0.0036311879241323897
lora_main	gene_body_mse_log1p_1bp	4	20260714	-0.06600223916507408
worm_lora_interaction	gene_body_mse_log1p_1bp	4	20260714	0.002307672136404537
worm_embedding_main	gene_body_mse_log1p_1bp	4	20260715	-0.0032447634374721535
lora_main	gene_body_mse_log1p_1bp	4	20260715	-0.06037752478187225
worm_lora_interaction	gene_body_mse_log1p_1bp	4	20260715	-0.004827173204238866
worm_embedding_main	gene_body_mse_log1p_1bp	4	20260716	-0.0011546770706023918
lora_main	gene_body_mse_log1p_1bp	4	20260716	-0.0632881466268247
worm_lora_interaction	gene_body_mse_log1p_1bp	4	20260716	0.0039586940829819395
worm_embedding_main	gene_body_mse_log1p_1bp	5	20260714	0.0006709479169649535
lora_main	gene_body_mse_log1p_1bp	5	20260714	-0.014011108212130557
worm_lora_interaction	gene_body_mse_log1p_1bp	5	20260714	-0.0018956840987342516
worm_embedding_main	gene_body_mse_log1p_1bp	5	20260715	0.0012494612800864613
lora_main	gene_body_mse_log1p_1bp	5	20260715	-0.033201327968380934
worm_lora_interaction	gene_body_mse_log1p_1bp	5	20260715	-0.006766897204697808
worm_embedding_main	gene_body_mse_log1p_1bp	5	20260716	0.0029606070358738495
lora_main	gene_body_mse_log1p_1bp	5	20260716	-0.05297954946456161
worm_lora_interaction	gene_body_mse_log1p_1bp	5	20260716	0.0013927688256239468
worm_embedding_main	exon_mse_log1p_1bp	1	20260714	-0.0025996664823501048
lora_main	exon_mse_log1p_1bp	1	20260714	-0.09925008865750973
worm_lora_interaction	exon_mse_log1p_1bp	1	20260714	0.0008002728385387847
worm_embedding_main	exon_mse_log1p_1bp	1	20260715	-0.001580858845629668
lora_main	exon_mse_log1p_1bp	1	20260715	-0.10756642787081391
worm_lora_interaction	exon_mse_log1p_1bp	1	20260715	0.0017304103176946084
worm_embedding_main	exon_mse_log1p_1bp	1	20260716	-0.003433002900458171
lora_main	exon_mse_log1p_1bp	1	20260716	-0.09926649895277262
worm_lora_interaction	exon_mse_log1p_1bp	1	20260716	0.000657819624874656
worm_embedding_main	exon_mse_log1p_1bp	2	20260714	-0.003071818741934962
lora_main	exon_mse_log1p_1bp	2	20260714	-0.09292031247283955
worm_lora_interaction	exon_mse_log1p_1bp	2	20260714	0.0014320569387473725
worm_embedding_main	exon_mse_log1p_1bp	2	20260715	-0.0037856908927964006
lora_main	exon_mse_log1p_1bp	2	20260715	-0.096730588537913
worm_lora_interaction	exon_mse_log1p_1bp	2	20260715	-0.005369845437325771
worm_embedding_main	exon_mse_log1p_1bp	2	20260716	-0.002181050107439103
lora_main	exon_mse_log1p_1bp	2	20260716	-0.09104472869353089
worm_lora_interaction	exon_mse_log1p_1bp	2	20260716	0.0014648687818213935
worm_embedding_main	exon_mse_log1p_1bp	3	20260714	-0.002489161775436205
lora_main	exon_mse_log1p_1bp	3	20260714	-0.0893661603800778
worm_lora_interaction	exon_mse_log1p_1bp	3	20260714	-0.004297126276537888
worm_embedding_main	exon_mse_log1p_1bp	3	20260715	-0.0014903009932950018
lora_main	exon_mse_log1p_1bp	3	20260715	-0.09172574715255077
worm_lora_interaction	exon_mse_log1p_1bp	3	20260715	-0.014582360140639294
worm_embedding_main	exon_mse_log1p_1bp	3	20260716	-0.001151436708064113
lora_main	exon_mse_log1p_1bp	3	20260716	-0.09306324960702
worm_lora_interaction	exon_mse_log1p_1bp	3	20260716	-0.0069352798806882054
worm_embedding_main	exon_mse_log1p_1bp	4	20260714	-0.006529907570907878
lora_main	exon_mse_log1p_1bp	4	20260714	-0.12725066551813102
worm_lora_interaction	exon_mse_log1p_1bp	4	20260714	0.0032080621249421792
worm_embedding_main	exon_mse_log1p_1bp	4	20260715	-0.0053727773641039644
lora_main	exon_mse_log1p_1bp	4	20260715	-0.11536566729975078
worm_lora_interaction	exon_mse_log1p_1bp	4	20260715	-0.008371102727179003
worm_embedding_main	exon_mse_log1p_1bp	4	20260716	-0.0026905239191691854
lora_main	exon_mse_log1p_1bp	4	20260716	-0.12088370269136833
worm_lora_interaction	exon_mse_log1p_1bp	4	20260716	0.004813840203465758
worm_embedding_main	exon_mse_log1p_1bp	5	20260714	0.001965136207240592
lora_main	exon_mse_log1p_1bp	5	20260714	-0.03716914789494097
worm_lora_interaction	exon_mse_log1p_1bp	5	20260714	-0.003365379218879916
worm_embedding_main	exon_mse_log1p_1bp	5	20260715	0.0027213868359531324
lora_main	exon_mse_log1p_1bp	5	20260715	-0.056284585915311935
worm_lora_interaction	exon_mse_log1p_1bp	5	20260715	-0.013135222643399391
worm_embedding_main	exon_mse_log1p_1bp	5	20260716	0.005129028422282356
lora_main	exon_mse_log1p_1bp	5	20260716	-0.09148916556298486
worm_lora_interaction	exon_mse_log1p_1bp	5	20260716	-0.00020814216671971586
worm_embedding_main	local_gradient_mse_log1p_1bp	1	20260714	-2.5377784763295184e-05
lora_main	local_gradient_mse_log1p_1bp	1	20260714	-0.0006820407056388135
worm_lora_interaction	local_gradient_mse_log1p_1bp	1	20260714	2.8248543543602303e-05
worm_embedding_main	local_gradient_mse_log1p_1bp	1	20260715	-2.0682681905352445e-05
lora_main	local_gradient_mse_log1p_1bp	1	20260715	-0.000719507763787656
worm_lora_interaction	local_gradient_mse_log1p_1bp	1	20260715	5.047957097068694e-05
worm_embedding_main	local_gradient_mse_log1p_1bp	1	20260716	-2.4460120983276585e-05
lora_main	local_gradient_mse_log1p_1bp	1	20260716	-0.0006701046029272465
worm_lora_interaction	local_gradient_mse_log1p_1bp	1	20260716	2.1022294615266526e-05
worm_embedding_main	local_gradient_mse_log1p_1bp	2	20260714	-1.0996021345160544e-05
lora_main	local_gradient_mse_log1p_1bp	2	20260714	-0.0006377963620278391
worm_lora_interaction	local_gradient_mse_log1p_1bp	2	20260714	4.3654120763296674e-05
worm_embedding_main	local_gradient_mse_log1p_1bp	2	20260715	-3.234069760458592e-05
lora_main	local_gradient_mse_log1p_1bp	2	20260715	-0.0006817109083170762
worm_lora_interaction	local_gradient_mse_log1p_1bp	2	20260715	3.648814115850491e-05
worm_embedding_main	local_gradient_mse_log1p_1bp	2	20260716	-2.5192996347091472e-05
lora_main	local_gradient_mse_log1p_1bp	2	20260716	-0.0006474284232434978
worm_lora_interaction	local_gradient_mse_log1p_1bp	2	20260716	3.684886465259076e-05
worm_embedding_main	local_gradient_mse_log1p_1bp	3	20260714	-2.3797633790115756e-05
lora_main	local_gradient_mse_log1p_1bp	3	20260714	-0.0006806630513087053
worm_lora_interaction	local_gradient_mse_log1p_1bp	3	20260714	2.41956464861956e-07
worm_embedding_main	local_gradient_mse_log1p_1bp	3	20260715	-2.9801104711323686e-05
lora_main	local_gradient_mse_log1p_1bp	3	20260715	-0.0007344609486989642
worm_lora_interaction	local_gradient_mse_log1p_1bp	3	20260715	-5.5534780511699855e-06
worm_embedding_main	local_gradient_mse_log1p_1bp	3	20260716	-1.1544295970193717e-05
lora_main	local_gradient_mse_log1p_1bp	3	20260716	-0.0007712853295844999
worm_lora_interaction	local_gradient_mse_log1p_1bp	3	20260716	5.629768556306321e-06
worm_embedding_main	local_gradient_mse_log1p_1bp	4	20260714	-2.812492040649606e-05
lora_main	local_gradient_mse_log1p_1bp	4	20260714	-0.0007104667549270307
worm_lora_interaction	local_gradient_mse_log1p_1bp	4	20260714	2.0807161332206565e-06
worm_embedding_main	local_gradient_mse_log1p_1bp	4	20260715	-3.833664560493164e-05
lora_main	local_gradient_mse_log1p_1bp	4	20260715	-0.0007200763738767718
worm_lora_interaction	local_gradient_mse_log1p_1bp	4	20260715	3.1227789827705833e-06
worm_embedding_main	local_gradient_mse_log1p_1bp	4	20260716	-2.222101808282994e-05
lora_main	local_gradient_mse_log1p_1bp	4	20260716	-0.0007682913278426477
worm_lora_interaction	local_gradient_mse_log1p_1bp	4	20260716	2.7946264890679317e-05
worm_embedding_main	local_gradient_mse_log1p_1bp	5	20260714	-1.5268679766451167e-05
lora_main	local_gradient_mse_log1p_1bp	5	20260714	-0.0005313361229028527
worm_lora_interaction	local_gradient_mse_log1p_1bp	5	20260714	-5.027261821755665e-05
worm_embedding_main	local_gradient_mse_log1p_1bp	5	20260715	-8.367407263733598e-06
lora_main	local_gradient_mse_log1p_1bp	5	20260715	-0.000685359634981906
worm_lora_interaction	local_gradient_mse_log1p_1bp	5	20260715	-1.0606890199468637e-05
worm_embedding_main	local_gradient_mse_log1p_1bp	5	20260716	2.709787147052445e-06
lora_main	local_gradient_mse_log1p_1bp	5	20260716	-0.0007303684634060981
worm_lora_interaction	local_gradient_mse_log1p_1bp	5	20260716	1.7855087037213155e-05
