group_id	sample_a	sample_b	pair_type	log1p_1kb_pearson	log1p_gene_body_pearson	total_signal_ratio	zero_fraction_a	zero_fraction_b	zero_fraction_delta	review_flag	review_action
RNA_V2_G0001	SRR2541829	SRR2541830	technical_runs_same_experiment	0.99343965	0.99340459	1.3125762	0.82780881	0.81601054	0.011798267	False	none
RNA_V2_G0001	SRR2541829	SRR2541831	biological_replicate_runs	0.98236268	0.98236427	1.006353	0.82780881	0.82467456	0.0031342458	False	none
RNA_V2_G0001	SRR2541829	SRR2541832	biological_replicate_runs	0.95976071	0.9646729	3.1979497	0.82780881	0.87807932	0.050270519	True	manual_review_no_automatic_exclusion
RNA_V2_G0001	SRR2541829	SRR2541833	biological_replicate_runs	0.96996268	0.97385915	2.124025	0.82780881	0.86401623	0.036207426	True	manual_review_no_automatic_exclusion
RNA_V2_G0001	SRR2541829	SRR2541834	biological_replicate_runs	0.97866987	0.97936724	1.1000669	0.82780881	0.82330032	0.0045084895	False	none
RNA_V2_G0001	SRR2541829	SRR2541835	biological_replicate_runs	0.96579656	0.96900159	2.3556101	0.82780881	0.8639508	0.036141994	True	manual_review_no_automatic_exclusion
RNA_V2_G0001	SRR2541829	SRR2541836	biological_replicate_runs	0.9728176	0.97501741	1.5990455	0.82780881	0.85128783	0.023479025	False	none
RNA_V2_G0001	SRR2541830	SRR2541831	biological_replicate_runs	0.98129452	0.98110324	1.320915	0.81601054	0.82467456	0.0086640213	False	none
RNA_V2_G0001	SRR2541830	SRR2541832	biological_replicate_runs	0.95136242	0.95654556	4.1975528	0.81601054	0.87807932	0.062068786	True	manual_review_no_automatic_exclusion
RNA_V2_G0001	SRR2541830	SRR2541833	biological_replicate_runs	0.96345739	0.967452	2.7879447	0.81601054	0.86401623	0.048005693	True	manual_review_no_automatic_exclusion
RNA_V2_G0001	SRR2541830	SRR2541834	biological_replicate_runs	0.97844481	0.97874498	1.1931786	0.81601054	0.82330032	0.0072897776	False	none
RNA_V2_G0001	SRR2541830	SRR2541835	biological_replicate_runs	0.95960896	0.96329303	3.0919178	0.81601054	0.8639508	0.047940261	True	manual_review_no_automatic_exclusion
RNA_V2_G0001	SRR2541830	SRR2541836	biological_replicate_runs	0.96837214	0.97062838	2.0988691	0.81601054	0.85128783	0.035277292	True	manual_review_no_automatic_exclusion
RNA_V2_G0001	SRR2541831	SRR2541832	technical_runs_same_experiment	0.9727346	0.97415528	3.1777614	0.82467456	0.87807932	0.053404765	True	manual_review_no_automatic_exclusion
RNA_V2_G0001	SRR2541831	SRR2541833	technical_runs_same_experiment	0.98178089	0.98271387	2.1106162	0.82467456	0.86401623	0.039341672	True	manual_review_no_automatic_exclusion
RNA_V2_G0001	SRR2541831	SRR2541834	biological_replicate_runs	0.99071285	0.99156192	1.1070556	0.82467456	0.82330032	0.0013742437	False	none
RNA_V2_G0001	SRR2541831	SRR2541835	biological_replicate_runs	0.97914193	0.98092529	2.3407394	0.82467456	0.8639508	0.03927624	True	manual_review_no_automatic_exclusion
RNA_V2_G0001	SRR2541831	SRR2541836	biological_replicate_runs	0.98510905	0.98646008	1.5889509	0.82467456	0.85128783	0.02661327	False	none
RNA_V2_G0001	SRR2541832	SRR2541833	technical_runs_same_experiment	0.98487025	0.98782492	1.5056083	0.87807932	0.86401623	0.014063093	False	none
RNA_V2_G0001	SRR2541832	SRR2541834	biological_replicate_runs	0.96727339	0.97121847	3.5179586	0.87807932	0.82330032	0.054779009	True	manual_review_no_automatic_exclusion
RNA_V2_G0001	SRR2541832	SRR2541835	biological_replicate_runs	0.98389473	0.98642002	1.3575887	0.87807932	0.8639508	0.014128525	False	none
RNA_V2_G0001	SRR2541832	SRR2541836	biological_replicate_runs	0.97937959	0.9833185	1.9999117	0.87807932	0.85128783	0.026791495	False	none
RNA_V2_G0001	SRR2541833	SRR2541834	biological_replicate_runs	0.97649028	0.97998404	2.3365696	0.86401623	0.82330032	0.040715916	True	manual_review_no_automatic_exclusion
RNA_V2_G0001	SRR2541833	SRR2541835	biological_replicate_runs	0.98366268	0.98774209	1.1090313	0.86401623	0.8639508	6.5431629e-05	False	none
RNA_V2_G0001	SRR2541833	SRR2541836	biological_replicate_runs	0.98625991	0.98921178	1.3283081	0.86401623	0.85128783	0.012728401	False	none
RNA_V2_G0001	SRR2541834	SRR2541835	technical_runs_same_experiment	0.98037249	0.98170873	2.5913287	0.82330032	0.8639508	0.040650484	True	manual_review_no_automatic_exclusion
RNA_V2_G0001	SRR2541834	SRR2541836	technical_runs_same_experiment	0.98676992	0.98754735	1.759057	0.82330032	0.85128783	0.027987514	False	none
RNA_V2_G0001	SRR2541835	SRR2541836	technical_runs_same_experiment	0.98735869	0.98959534	1.4731352	0.8639508	0.85128783	0.01266297	False	none
RNA_V2_G0002	SRR1956664	SRR1956665	technical_runs_same_experiment	0.99387376	0.99258409	1.606743	0.79914099	0.78051506	0.018625924	False	none
RNA_V2_G0002	SRR1956664	SRR1956666	biological_replicate_runs	0.98689534	0.9884227	1.3733651	0.79914099	0.79333915	0.0058018338	False	none
RNA_V2_G0002	SRR1956664	SRR1956667	biological_replicate_runs	0.98287013	0.98463455	2.1690815	0.79914099	0.77581771	0.023323279	True	manual_review_no_automatic_exclusion
RNA_V2_G0002	SRR1956664	SRR1956668	biological_replicate_runs	0.97777938	0.97633685	3.6710486	0.79914099	0.74014212	0.058998865	True	manual_review_no_automatic_exclusion
RNA_V2_G0002	SRR1956664	SRR1956669	biological_replicate_runs	0.97890572	0.9782517	3.0701212	0.79914099	0.7534603	0.045680681	True	manual_review_no_automatic_exclusion
RNA_V2_G0002	SRR1956665	SRR1956666	biological_replicate_runs	0.98877391	0.98959879	1.1699315	0.78051506	0.79333915	0.012824091	False	none
RNA_V2_G0002	SRR1956665	SRR1956667	biological_replicate_runs	0.98848788	0.98918321	1.3499866	0.78051506	0.77581771	0.0046973547	False	none
RNA_V2_G0002	SRR1956665	SRR1956668	biological_replicate_runs	0.98678103	0.98459901	2.2847765	0.78051506	0.74014212	0.040372941	True	manual_review_no_automatic_exclusion
RNA_V2_G0002	SRR1956665	SRR1956669	biological_replicate_runs	0.98639266	0.98462748	1.910773	0.78051506	0.7534603	0.027054757	False	none
RNA_V2_G0002	SRR1956666	SRR1956667	technical_runs_same_experiment	0.99486368	0.99319107	1.5793918	0.79333915	0.77581771	0.017521445	False	none
RNA_V2_G0002	SRR1956666	SRR1956668	biological_replicate_runs	0.98354695	0.98246005	2.6730318	0.79333915	0.74014212	0.053197031	True	manual_review_no_automatic_exclusion
RNA_V2_G0002	SRR1956666	SRR1956669	biological_replicate_runs	0.98435957	0.98430659	2.2354734	0.79333915	0.7534603	0.039878847	True	manual_review_no_automatic_exclusion
RNA_V2_G0002	SRR1956667	SRR1956668	biological_replicate_runs	0.98919059	0.98757031	1.6924438	0.77581771	0.74014212	0.035675586	False	none
RNA_V2_G0002	SRR1956667	SRR1956669	biological_replicate_runs	0.98859469	0.98796519	1.4154015	0.77581771	0.7534603	0.022357402	False	none
RNA_V2_G0002	SRR1956668	SRR1956669	biological_replicate_runs	0.99311746	0.98873099	1.1957341	0.74014212	0.7534603	0.013318184	False	none
RNA_V2_G0003	SRR1956670	SRR1956671	biological_replicate_runs	0.9735378	0.97327934	1.3566431	0.76963609	0.79138169	0.0217456	False	none
RNA_V2_G0003	SRR1956670	SRR1956672	biological_replicate_runs	0.96573314	0.96554571	2.0225633	0.76963609	0.7608442	0.0087918927	True	manual_review_no_automatic_exclusion
RNA_V2_G0003	SRR1956670	SRR1956673	biological_replicate_runs	0.9681594	0.96947097	1.3360106	0.76963609	0.82296538	0.053329291	False	none
RNA_V2_G0003	SRR1956670	SRR1956674	biological_replicate_runs	0.95996461	0.96066835	1.996061	0.76963609	0.83339905	0.063762958	False	none
RNA_V2_G0003	SRR1956671	SRR1956672	biological_replicate_runs	0.98341131	0.98292474	2.7438965	0.79138169	0.7608442	0.030537493	True	manual_review_no_automatic_exclusion
RNA_V2_G0003	SRR1956671	SRR1956673	biological_replicate_runs	0.97668872	0.97870769	1.0154434	0.79138169	0.82296538	0.031583691	False	none
RNA_V2_G0003	SRR1956671	SRR1956674	biological_replicate_runs	0.97043525	0.97203951	1.4713236	0.79138169	0.83339905	0.042017358	False	none
RNA_V2_G0003	SRR1956672	SRR1956673	biological_replicate_runs	0.96665302	0.96673278	2.702166	0.7608442	0.82296538	0.062121183	True	manual_review_no_automatic_exclusion
RNA_V2_G0003	SRR1956672	SRR1956674	biological_replicate_runs	0.95325224	0.95343423	4.0371597	0.7608442	0.83339905	0.07255485	True	manual_review_no_automatic_exclusion
RNA_V2_G0003	SRR1956673	SRR1956674	technical_runs_same_experiment	0.99286028	0.99214354	1.4940458	0.82296538	0.83339905	0.010433667	False	none
RNA_V2_G0004	SRR1956641	SRR1956642	technical_runs_same_experiment	0.99027905	0.98911751	1.1420379	0.8370735	0.83625109	0.00082240806	False	none
RNA_V2_G0004	SRR1956641	SRR1956643	technical_runs_same_experiment	0.99115335	0.99017374	1.1167226	0.8370735	0.82860134	0.0084721543	False	none
RNA_V2_G0004	SRR1956641	SRR1956644	biological_replicate_runs	0.9890846	0.98830833	1.1866791	0.8370735	0.81966	0.0174135	False	none
RNA_V2_G0004	SRR1956641	SRR1956645	biological_replicate_runs	0.98693374	0.98777298	1.6332994	0.8370735	0.81520281	0.021870689	False	none
RNA_V2_G0004	SRR1956641	SRR1956646	biological_replicate_runs	0.97495551	0.97716674	1.877568	0.8370735	0.82347297	0.013600534	False	none
RNA_V2_G0004	SRR1956641	SRR1956647	biological_replicate_runs	0.97583765	0.97843993	1.4623647	0.8370735	0.83558272	0.001490776	False	none
RNA_V2_G0004	SRR1956641	SRR1956659	biological_replicate_runs	0.96688822	0.9691034	2.9011286	0.8370735	0.79255671	0.044516784	True	manual_review_no_automatic_exclusion
RNA_V2_G0004	SRR1956641	SRR1956660	biological_replicate_runs	0.957702	0.96009915	2.3358971	0.8370735	0.801455	0.035618501	True	manual_review_no_automatic_exclusion
RNA_V2_G0004	SRR1956641	SRR1956661	biological_replicate_runs	0.95083804	0.95277302	3.7368836	0.8370735	0.78363733	0.053436169	True	manual_review_no_automatic_exclusion
RNA_V2_G0004	SRR1956641	SRR1956662	biological_replicate_runs	0.9344486	0.93733767	8.64821	0.8370735	0.75324224	0.08383126	True	manual_review_no_automatic_exclusion
RNA_V2_G0004	SRR1956641	SRR1956663	biological_replicate_runs	0.9570698	0.96467612	5.523506	0.8370735	0.79796879	0.039104708	True	manual_review_no_automatic_exclusion
RNA_V2_G0004	SRR1956642	SRR1956643	technical_runs_same_experiment	0.9892978	0.98812311	1.2753396	0.83625109	0.82860134	0.0076497463	False	none
RNA_V2_G0004	SRR1956642	SRR1956644	biological_replicate_runs	0.98758227	0.98679256	1.3552326	0.83625109	0.81966	0.016591092	False	none
RNA_V2_G0004	SRR1956642	SRR1956645	biological_replicate_runs	0.98463293	0.9853619	1.8652898	0.83625109	0.81520281	0.021048281	False	none
RNA_V2_G0004	SRR1956642	SRR1956646	biological_replicate_runs	0.97214308	0.97463909	2.1442539	0.83625109	0.82347297	0.012778126	True	manual_review_no_automatic_exclusion
RNA_V2_G0004	SRR1956642	SRR1956647	biological_replicate_runs	0.97352028	0.97600419	1.6700759	0.83625109	0.83558272	0.00066836798	False	none
RNA_V2_G0004	SRR1956642	SRR1956659	biological_replicate_runs	0.96438388	0.96658666	3.3131989	0.83625109	0.79255671	0.043694376	True	manual_review_no_automatic_exclusion
RNA_V2_G0004	SRR1956642	SRR1956660	biological_replicate_runs	0.9553012	0.95777724	2.6676831	0.83625109	0.801455	0.034796093	True	manual_review_no_automatic_exclusion
RNA_V2_G0004	SRR1956642	SRR1956661	biological_replicate_runs	0.94723933	0.94943339	4.2676628	0.83625109	0.78363733	0.052613761	True	manual_review_no_automatic_exclusion
RNA_V2_G0004	SRR1956642	SRR1956662	biological_replicate_runs	0.93045819	0.93327524	9.8765839	0.83625109	0.75324224	0.083008852	True	manual_review_no_automatic_exclusion
RNA_V2_G0004	SRR1956642	SRR1956663	biological_replicate_runs	0.95242812	0.96030231	6.3080534	0.83625109	0.79796879	0.0382823	True	manual_review_no_automatic_exclusion
RNA_V2_G0004	SRR1956643	SRR1956644	biological_replicate_runs	0.98826014	0.98791593	1.0626445	0.82860134	0.81966	0.0089413453	False	none
RNA_V2_G0004	SRR1956643	SRR1956645	biological_replicate_runs	0.98648267	0.98803936	1.4625828	0.82860134	0.81520281	0.013398535	False	none
RNA_V2_G0004	SRR1956643	SRR1956646	biological_replicate_runs	0.97478753	0.97734745	1.6813199	0.82860134	0.82347297	0.0051283797	False	none
RNA_V2_G0004	SRR1956643	SRR1956647	biological_replicate_runs	0.97555236	0.97875839	1.3095146	0.82860134	0.83558272	0.0069813783	False	none
RNA_V2_G0004	SRR1956643	SRR1956659	biological_replicate_runs	0.9664105	0.97001227	2.5978954	0.82860134	0.79255671	0.03604463	True	manual_review_no_automatic_exclusion
RNA_V2_G0004	SRR1956643	SRR1956660	biological_replicate_runs	0.95741609	0.96103892	2.0917433	0.82860134	0.801455	0.027146347	True	manual_review_no_automatic_exclusion
RNA_V2_G0004	SRR1956643	SRR1956661	biological_replicate_runs	0.95092429	0.95417123	3.3462952	0.82860134	0.78363733	0.044964015	True	manual_review_no_automatic_exclusion
RNA_V2_G0004	SRR1956643	SRR1956662	biological_replicate_runs	0.93462743	0.93910639	7.7442775	0.82860134	0.75324224	0.075359106	True	manual_review_no_automatic_exclusion
RNA_V2_G0004	SRR1956643	SRR1956663	biological_replicate_runs	0.95632637	0.96552793	4.9461754	0.82860134	0.79796879	0.030632554	True	manual_review_no_automatic_exclusion
RNA_V2_G0004	SRR1956644	SRR1956645	technical_runs_same_experiment	0.99101154	0.98974247	1.3763614	0.81966	0.81520281	0.0044571894	False	none
RNA_V2_G0004	SRR1956644	SRR1956646	biological_replicate_runs	0.9747469	0.97625467	1.5822036	0.81966	0.82347297	0.0038129656	False	none
RNA_V2_G0004	SRR1956644	SRR1956647	biological_replicate_runs	0.9744578	0.97657574	1.2323168	0.81966	0.83558272	0.015922724	False	none
RNA_V2_G0004	SRR1956644	SRR1956659	biological_replicate_runs	0.97102802	0.97125792	2.4447456	0.81966	0.79255671	0.027103285	True	manual_review_no_automatic_exclusion
RNA_V2_G0004	SRR1956644	SRR1956660	biological_replicate_runs	0.95631265	0.9590398	1.9684319	0.81966	0.801455	0.018205002	False	none
RNA_V2_G0004	SRR1956644	SRR1956661	biological_replicate_runs	0.9515564	0.95323766	3.1490261	0.81966	0.78363733	0.03602267	True	manual_review_no_automatic_exclusion
RNA_V2_G0004	SRR1956644	SRR1956662	biological_replicate_runs	0.94002802	0.94105344	7.2877408	0.81966	0.75324224	0.066417761	True	manual_review_no_automatic_exclusion
RNA_V2_G0004	SRR1956644	SRR1956663	biological_replicate_runs	0.9625788	0.9665918	4.654591	0.81966	0.79796879	0.021691208	True	manual_review_no_automatic_exclusion
RNA_V2_G0004	SRR1956645	SRR1956646	biological_replicate_runs	0.97672899	0.97906313	1.1495554	0.81520281	0.82347297	0.008270155	False	none
RNA_V2_G0004	SRR1956645	SRR1956647	biological_replicate_runs	0.97442589	0.97773998	1.1168892	0.81520281	0.83558272	0.020379913	False	none
RNA_V2_G0004	SRR1956645	SRR1956659	biological_replicate_runs	0.97769382	0.97875527	1.7762382	0.81520281	0.79255671	0.022646095	False	none
RNA_V2_G0004	SRR1956645	SRR1956660	biological_replicate_runs	0.9620804	0.96629992	1.4301708	0.81520281	0.801455	0.013747813	False	none
RNA_V2_G0004	SRR1956645	SRR1956661	biological_replicate_runs	0.96025651	0.96326711	2.2879355	0.81520281	0.78363733	0.03156548	True	manual_review_no_automatic_exclusion
RNA_V2_G0004	SRR1956645	SRR1956662	biological_replicate_runs	0.95343605	0.95506156	5.2949326	0.81520281	0.75324224	0.061960571	True	manual_review_no_automatic_exclusion
RNA_V2_G0004	SRR1956645	SRR1956663	biological_replicate_runs	0.97061869	0.97432363	3.3818087	0.81520281	0.79796879	0.017234019	True	manual_review_no_automatic_exclusion
RNA_V2_G0004	SRR1956646	SRR1956647	technical_runs_same_experiment	0.99305739	0.99292944	1.283926	0.82347297	0.83558272	0.012109758	False	none
RNA_V2_G0004	SRR1956646	SRR1956659	biological_replicate_runs	0.95859428	0.96178868	1.5451523	0.82347297	0.79255671	0.03091625	False	none
RNA_V2_G0004	SRR1956646	SRR1956660	biological_replicate_runs	0.97011343	0.97114879	1.2441078	0.82347297	0.801455	0.022017967	False	none
RNA_V2_G0004	SRR1956646	SRR1956661	biological_replicate_runs	0.96684406	0.96727166	1.9902787	0.82347297	0.78363733	0.039835635	False	none
RNA_V2_G0004	SRR1956646	SRR1956662	biological_replicate_runs	0.96008094	0.95943654	4.6060701	0.82347297	0.75324224	0.070230726	True	manual_review_no_automatic_exclusion
RNA_V2_G0004	SRR1956646	SRR1956663	biological_replicate_runs	0.95746723	0.96409661	2.9418407	0.82347297	0.79796879	0.025504174	True	manual_review_no_automatic_exclusion
RNA_V2_G0004	SRR1956647	SRR1956659	biological_replicate_runs	0.95373314	0.95776822	1.9838613	0.83558272	0.79255671	0.043026008	False	none
RNA_V2_G0004	SRR1956647	SRR1956660	biological_replicate_runs	0.9663566	0.96806553	1.5973424	0.83558272	0.801455	0.034127725	False	none
RNA_V2_G0004	SRR1956647	SRR1956661	biological_replicate_runs	0.96087695	0.96175116	2.5553706	0.83558272	0.78363733	0.051945393	True	manual_review_no_automatic_exclusion
RNA_V2_G0004	SRR1956647	SRR1956662	biological_replicate_runs	0.95062259	0.95038563	5.9138533	0.83558272	0.75324224	0.082340484	True	manual_review_no_automatic_exclusion
RNA_V2_G0004	SRR1956647	SRR1956663	biological_replicate_runs	0.95144846	0.95927611	3.7771058	0.83558272	0.79796879	0.037613932	True	manual_review_no_automatic_exclusion
RNA_V2_G0004	SRR1956659	SRR1956660	biological_replicate_runs	0.97142899	0.97496917	1.2419762	0.79255671	0.801455	0.0088982827	False	none
RNA_V2_G0004	SRR1956659	SRR1956661	biological_replicate_runs	0.97318954	0.97541162	1.2880793	0.79255671	0.78363733	0.0089193851	False	none
RNA_V2_G0004	SRR1956659	SRR1956662	biological_replicate_runs	0.96629247	0.96696651	2.9809812	0.79255671	0.75324224	0.039314476	True	manual_review_no_automatic_exclusion
RNA_V2_G0004	SRR1956659	SRR1956663	biological_replicate_runs	0.98036196	0.98223744	1.9039163	0.79255671	0.79796879	0.0054120763	False	none
RNA_V2_G0004	SRR1956660	SRR1956661	technical_runs_same_experiment	0.99382194	0.99249816	1.5997638	0.801455	0.78363733	0.017817668	False	none
RNA_V2_G0004	SRR1956660	SRR1956662	biological_replicate_runs	0.97564849	0.97665951	3.7023078	0.801455	0.75324224	0.048212759	True	manual_review_no_automatic_exclusion
RNA_V2_G0004	SRR1956660	SRR1956663	biological_replicate_runs	0.96451809	0.9700871	2.3646188	0.801455	0.79796879	0.0034862064	True	manual_review_no_automatic_exclusion
RNA_V2_G0004	SRR1956661	SRR1956662	biological_replicate_runs	0.98431111	0.98421974	2.314284	0.78363733	0.75324224	0.030395091	True	manual_review_no_automatic_exclusion
RNA_V2_G0004	SRR1956661	SRR1956663	biological_replicate_runs	0.96965068	0.97294163	1.4781049	0.78363733	0.79796879	0.014331461	False	none
RNA_V2_G0004	SRR1956662	SRR1956663	biological_replicate_runs	0.96948893	0.96935567	1.5657103	0.75324224	0.79796879	0.044726552	False	none
RNA_V2_G0005	SRR1956694	SRR1956695	biological_replicate_runs	0.96942953	0.97025062	3.1749154	0.7413553	0.79582662	0.054471317	True	manual_review_no_automatic_exclusion
RNA_V2_G0005	SRR1956694	SRR1956696	biological_replicate_runs	0.95327865	0.95569117	3.1808078	0.7413553	0.80382715	0.062471847	True	manual_review_no_automatic_exclusion
RNA_V2_G0005	SRR1956694	SRR1956697	biological_replicate_runs	0.94698894	0.95434276	3.4332076	0.7413553	0.8138763	0.072520993	True	manual_review_no_automatic_exclusion
RNA_V2_G0005	SRR1956695	SRR1956696	biological_replicate_runs	0.98211964	0.98155444	1.0018559	0.79582662	0.80382715	0.00800053	False	none
RNA_V2_G0005	SRR1956695	SRR1956697	biological_replicate_runs	0.97946928	0.98152443	1.081354	0.79582662	0.8138763	0.018049675	False	none
RNA_V2_G0005	SRR1956696	SRR1956697	biological_replicate_runs	0.97418949	0.9775538	1.0793508	0.80382715	0.8138763	0.010049145	False	none
RNA_V2_G0006	SRR1956698	SRR1956699	biological_replicate_runs	0.97254238	0.97357823	2.8336554	0.75117092	0.80350027	0.052329357	True	manual_review_no_automatic_exclusion
RNA_V2_G0006	SRR1956698	SRR1956700	biological_replicate_runs	0.96750775	0.96723422	3.0318303	0.75117092	0.8069155	0.055744586	True	manual_review_no_automatic_exclusion
RNA_V2_G0006	SRR1956698	SRR1956701	biological_replicate_runs	0.94360512	0.94615225	4.0692768	0.75117092	0.82831739	0.077146473	True	manual_review_no_automatic_exclusion
RNA_V2_G0006	SRR1956699	SRR1956700	biological_replicate_runs	0.98842579	0.98717908	1.0699361	0.80350027	0.8069155	0.0034152298	False	none
RNA_V2_G0006	SRR1956699	SRR1956701	biological_replicate_runs	0.97439715	0.97481668	1.4360521	0.80350027	0.82831739	0.024817117	False	none
RNA_V2_G0006	SRR1956700	SRR1956701	biological_replicate_runs	0.9817189	0.9818273	1.3421849	0.8069155	0.82831739	0.021401887	False	none
RNA_V2_G0007	SRR4069206	SRR4069207	biological_replicate_runs	0.99480824	0.99175964	1.185622	0.72795786	0.71444666	0.013511198	False	none
RNA_V2_G0007	SRR4069206	SRR4069208	biological_replicate_runs	0.98952907	0.98695806	1.0318304	0.72795786	0.71331686	0.014640998	False	none
RNA_V2_G0007	SRR4069206	SRR4069209	biological_replicate_runs	0.97521322	0.97062935	1.7092802	0.72795786	0.65443922	0.073518633	False	none
RNA_V2_G0007	SRR4069206	SRR4069210	biological_replicate_runs	0.9701533	0.96622705	1.8501237	0.72795786	0.64300631	0.084951546	False	none
RNA_V2_G0007	SRR4069206	SRR4069211	biological_replicate_runs	0.96147895	0.96001854	1.1070873	0.72795786	0.67874403	0.04921383	False	none
RNA_V2_G0007	SRR4069207	SRR4069208	biological_replicate_runs	0.98916256	0.98625346	1.1490473	0.71444666	0.71331686	0.0011298001	False	none
RNA_V2_G0007	SRR4069207	SRR4069209	biological_replicate_runs	0.97190986	0.9672425	1.4416739	0.71444666	0.65443922	0.060007436	False	none
RNA_V2_G0007	SRR4069207	SRR4069210	biological_replicate_runs	0.97065742	0.96579301	1.5604668	0.71444666	0.64300631	0.071440349	False	none
RNA_V2_G0007	SRR4069207	SRR4069211	biological_replicate_runs	0.95640724	0.95468423	1.0709381	0.71444666	0.67874403	0.035702632	False	none
RNA_V2_G0007	SRR4069208	SRR4069209	biological_replicate_runs	0.96874059	0.96430896	1.6565515	0.71331686	0.65443922	0.058877635	False	none
RNA_V2_G0007	SRR4069208	SRR4069210	biological_replicate_runs	0.95975711	0.95609107	1.7930502	0.71331686	0.64300631	0.070310549	False	none
RNA_V2_G0007	SRR4069208	SRR4069211	biological_replicate_runs	0.96981717	0.96639791	1.0729354	0.71331686	0.67874403	0.034572832	False	none
RNA_V2_G0007	SRR4069209	SRR4069210	biological_replicate_runs	0.99164545	0.98500755	1.0823993	0.65443922	0.64300631	0.011432913	False	none
RNA_V2_G0007	SRR4069209	SRR4069211	biological_replicate_runs	0.98203503	0.97592378	1.5439435	0.65443922	0.67874403	0.024304803	False	none
RNA_V2_G0007	SRR4069210	SRR4069211	biological_replicate_runs	0.9690783	0.96461962	1.6711634	0.64300631	0.67874403	0.035737716	False	none
RNA_V2_G0008	SRR3535753	SRR3535754	biological_replicate_runs	0.99417737	0.99144132	1.1404005	0.72395046	0.71036838	0.013582084	False	none
RNA_V2_G0008	SRR3535753	SRR3535755	biological_replicate_runs	0.98646633	0.98423842	1.193232	0.72395046	0.72957331	0.0056228517	False	none
RNA_V2_G0008	SRR3535753	SRR3535756	biological_replicate_runs	0.96718848	0.96660219	1.0382432	0.72395046	0.70684006	0.017110396	False	none
RNA_V2_G0008	SRR3535753	SRR3535757	biological_replicate_runs	0.96374512	0.96100228	1.3117818	0.72395046	0.66288657	0.061063886	False	none
RNA_V2_G0008	SRR3535753	SRR3535758	biological_replicate_runs	0.95756126	0.95634798	1.0355895	0.72395046	0.69136251	0.032587953	False	none
RNA_V2_G0008	SRR3535754	SRR3535755	biological_replicate_runs	0.97734192	0.97583017	1.3607624	0.71036838	0.72957331	0.019204936	False	none
RNA_V2_G0008	SRR3535754	SRR3535756	biological_replicate_runs	0.96259908	0.96222847	1.1840131	0.71036838	0.70684006	0.0035283116	False	none
RNA_V2_G0008	SRR3535754	SRR3535757	biological_replicate_runs	0.96806361	0.96491454	1.1502817	0.71036838	0.66288657	0.047481801	False	none
RNA_V2_G0008	SRR3535754	SRR3535758	biological_replicate_runs	0.94720648	0.94726144	1.1809868	0.71036838	0.69136251	0.019005869	False	none
RNA_V2_G0008	SRR3535755	SRR3535756	biological_replicate_runs	0.96080665	0.96033789	1.1492798	0.72957331	0.70684006	0.022733248	False	none
RNA_V2_G0008	SRR3535755	SRR3535757	biological_replicate_runs	0.94857129	0.94764645	1.5652601	0.72957331	0.66288657	0.066686737	False	none
RNA_V2_G0008	SRR3535755	SRR3535758	biological_replicate_runs	0.97279122	0.96827279	1.1522249	0.72957331	0.69136251	0.038210805	False	none
RNA_V2_G0008	SRR3535756	SRR3535757	biological_replicate_runs	0.98613643	0.98227122	1.3619486	0.70684006	0.66288657	0.04395349	False	none
RNA_V2_G0008	SRR3535756	SRR3535758	biological_replicate_runs	0.97776695	0.97324509	1.0025625	0.70684006	0.69136251	0.015477557	False	none
RNA_V2_G0008	SRR3535757	SRR3535758	biological_replicate_runs	0.96289276	0.96017947	1.3584675	0.66288657	0.69136251	0.028475933	False	none
RNA_V2_G0009	SRR4069200	SRR4069201	biological_replicate_runs	0.99619679	0.99133798	1.1390608	0.67245802	0.68422537	0.011767351	False	none
RNA_V2_G0009	SRR4069200	SRR4069202	biological_replicate_runs	0.99177487	0.98806865	1.1489944	0.67245802	0.67467568	0.0022176545	False	none
RNA_V2_G0009	SRR4069200	SRR4069203	biological_replicate_runs	0.97473044	0.96849317	1.1785117	0.67245802	0.65055078	0.021907239	False	none
RNA_V2_G0009	SRR4069200	SRR4069204	biological_replicate_runs	0.97655578	0.9696223	1.2332002	0.67245802	0.60911213	0.063345895	False	none
RNA_V2_G0009	SRR4069200	SRR4069205	biological_replicate_runs	0.9703421	0.96477844	1.2039772	0.67245802	0.59770438	0.074753646	False	none
RNA_V2_G0009	SRR4069201	SRR4069202	biological_replicate_runs	0.99500881	0.99063559	1.0087208	0.68422537	0.67467568	0.0095496969	False	none
RNA_V2_G0009	SRR4069201	SRR4069203	biological_replicate_runs	0.9746964	0.96757772	1.0346345	0.68422537	0.65055078	0.033674591	False	none
RNA_V2_G0009	SRR4069201	SRR4069204	biological_replicate_runs	0.97565752	0.96778685	1.40469	0.68422537	0.60911213	0.075113246	False	none
RNA_V2_G0009	SRR4069201	SRR4069205	biological_replicate_runs	0.97434132	0.96691049	1.3714032	0.68422537	0.59770438	0.086520998	False	none
RNA_V2_G0009	SRR4069202	SRR4069203	biological_replicate_runs	0.96821242	0.96207426	1.0256897	0.67467568	0.65055078	0.024124894	False	none
RNA_V2_G0009	SRR4069202	SRR4069204	biological_replicate_runs	0.96814253	0.96180472	1.4169401	0.67467568	0.60911213	0.065563549	False	none
RNA_V2_G0009	SRR4069202	SRR4069205	biological_replicate_runs	0.97594483	0.96850655	1.383363	0.67467568	0.59770438	0.076971301	False	none
RNA_V2_G0009	SRR4069203	SRR4069204	biological_replicate_runs	0.99394967	0.98631998	1.4533408	0.65055078	0.60911213	0.041438655	False	none
RNA_V2_G0009	SRR4069203	SRR4069205	biological_replicate_runs	0.98651651	0.97925423	1.4189012	0.65055078	0.59770438	0.052846407	False	none
RNA_V2_G0009	SRR4069204	SRR4069205	biological_replicate_runs	0.98589077	0.97921498	1.0242721	0.60911213	0.59770438	0.011407752	False	none
RNA_V2_G0010	SRR3535790	SRR3535791	biological_replicate_runs	0.91568769	0.90499055	5.0027629	0.66298675	0.84864622	0.18565947	True	manual_review_no_automatic_exclusion
RNA_V2_G0010	SRR3535790	SRR3535792	biological_replicate_runs	0.96066472	0.94811218	1.2707385	0.66298675	0.75987973	0.096892983	False	none
RNA_V2_G0010	SRR3535790	SRR3535793	biological_replicate_runs	0.79739925	0.84778751	1.138778	0.66298675	0.87961625	0.2166295	True	manual_review_no_automatic_exclusion
RNA_V2_G0010	SRR3535791	SRR3535792	technical_runs_same_experiment	0.96292863	0.95266702	3.936894	0.84864622	0.75987973	0.088766486	True	manual_review_no_automatic_exclusion
RNA_V2_G0010	SRR3535791	SRR3535793	biological_replicate_runs	0.80560565	0.84912451	4.3930975	0.84864622	0.87961625	0.030970034	True	manual_review_no_automatic_exclusion
RNA_V2_G0010	SRR3535792	SRR3535793	biological_replicate_runs	0.8022218	0.85434293	1.115879	0.75987973	0.87961625	0.11973652	False	none
RNA_V2_G0011	SRR3535780	SRR3535781	biological_replicate_runs	0.84135897	0.87895529	1.7999489	0.82081198	0.87474869	0.053936715	False	none
RNA_V2_G0011	SRR3535780	SRR3535782	biological_replicate_runs	0.8309528	0.86932821	2.2682695	0.82081198	0.8314645	0.01065252	True	manual_review_no_automatic_exclusion
RNA_V2_G0011	SRR3535780	SRR3535783	biological_replicate_runs	0.91345663	0.91954071	1.78149	0.82081198	0.77777463	0.043037347	False	none
RNA_V2_G0011	SRR3535780	SRR3535784	biological_replicate_runs	0.90601551	0.91014696	1.0124716	0.82081198	0.74222221	0.078589769	False	none
RNA_V2_G0011	SRR3535781	SRR3535782	technical_runs_same_experiment	0.97063071	0.9666635	4.0827693	0.87474869	0.8314645	0.043284194	True	manual_review_no_automatic_exclusion
RNA_V2_G0011	SRR3535781	SRR3535783	biological_replicate_runs	0.88004568	0.90432869	1.0103615	0.87474869	0.77777463	0.096974062	False	none
RNA_V2_G0011	SRR3535781	SRR3535784	biological_replicate_runs	0.86325121	0.88709927	1.7777772	0.87474869	0.74222221	0.13252648	False	none
RNA_V2_G0011	SRR3535782	SRR3535783	biological_replicate_runs	0.87165354	0.89307523	4.0408995	0.8314645	0.77777463	0.053689868	True	manual_review_no_automatic_exclusion
RNA_V2_G0011	SRR3535782	SRR3535784	biological_replicate_runs	0.87114974	0.89297243	2.2965584	0.8314645	0.74222221	0.089242289	True	manual_review_no_automatic_exclusion
RNA_V2_G0011	SRR3535783	SRR3535784	technical_runs_same_experiment	0.98707533	0.97535983	1.7595457	0.77777463	0.74222221	0.035552422	False	none
RNA_V2_G0012	SRR3535785	SRR3535786	technical_runs_same_experiment	0.92352466	0.92919354	1.0564671	0.78214946	0.69031587	0.091833585	False	none
RNA_V2_G0012	SRR3535785	SRR3535787	biological_replicate_runs	0.93676398	0.93747291	3.4202482	0.78214946	0.8153037	0.033154239	True	manual_review_no_automatic_exclusion
RNA_V2_G0012	SRR3535785	SRR3535788	biological_replicate_runs	0.87125221	0.87626653	11.436036	0.78214946	0.88825224	0.10610279	True	manual_review_no_automatic_exclusion
RNA_V2_G0012	SRR3535785	SRR3535789	biological_replicate_runs	0.92096998	0.92056848	1.1325845	0.78214946	0.65657197	0.12557749	False	none
RNA_V2_G0012	SRR3535786	SRR3535787	biological_replicate_runs	0.9476625	0.93439176	3.2374395	0.69031587	0.8153037	0.12498782	True	manual_review_no_automatic_exclusion
RNA_V2_G0012	SRR3535786	SRR3535788	biological_replicate_runs	0.89168518	0.87213266	10.824792	0.69031587	0.88825224	0.19793637	True	manual_review_no_automatic_exclusion
RNA_V2_G0012	SRR3535786	SRR3535789	biological_replicate_runs	0.97831897	0.96005998	1.1965382	0.69031587	0.65657197	0.033743902	False	none
RNA_V2_G0012	SRR3535787	SRR3535788	technical_runs_same_experiment	0.95247797	0.94121909	3.3436275	0.8153037	0.88825224	0.072948547	True	manual_review_no_automatic_exclusion
RNA_V2_G0012	SRR3535787	SRR3535789	biological_replicate_runs	0.94534322	0.92715142	3.8737202	0.8153037	0.65657197	0.15873173	True	manual_review_no_automatic_exclusion
RNA_V2_G0012	SRR3535788	SRR3535789	biological_replicate_runs	0.88365153	0.85901853	12.952277	0.88825224	0.65657197	0.23168027	True	manual_review_no_automatic_exclusion
RNA_V2_G0013	SRR5227335	SRR5227336	biological_replicate_runs	0.98926356	0.99315434	1.1714267	0.81191958	0.82828035	0.016360769	False	none
RNA_V2_G0013	SRR5227335	SRR5227339	biological_replicate_runs	0.90300818	0.77529611	1.091085	0.81191958	0.85229141	0.040371834	True	manual_review_no_automatic_exclusion
RNA_V2_G0013	SRR5227335	SRR5227340	biological_replicate_runs	0.87063209	0.70815381	1.0954818	0.81191958	0.87377694	0.061857362	True	manual_review_no_automatic_exclusion
RNA_V2_G0013	SRR5227336	SRR5227339	biological_replicate_runs	0.89595981	0.78004442	1.0736346	0.82828035	0.85229141	0.024011064	True	manual_review_no_automatic_exclusion
RNA_V2_G0013	SRR5227336	SRR5227340	biological_replicate_runs	0.86853198	0.71490736	1.2832766	0.82828035	0.87377694	0.045496593	True	manual_review_no_automatic_exclusion
RNA_V2_G0013	SRR5227339	SRR5227340	biological_replicate_runs	0.98215942	0.98176679	1.1952638	0.85229141	0.87377694	0.021485529	False	none
RNA_V2_G0014	SRR5227333	SRR5227334	biological_replicate_runs	0.99092442	0.99159475	1.8456438	0.80903086	0.7850522	0.023978653	False	none
RNA_V2_G0014	SRR5227333	SRR5227337	biological_replicate_runs	0.88059428	0.702127	1.1612849	0.80903086	0.84946793	0.040437076	True	manual_review_no_automatic_exclusion
RNA_V2_G0014	SRR5227333	SRR5227338	biological_replicate_runs	0.89518031	0.7629333	1.0428899	0.80903086	0.85048281	0.041451959	True	manual_review_no_automatic_exclusion
RNA_V2_G0014	SRR5227334	SRR5227337	biological_replicate_runs	0.86605064	0.68787303	2.1433183	0.7850522	0.84946793	0.064415728	True	manual_review_no_automatic_exclusion
RNA_V2_G0014	SRR5227334	SRR5227338	biological_replicate_runs	0.88270528	0.7497546	1.7697397	0.7850522	0.85048281	0.065430612	True	manual_review_no_automatic_exclusion
RNA_V2_G0014	SRR5227337	SRR5227338	biological_replicate_runs	0.98057566	0.97660004	1.2110924	0.84946793	0.85048281	0.0010148834	False	none
RNA_V2_G0015	SRR7443595	SRR7443600	biological_replicate_runs	0.95142062	0.93747773	1.4375538	0.5515606	0.68161219	0.13005159	False	none
RNA_V2_G0016	SRR7443596	SRR7443601	biological_replicate_runs	0.96083001	0.94675382	1.1161234	0.52382318	0.61918825	0.095365068	False	none
RNA_V2_G0017	SRR7443597	SRR7443602	biological_replicate_runs	0.96564324	0.95355006	1.0019653	0.60165444	0.63311258	0.031458143	False	none
RNA_V2_G0020	SRR7443585	SRR7443590	biological_replicate_runs	0.98281788	0.97590817	2.3140763	0.56576926	0.66851299	0.10274372	True	manual_review_no_automatic_exclusion
RNA_V2_G0021	SRR7443586	SRR7443587	biological_replicate_runs	0.97928037	0.97317526	1.4925026	0.59638099	0.67004107	0.073660077	False	none
RNA_V2_G0022	SRR7443583	SRR7443588	biological_replicate_runs	0.98870103	0.98044553	1.4465089	0.596698	0.63045087	0.033752867	False	none
RNA_V2_G0023	SRR7443584	SRR7443591	biological_replicate_runs	0.98434679	0.97137792	2.1093122	0.53102486	0.62363512	0.092610258	True	manual_review_no_automatic_exclusion
RNA_V2_G0024	SRR7443589	SRR7443592	biological_replicate_runs	0.95603823	0.9441023	1.598174	0.4962674	0.48094119	0.01532621	False	none
RNA_V2_G0025	SRR7443593	SRR7443594	biological_replicate_runs	0.9722275	0.95834815	1.2992826	0.54904123	0.60741304	0.058371814	False	none
RNA_V2_G0026	SRR8440438	SRR8440439	biological_replicate_runs	0.97938286	0.97633011	1.0134195	0.56261858	0.56265308	3.4495962e-05	False	none
RNA_V2_G0026	SRR8440438	SRR8440441	biological_replicate_runs	0.98840595	0.98417503	1.03084	0.56261858	0.57687431	0.014255728	False	none
RNA_V2_G0026	SRR8440439	SRR8440441	biological_replicate_runs	0.98910776	0.98400331	1.0446734	0.56265308	0.57687431	0.014221232	False	none
RNA_V2_G0027	SRR8440437	SRR8440440	biological_replicate_runs	0.96286833	0.9585023	1.0493259	0.56718106	0.55402516	0.013155906	False	none
RNA_V2_G0027	SRR8440437	SRR8440442	biological_replicate_runs	0.98815972	0.98314278	1.0019053	0.56718106	0.55316641	0.014014655	False	none
RNA_V2_G0027	SRR8440440	SRR8440442	biological_replicate_runs	0.97144044	0.97036333	1.0513252	0.55402516	0.55316641	0.00085874899	False	none
RNA_V2_G0028	SRR10882545	SRR10882546	biological_replicate_runs	0.98863761	0.98488289	1.0554063	0.58715209	0.58304774	0.0041043513	False	none
RNA_V2_G0028	SRR10882545	SRR10882547	biological_replicate_runs	0.97289204	0.9713974	1.0562976	0.58715209	0.62280245	0.035650355	False	none
RNA_V2_G0028	SRR10882545	SRR10882548	biological_replicate_runs	0.9881257	0.98455279	1.1231836	0.58715209	0.57800694	0.0091451497	False	none
RNA_V2_G0028	SRR10882546	SRR10882547	biological_replicate_runs	0.98447681	0.97851413	1.1148231	0.58304774	0.62280245	0.039754706	False	none
RNA_V2_G0028	SRR10882546	SRR10882548	biological_replicate_runs	0.99032739	0.98400984	1.0642192	0.58304774	0.57800694	0.0050407984	False	none
RNA_V2_G0028	SRR10882547	SRR10882548	biological_replicate_runs	0.9731843	0.96790881	1.1864161	0.62280245	0.57800694	0.044795504	False	none
RNA_V2_G0029	SRR10882549	SRR10882550	biological_replicate_runs	0.9755769	0.9729661	1.1686973	0.56432233	0.60689828	0.042575955	False	none
RNA_V2_G0029	SRR10882549	SRR10882551	biological_replicate_runs	0.99352017	0.98678788	1.0596768	0.56432233	0.56636027	0.0020379444	False	none
RNA_V2_G0029	SRR10882549	SRR10882552	biological_replicate_runs	0.99294992	0.98545742	1.2360125	0.56432233	0.58554419	0.021221858	False	none
RNA_V2_G0029	SRR10882550	SRR10882551	biological_replicate_runs	0.98304547	0.97869066	1.1028809	0.60689828	0.56636027	0.040538011	False	none
RNA_V2_G0029	SRR10882550	SRR10882552	biological_replicate_runs	0.96925909	0.96789104	1.0575985	0.60689828	0.58554419	0.021354097	False	none
RNA_V2_G0029	SRR10882551	SRR10882552	biological_replicate_runs	0.99235698	0.98596466	1.1664052	0.56636027	0.58554419	0.019183913	False	none
RNA_V2_G0030	SRR12483327	SRR12483328	biological_replicate_runs	0.99462821	0.98476398	1.1206083	0.58010259	0.60862773	0.028525138	False	none
RNA_V2_G0030	SRR12483327	SRR12483329	biological_replicate_runs	0.9926931	0.98348442	1.1930766	0.58010259	0.60939232	0.029289734	False	none
RNA_V2_G0030	SRR12483328	SRR12483329	biological_replicate_runs	0.9934197	0.98660218	1.0646687	0.60862773	0.60939232	0.00076459566	False	none
RNA_V2_G0031	SRR12483339	SRR12483340	biological_replicate_runs	0.99409051	0.98476213	1.1195249	0.57620673	0.59041425	0.014207519	False	none
RNA_V2_G0031	SRR12483339	SRR12483341	biological_replicate_runs	0.99625183	0.98590515	1.1168982	0.57620673	0.56746829	0.0087384384	False	none
RNA_V2_G0031	SRR12483340	SRR12483341	biological_replicate_runs	0.99451987	0.98572945	1.0023519	0.59041425	0.56746829	0.022945958	False	none
RNA_V2_G0032	SRR12483342	SRR12483343	biological_replicate_runs	0.98836577	0.97646971	1.0358211	0.67569985	0.57628216	0.09941769	False	none
RNA_V2_G0032	SRR12483342	SRR12483344	biological_replicate_runs	0.9886884	0.9781596	1.0990982	0.67569985	0.59617714	0.079522716	False	none
RNA_V2_G0032	SRR12483343	SRR12483344	biological_replicate_runs	0.99225211	0.97761206	1.1384692	0.57628216	0.59617714	0.019894975	False	none
RNA_V2_G0033	SRR12483333	SRR12483334	biological_replicate_runs	0.96470238	0.93700927	1.2104308	0.53559594	0.54112832	0.0055323783	False	none
RNA_V2_G0033	SRR12483333	SRR12483335	biological_replicate_runs	0.97355	0.93871715	1.0570122	0.53559594	0.32602016	0.20957578	False	none
RNA_V2_G0033	SRR12483334	SRR12483335	biological_replicate_runs	0.97558434	0.93999925	1.27944	0.54112832	0.32602016	0.21510816	False	none
RNA_V2_G0034	SRR12483330	SRR12483331	biological_replicate_runs	0.98510913	0.97768992	1.0190283	0.67754355	0.62190435	0.055639204	False	none
RNA_V2_G0034	SRR12483330	SRR12483332	biological_replicate_runs	0.98443044	0.97589111	1.0361791	0.67754355	0.66499328	0.012550267	False	none
RNA_V2_G0034	SRR12483331	SRR12483332	biological_replicate_runs	0.99249024	0.98119518	1.0168306	0.62190435	0.66499328	0.043088937	False	none
RNA_V2_G0035	SRR12483345	SRR12483346	biological_replicate_runs	0.98578015	0.97492434	1.0891476	0.60742817	0.63426335	0.026835185	False	none
RNA_V2_G0035	SRR12483345	SRR12483347	biological_replicate_runs	0.98274136	0.97132289	1.0816708	0.60742817	0.59382572	0.013602449	False	none
RNA_V2_G0035	SRR12483346	SRR12483347	biological_replicate_runs	0.96230604	0.95664426	1.0069123	0.63426335	0.59382572	0.040437634	False	none
RNA_V2_G0036	SRR12483336	SRR12483337	biological_replicate_runs	0.99214391	0.98042247	1.0930216	0.60260703	0.63027658	0.027669551	False	none
RNA_V2_G0036	SRR12483336	SRR12483338	biological_replicate_runs	0.98932004	0.97775802	1.0578658	0.60260703	0.6741626	0.071555565	False	none
RNA_V2_G0036	SRR12483337	SRR12483338	biological_replicate_runs	0.99404354	0.98357428	1.1562701	0.63027658	0.6741626	0.043886014	False	none
RNA_V2_G0037	SRR13757744	SRR13757745	biological_replicate_runs	0.98511342	0.97748746	1.0063144	0.83754469	0.84345289	0.0059081938	False	none
RNA_V2_G0037	SRR13757744	SRR13757746	biological_replicate_runs	0.74754926	0.75343298	1.0482999	0.83754469	0.76029865	0.077246042	True	manual_review_no_automatic_exclusion
RNA_V2_G0037	SRR13757744	SRR13757747	biological_replicate_runs	0.78037591	0.788335	1.0701769	0.83754469	0.76982741	0.067717288	True	manual_review_no_automatic_exclusion
RNA_V2_G0037	SRR13757745	SRR13757746	biological_replicate_runs	0.7412312	0.74784045	1.0549193	0.84345289	0.76029865	0.083154236	True	manual_review_no_automatic_exclusion
RNA_V2_G0037	SRR13757745	SRR13757747	biological_replicate_runs	0.77777496	0.78757779	1.0634617	0.84345289	0.76982741	0.073625482	True	manual_review_no_automatic_exclusion
RNA_V2_G0037	SRR13757746	SRR13757747	biological_replicate_runs	0.97734251	0.97249724	1.1218663	0.76029865	0.76982741	0.0095287539	False	none
RNA_V2_G0038	SRR13757748	SRR13757749	biological_replicate_runs	0.98765909	0.98142091	1.0506546	0.83697048	0.84009993	0.0031294489	False	none
RNA_V2_G0039	SRR13757752	SRR13757753	biological_replicate_runs	0.98604891	0.97824898	1.0008838	0.82553586	0.83309823	0.0075623645	False	none
RNA_V2_G0040	SRR13757770	SRR13757771	biological_replicate_runs	0.98727003	0.98245045	1.1342619	0.77293909	0.75530094	0.017638157	False	none
RNA_V2_G0041	SRR13757750	SRR13757751	biological_replicate_runs	0.97881028	0.96804644	1.1626923	0.83842419	0.84300467	0.0045804833	False	none
RNA_V2_G0042	SRR13757772	SRR13757773	biological_replicate_runs	0.9837912	0.97739838	2.003633	0.75029852	0.79694749	0.046648962	True	manual_review_no_automatic_exclusion
RNA_V2_G0043	SRR13757754	SRR13757755	technical_runs_same_experiment	0.99607613	0.98950223	1.0011781	0.77967081	0.77964709	2.3725323e-05	False	none
RNA_V2_G0043	SRR13757754	SRR13757756	biological_replicate_runs	0.98909963	0.98337642	1.0560853	0.77967081	0.80039201	0.020721193	False	none
RNA_V2_G0043	SRR13757754	SRR13757757	biological_replicate_runs	0.98904984	0.98319718	1.0528776	0.77967081	0.80058128	0.020910467	False	none
RNA_V2_G0043	SRR13757755	SRR13757756	biological_replicate_runs	0.98914451	0.9835772	1.0573295	0.77964709	0.80039201	0.020744918	False	none
RNA_V2_G0043	SRR13757755	SRR13757757	biological_replicate_runs	0.9891261	0.98353083	1.054118	0.77964709	0.80058128	0.020934192	False	none
RNA_V2_G0043	SRR13757756	SRR13757757	technical_runs_same_experiment	0.99600949	0.99042713	1.0030466	0.80039201	0.80058128	0.00018927403	False	none
RNA_V2_G0044	SRR13757758	SRR13757759	technical_runs_same_experiment	0.99585082	0.9888657	1.0026233	0.78743193	0.78724466	0.00018726949	False	none
RNA_V2_G0044	SRR13757758	SRR13757760	biological_replicate_runs	0.99269302	0.98548242	1.0143928	0.78743193	0.79387484	0.0064429162	False	none
RNA_V2_G0044	SRR13757758	SRR13757761	biological_replicate_runs	0.9927722	0.98584061	1.0132921	0.78743193	0.79334809	0.0059161621	False	none
RNA_V2_G0044	SRR13757759	SRR13757760	biological_replicate_runs	0.99264898	0.98567691	1.0117387	0.78724466	0.79387484	0.0066301856	False	none
RNA_V2_G0044	SRR13757759	SRR13757761	biological_replicate_runs	0.99269928	0.98614576	1.0106409	0.78724466	0.79334809	0.0061034316	False	none
RNA_V2_G0044	SRR13757760	SRR13757761	technical_runs_same_experiment	0.99590164	0.9892805	1.0010863	0.79387484	0.79334809	0.00052675403	False	none
RNA_V2_G0045	SRR13757766	SRR13757767	technical_runs_same_experiment	0.99630533	0.98988898	1.002177	0.75216588	0.75222569	5.9806962e-05	False	none
RNA_V2_G0045	SRR13757766	SRR13757768	biological_replicate_runs	0.9876327	0.98031581	1.0675311	0.75216588	0.77573859	0.023572709	False	none
RNA_V2_G0045	SRR13757766	SRR13757769	biological_replicate_runs	0.98755283	0.98077102	1.0648724	0.75216588	0.77543019	0.02326431	False	none
RNA_V2_G0045	SRR13757767	SRR13757768	biological_replicate_runs	0.98765015	0.98003286	1.0698551	0.75222569	0.77573859	0.023512902	False	none
RNA_V2_G0045	SRR13757767	SRR13757769	biological_replicate_runs	0.9876082	0.98047207	1.0671906	0.75222569	0.77543019	0.023204503	False	none
RNA_V2_G0045	SRR13757768	SRR13757769	technical_runs_same_experiment	0.99605318	0.98988176	1.0024968	0.77573859	0.77543019	0.00030839928	False	none
RNA_V2_G0046	SRR13757762	SRR13757763	technical_runs_same_experiment	0.99661154	0.99249294	1.0023164	0.82365186	0.82374279	9.0932113e-05	False	none
RNA_V2_G0046	SRR13757762	SRR13757764	biological_replicate_runs	0.98939037	0.98671359	1.0623439	0.82365186	0.82043681	0.0032150456	False	none
RNA_V2_G0046	SRR13757762	SRR13757765	biological_replicate_runs	0.98935828	0.98644602	1.0624185	0.82365186	0.82043149	0.003220371	False	none
RNA_V2_G0046	SRR13757763	SRR13757764	biological_replicate_runs	0.98927454	0.98675693	1.0648047	0.82374279	0.82043681	0.0033059777	False	none
RNA_V2_G0046	SRR13757763	SRR13757765	biological_replicate_runs	0.9892666	0.98605741	1.0648795	0.82374279	0.82043149	0.0033113032	False	none
RNA_V2_G0046	SRR13757764	SRR13757765	technical_runs_same_experiment	0.9966835	0.992352	1.0000703	0.82043681	0.82043149	5.3254824e-06	False	none
RNA_V2_G0047	SRR13964557	SRR13964558	technical_runs_same_experiment	0.99532423	0.9798429	1.0005433	0.58038578	0.58022728	0.00015849792	False	none
RNA_V2_G0047	SRR13964557	SRR13964559	biological_replicate_runs	0.99234564	0.9768545	1.0163032	0.58038578	0.60383268	0.023446902	False	none
RNA_V2_G0047	SRR13964557	SRR13964560	biological_replicate_runs	0.99230777	0.97702903	1.018183	0.58038578	0.60382676	0.023440978	False	none
RNA_V2_G0047	SRR13964557	SRR13964561	biological_replicate_runs	0.99359452	0.97691856	1.1159056	0.58038578	0.59079019	0.010404417	False	none
RNA_V2_G0047	SRR13964557	SRR13964562	biological_replicate_runs	0.9936164	0.97656833	1.1171812	0.58038578	0.59148812	0.011102344	False	none
RNA_V2_G0047	SRR13964558	SRR13964559	biological_replicate_runs	0.9923325	0.97637086	1.0157513	0.58022728	0.60383268	0.0236054	False	none
RNA_V2_G0047	SRR13964558	SRR13964560	biological_replicate_runs	0.99229848	0.97637793	1.0176301	0.58022728	0.60382676	0.023599476	False	none
RNA_V2_G0047	SRR13964558	SRR13964561	biological_replicate_runs	0.99362939	0.97688071	1.1152996	0.58022728	0.59079019	0.010562915	False	none
RNA_V2_G0047	SRR13964558	SRR13964562	biological_replicate_runs	0.99361464	0.97632092	1.1165746	0.58022728	0.59148812	0.011260842	False	none
RNA_V2_G0047	SRR13964559	SRR13964560	technical_runs_same_experiment	0.99563594	0.98168054	1.0018496	0.60383268	0.60382676	5.9238512e-06	False	none
RNA_V2_G0047	SRR13964559	SRR13964561	biological_replicate_runs	0.9925005	0.97726404	1.0980046	0.60383268	0.59079019	0.013042485	False	none
RNA_V2_G0047	SRR13964559	SRR13964562	biological_replicate_runs	0.99254709	0.97629355	1.0992597	0.60383268	0.59148812	0.012344558	False	none
RNA_V2_G0047	SRR13964560	SRR13964561	biological_replicate_runs	0.99242649	0.97692342	1.0959775	0.60382676	0.59079019	0.013036561	False	none
RNA_V2_G0047	SRR13964560	SRR13964562	biological_replicate_runs	0.99248912	0.97643522	1.0972303	0.60382676	0.59148812	0.012338634	False	none
RNA_V2_G0047	SRR13964561	SRR13964562	technical_runs_same_experiment	0.99509838	0.97913195	1.0011431	0.59079019	0.59148812	0.0006979274	False	none
RNA_V2_G0048	SRR13964575	SRR13964576	technical_runs_same_experiment	0.9966874	0.98801377	1.0017342	0.70010884	0.7007639	0.00065505428	False	none
RNA_V2_G0048	SRR13964575	SRR13964577	technical_runs_same_experiment	0.99121321	0.98011112	1.0552881	0.70010884	0.73943729	0.039328448	False	none
RNA_V2_G0048	SRR13964575	SRR13964578	technical_runs_same_experiment	0.99123799	0.97999064	1.0549496	0.70010884	0.73925682	0.03914798	False	none
RNA_V2_G0048	SRR13964575	SRR13964579	biological_replicate_runs	0.99351332	0.98355202	1.0623543	0.70010884	0.68022811	0.019880734	False	none
RNA_V2_G0048	SRR13964575	SRR13964580	biological_replicate_runs	0.99354832	0.98388536	1.0614664	0.70010884	0.68068282	0.019426023	False	none
RNA_V2_G0048	SRR13964575	SRR13964581	biological_replicate_runs	0.98558039	0.97841492	1.0549145	0.70010884	0.71891332	0.018804478	False	none
RNA_V2_G0048	SRR13964575	SRR13964582	biological_replicate_runs	0.98552776	0.9784224	1.054806	0.70010884	0.71931723	0.019208387	False	none
RNA_V2_G0048	SRR13964575	SRR13964583	biological_replicate_runs	0.9888699	0.97937876	1.0198998	0.70010884	0.65843053	0.041678312	False	none
RNA_V2_G0048	SRR13964575	SRR13964584	biological_replicate_runs	0.98887627	0.97961145	1.0222848	0.70010884	0.65946776	0.04064108	False	none
RNA_V2_G0048	SRR13964575	SRR13964585	biological_replicate_runs	0.98420022	0.97645703	1.0126194	0.70010884	0.69543871	0.0046701389	False	none
RNA_V2_G0048	SRR13964575	SRR13964586	biological_replicate_runs	0.98422487	0.97649776	1.0124511	0.70010884	0.69527279	0.0048360566	False	none
RNA_V2_G0048	SRR13964576	SRR13964577	technical_runs_same_experiment	0.99124359	0.9805533	1.0571181	0.7007639	0.73943729	0.038673394	False	none
RNA_V2_G0048	SRR13964576	SRR13964578	technical_runs_same_experiment	0.99121563	0.9804425	1.0567791	0.7007639	0.73925682	0.038492926	False	none
RNA_V2_G0048	SRR13964576	SRR13964579	biological_replicate_runs	0.99351727	0.98354208	1.0641966	0.7007639	0.68022811	0.020535788	False	none
RNA_V2_G0048	SRR13964576	SRR13964580	biological_replicate_runs	0.99352271	0.98386904	1.0633071	0.7007639	0.68068282	0.020081078	False	none
RNA_V2_G0048	SRR13964576	SRR13964581	biological_replicate_runs	0.98562327	0.9784607	1.0530882	0.7007639	0.71891332	0.018149423	False	none
RNA_V2_G0048	SRR13964576	SRR13964582	biological_replicate_runs	0.98552892	0.97821718	1.05298	0.7007639	0.71931723	0.018553332	False	none
RNA_V2_G0048	SRR13964576	SRR13964583	biological_replicate_runs	0.98881172	0.97926594	1.0181341	0.7007639	0.65843053	0.042333366	False	none
RNA_V2_G0048	SRR13964576	SRR13964584	biological_replicate_runs	0.98886507	0.97945035	1.0205151	0.7007639	0.65946776	0.041296134	False	none
RNA_V2_G0048	SRR13964576	SRR13964585	biological_replicate_runs	0.98424695	0.97643162	1.0143755	0.7007639	0.69543871	0.0053251932	False	none
RNA_V2_G0048	SRR13964576	SRR13964586	biological_replicate_runs	0.98422179	0.97658942	1.0142069	0.7007639	0.69527279	0.0054911108	False	none
RNA_V2_G0048	SRR13964577	SRR13964578	technical_runs_same_experiment	0.99640977	0.98994096	1.0003208	0.73943729	0.73925682	0.00018046803	False	none
RNA_V2_G0048	SRR13964577	SRR13964579	biological_replicate_runs	0.99071054	0.98064144	1.006696	0.73943729	0.68022811	0.059209182	False	none
RNA_V2_G0048	SRR13964577	SRR13964580	biological_replicate_runs	0.99076889	0.98099302	1.0058546	0.73943729	0.68068282	0.058754471	False	none
RNA_V2_G0048	SRR13964577	SRR13964581	biological_replicate_runs	0.98893165	0.98301146	1.1132387	0.73943729	0.71891332	0.02052397	False	none
RNA_V2_G0048	SRR13964577	SRR13964582	biological_replicate_runs	0.98890528	0.98289054	1.1131242	0.73943729	0.71931723	0.020120061	False	none
RNA_V2_G0048	SRR13964577	SRR13964583	biological_replicate_runs	0.98363912	0.9738207	1.0762881	0.73943729	0.65843053	0.08100676	False	none
RNA_V2_G0048	SRR13964577	SRR13964584	biological_replicate_runs	0.98365943	0.97407915	1.078805	0.73943729	0.65946776	0.079969527	False	none
RNA_V2_G0048	SRR13964577	SRR13964585	biological_replicate_runs	0.98559828	0.98022997	1.0421369	0.73943729	0.69543871	0.043998587	False	none
RNA_V2_G0048	SRR13964577	SRR13964586	biological_replicate_runs	0.9855425	0.97970563	1.0423101	0.73943729	0.69527279	0.044164504	False	none
RNA_V2_G0048	SRR13964578	SRR13964579	biological_replicate_runs	0.99073225	0.9809669	1.007019	0.73925682	0.68022811	0.059028714	False	none
RNA_V2_G0048	SRR13964578	SRR13964580	biological_replicate_runs	0.99077957	0.98109172	1.0061773	0.73925682	0.68068282	0.058574003	False	none
RNA_V2_G0048	SRR13964578	SRR13964581	biological_replicate_runs	0.98903247	0.98328947	1.1128817	0.73925682	0.71891332	0.020343502	False	none
RNA_V2_G0048	SRR13964578	SRR13964582	biological_replicate_runs	0.98898139	0.98318435	1.1127673	0.73925682	0.71931723	0.019939593	False	none
RNA_V2_G0048	SRR13964578	SRR13964583	biological_replicate_runs	0.98365597	0.97393379	1.0759429	0.73925682	0.65843053	0.080826292	False	none
RNA_V2_G0048	SRR13964578	SRR13964584	biological_replicate_runs	0.98367036	0.97422355	1.078459	0.73925682	0.65946776	0.079789059	False	none
RNA_V2_G0048	SRR13964578	SRR13964585	biological_replicate_runs	0.9856239	0.98036746	1.0418027	0.73925682	0.69543871	0.043818119	False	none
RNA_V2_G0048	SRR13964578	SRR13964586	biological_replicate_runs	0.9856178	0.98022792	1.0419759	0.73925682	0.69527279	0.043984036	False	none
RNA_V2_G0048	SRR13964579	SRR13964580	technical_runs_same_experiment	0.99681125	0.98864689	1.0008365	0.68022811	0.68068282	0.00045471043	False	none
RNA_V2_G0048	SRR13964579	SRR13964581	technical_runs_same_experiment	0.98978194	0.98302115	1.1206929	0.68022811	0.71891332	0.038685211	False	none
RNA_V2_G0048	SRR13964579	SRR13964582	technical_runs_same_experiment	0.98977079	0.98278282	1.1205777	0.68022811	0.71931723	0.03908912	False	none
RNA_V2_G0048	SRR13964579	SRR13964583	biological_replicate_runs	0.99352075	0.98278248	1.0834949	0.68022811	0.65843053	0.021797578	False	none
RNA_V2_G0048	SRR13964579	SRR13964584	biological_replicate_runs	0.99351299	0.98249818	1.0860287	0.68022811	0.65946776	0.020760346	False	none
RNA_V2_G0048	SRR13964579	SRR13964585	biological_replicate_runs	0.9910347	0.98286464	1.0491151	0.68022811	0.69543871	0.015210595	False	none
RNA_V2_G0048	SRR13964579	SRR13964586	biological_replicate_runs	0.99103644	0.98279413	1.0492894	0.68022811	0.69527279	0.015044677	False	none
RNA_V2_G0048	SRR13964580	SRR13964581	technical_runs_same_experiment	0.98987537	0.98341702	1.1197563	0.68068282	0.71891332	0.038230501	False	none
RNA_V2_G0048	SRR13964580	SRR13964582	technical_runs_same_experiment	0.98986492	0.98325702	1.1196411	0.68068282	0.71931723	0.03863441	False	none
RNA_V2_G0048	SRR13964580	SRR13964583	biological_replicate_runs	0.99348274	0.98271318	1.0825893	0.68068282	0.65843053	0.022252289	False	none
RNA_V2_G0048	SRR13964580	SRR13964584	biological_replicate_runs	0.99348549	0.98315743	1.085121	0.68068282	0.65946776	0.021215056	False	none
RNA_V2_G0048	SRR13964580	SRR13964585	biological_replicate_runs	0.99111498	0.98326789	1.0482382	0.68068282	0.69543871	0.014755884	False	none
RNA_V2_G0048	SRR13964580	SRR13964586	biological_replicate_runs	0.99111274	0.98320464	1.0484124	0.68068282	0.69527279	0.014589967	False	none
RNA_V2_G0048	SRR13964581	SRR13964582	technical_runs_same_experiment	0.99689337	0.99135816	1.0001028	0.71891332	0.71931723	0.00040390892	False	none
RNA_V2_G0048	SRR13964581	SRR13964583	biological_replicate_runs	0.98515879	0.97769033	1.0343315	0.71891332	0.65843053	0.06048279	False	none
RNA_V2_G0048	SRR13964581	SRR13964584	biological_replicate_runs	0.98517711	0.97719047	1.0319184	0.71891332	0.65946776	0.059445557	False	none
RNA_V2_G0048	SRR13964581	SRR13964585	biological_replicate_runs	0.99235449	0.98677192	1.0682269	0.71891332	0.69543871	0.023474617	False	none
RNA_V2_G0048	SRR13964581	SRR13964586	biological_replicate_runs	0.99231493	0.98632648	1.0680494	0.71891332	0.69527279	0.023640534	False	none
RNA_V2_G0048	SRR13964582	SRR13964583	biological_replicate_runs	0.98519555	0.97730686	1.0342252	0.71931723	0.65843053	0.060886699	False	none
RNA_V2_G0048	SRR13964582	SRR13964584	biological_replicate_runs	0.98520673	0.97724195	1.0318123	0.71931723	0.65946776	0.059849466	False	none
RNA_V2_G0048	SRR13964582	SRR13964585	biological_replicate_runs	0.9923431	0.98657031	1.0681171	0.71931723	0.69543871	0.023878525	False	none
RNA_V2_G0048	SRR13964582	SRR13964586	biological_replicate_runs	0.99234598	0.98639285	1.0679396	0.71931723	0.69527279	0.024044443	False	none
RNA_V2_G0048	SRR13964583	SRR13964584	technical_runs_same_experiment	0.99643441	0.98522643	1.0023385	0.65843053	0.65946776	0.0010372324	False	none
RNA_V2_G0048	SRR13964583	SRR13964585	technical_runs_same_experiment	0.99156055	0.98127106	1.0327703	0.65843053	0.69543871	0.037008173	False	none
RNA_V2_G0048	SRR13964583	SRR13964586	technical_runs_same_experiment	0.99162091	0.9813737	1.0325987	0.65843053	0.69527279	0.036842255	False	none
RNA_V2_G0048	SRR13964584	SRR13964585	technical_runs_same_experiment	0.99157403	0.98146085	1.0351855	0.65946776	0.69543871	0.035970941	False	none
RNA_V2_G0048	SRR13964584	SRR13964586	technical_runs_same_experiment	0.99165496	0.98142304	1.0350134	0.65946776	0.69527279	0.035805023	False	none
RNA_V2_G0048	SRR13964585	SRR13964586	technical_runs_same_experiment	0.99687817	0.99052426	1.0001662	0.69543871	0.69527279	0.0001659177	False	none
RNA_V2_G0049	SRR13964563	SRR13964564	technical_runs_same_experiment	0.99642606	0.98679879	1.0025341	0.65962885	0.66029738	0.00066853752	False	none
RNA_V2_G0049	SRR13964563	SRR13964565	biological_replicate_runs	0.9953411	0.98507284	1.0256822	0.65962885	0.65787265	0.0017561925	False	none
RNA_V2_G0049	SRR13964563	SRR13964566	biological_replicate_runs	0.99530548	0.98486638	1.0271443	0.65962885	0.65764351	0.0019853378	False	none
RNA_V2_G0049	SRR13964563	SRR13964567	biological_replicate_runs	0.99428862	0.98362493	1.029764	0.65962885	0.68292429	0.023295445	False	none
RNA_V2_G0049	SRR13964563	SRR13964568	biological_replicate_runs	0.99429302	0.98389039	1.0286082	0.65962885	0.68349618	0.023867336	False	none
RNA_V2_G0049	SRR13964564	SRR13964565	biological_replicate_runs	0.99535965	0.98543028	1.0230896	0.66029738	0.65787265	0.00242473	False	none
RNA_V2_G0049	SRR13964564	SRR13964566	biological_replicate_runs	0.99530117	0.98487782	1.024548	0.66029738	0.65764351	0.0026538754	False	none
RNA_V2_G0049	SRR13964564	SRR13964567	biological_replicate_runs	0.99428312	0.98384331	1.0323735	0.66029738	0.68292429	0.022626907	False	none
RNA_V2_G0049	SRR13964564	SRR13964568	biological_replicate_runs	0.99432301	0.98376547	1.0312148	0.66029738	0.68349618	0.023198798	False	none
RNA_V2_G0049	SRR13964565	SRR13964566	technical_runs_same_experiment	0.99656592	0.98599309	1.0014255	0.65787265	0.65764351	0.00022914533	False	none
RNA_V2_G0049	SRR13964565	SRR13964567	biological_replicate_runs	0.99312971	0.9828036	1.0562105	0.65787265	0.68292429	0.025051637	False	none
RNA_V2_G0049	SRR13964565	SRR13964568	biological_replicate_runs	0.99320145	0.98335191	1.0550251	0.65787265	0.68349618	0.025623528	False	none
RNA_V2_G0049	SRR13964566	SRR13964567	biological_replicate_runs	0.99311816	0.98236235	1.0577162	0.65764351	0.68292429	0.025280783	False	none
RNA_V2_G0049	SRR13964566	SRR13964568	biological_replicate_runs	0.99319806	0.98325092	1.0565291	0.65764351	0.68349618	0.025852674	False	none
RNA_V2_G0049	SRR13964567	SRR13964568	technical_runs_same_experiment	0.99612766	0.98555566	1.0011236	0.68292429	0.68349618	0.00057189099	False	none
RNA_V2_G0050	SRR13964569	SRR13964570	technical_runs_same_experiment	0.99531658	0.98291397	1.0004726	0.67521724	0.67507302	0.00014421685	False	none
RNA_V2_G0050	SRR13964569	SRR13964571	biological_replicate_runs	0.99311959	0.98077989	1.0737453	0.67521724	0.66508482	0.010132418	False	none
RNA_V2_G0050	SRR13964569	SRR13964572	biological_replicate_runs	0.99309058	0.98090859	1.0727497	0.67521724	0.66525186	0.0099653837	False	none
RNA_V2_G0050	SRR13964569	SRR13964573	biological_replicate_runs	0.99323663	0.98123649	1.2017019	0.67521724	0.69274111	0.017523869	False	none
RNA_V2_G0050	SRR13964569	SRR13964574	biological_replicate_runs	0.99327432	0.98082183	1.1997919	0.67521724	0.69286299	0.017645746	False	none
RNA_V2_G0050	SRR13964570	SRR13964571	biological_replicate_runs	0.99311095	0.98116565	1.0742527	0.67507302	0.66508482	0.0099882015	False	none
RNA_V2_G0050	SRR13964570	SRR13964572	biological_replicate_runs	0.99313359	0.98084939	1.0732567	0.67507302	0.66525186	0.0098211668	False	none
RNA_V2_G0050	SRR13964570	SRR13964573	biological_replicate_runs	0.9933107	0.98076434	1.2022699	0.67507302	0.69274111	0.017668086	False	none
RNA_V2_G0050	SRR13964570	SRR13964574	biological_replicate_runs	0.99332964	0.9810462	1.2003589	0.67507302	0.69286299	0.017789963	False	none
RNA_V2_G0050	SRR13964571	SRR13964572	technical_runs_same_experiment	0.9957218	0.98391441	1.000928	0.66508482	0.66525186	0.00016703465	False	none
RNA_V2_G0050	SRR13964571	SRR13964573	biological_replicate_runs	0.99237118	0.98087383	1.1191686	0.66508482	0.69274111	0.027656287	False	none
RNA_V2_G0050	SRR13964571	SRR13964574	biological_replicate_runs	0.99231178	0.98089098	1.1173897	0.66508482	0.69286299	0.027778165	False	none
RNA_V2_G0050	SRR13964572	SRR13964573	biological_replicate_runs	0.99234822	0.98151579	1.1202072	0.66525186	0.69274111	0.027489252	False	none
RNA_V2_G0050	SRR13964572	SRR13964574	biological_replicate_runs	0.9923465	0.98095947	1.1184266	0.66525186	0.69286299	0.02761113	False	none
RNA_V2_G0050	SRR13964573	SRR13964574	technical_runs_same_experiment	0.99516343	0.9834282	1.001592	0.69274111	0.69286299	0.00012187775	False	none
RNA_V2_G0051	SRR23049917	SRR23049953	biological_replicate_runs	0.9800171	0.97140492	1.2442758	0.70389025	0.6250873	0.078802948	False	none
RNA_V2_G0051	SRR23049917	SRR23049956	biological_replicate_runs	0.9714838	0.9632552	1.2124468	0.70389025	0.58590298	0.11798727	False	none
RNA_V2_G0051	SRR23049917	SRR23049958	biological_replicate_runs	0.98110536	0.97443796	1.405629	0.70389025	0.65129427	0.05259598	False	none
RNA_V2_G0051	SRR23049953	SRR23049956	biological_replicate_runs	0.9818492	0.97206849	1.0262518	0.6250873	0.58590298	0.039184321	False	none
RNA_V2_G0051	SRR23049953	SRR23049958	biological_replicate_runs	0.98539644	0.97505347	1.1296764	0.6250873	0.65129427	0.026206968	False	none
RNA_V2_G0051	SRR23049956	SRR23049958	biological_replicate_runs	0.98152462	0.97165847	1.1593324	0.58590298	0.65129427	0.065391289	False	none
RNA_V2_G0052	SRR23049928	SRR23049954	biological_replicate_runs	0.97613438	0.96753545	1.1973635	0.64256275	0.63546607	0.007096674	False	none
RNA_V2_G0052	SRR23049928	SRR23049957	biological_replicate_runs	0.98287776	0.97154184	1.0078828	0.64256275	0.61484583	0.027716922	False	none
RNA_V2_G0052	SRR23049928	SRR23049959	biological_replicate_runs	0.97623118	0.97005003	1.048916	0.64256275	0.69466535	0.052102605	False	none
RNA_V2_G0052	SRR23049954	SRR23049957	biological_replicate_runs	0.9820552	0.97322758	1.206802	0.63546607	0.61484583	0.020620248	False	none
RNA_V2_G0052	SRR23049954	SRR23049959	biological_replicate_runs	0.983098	0.97605938	1.1415246	0.63546607	0.69466535	0.059199279	False	none
RNA_V2_G0052	SRR23049957	SRR23049959	biological_replicate_runs	0.97839315	0.97154453	1.0571844	0.61484583	0.69466535	0.079819526	False	none
RNA_V2_G0053	SRR23049895	SRR23049936	biological_replicate_runs	0.98251193	0.97907073	1.0091624	0.73535566	0.68388669	0.051468972	False	none
RNA_V2_G0053	SRR23049895	SRR23049964	biological_replicate_runs	0.97176892	0.96861921	1.100936	0.73535566	0.69493007	0.040425587	False	none
RNA_V2_G0053	SRR23049895	SRR23049967	biological_replicate_runs	0.96095093	0.96078244	1.179479	0.73535566	0.66745889	0.067896769	False	none
RNA_V2_G0053	SRR23049936	SRR23049964	biological_replicate_runs	0.97665886	0.97551951	1.0909403	0.68388669	0.69493007	0.011043385	False	none
RNA_V2_G0053	SRR23049936	SRR23049967	biological_replicate_runs	0.95711324	0.95651084	1.1687702	0.68388669	0.66745889	0.016427797	False	none
RNA_V2_G0053	SRR23049964	SRR23049967	biological_replicate_runs	0.95730219	0.95564701	1.0713421	0.69493007	0.66745889	0.027471182	False	none
RNA_V2_G0054	SRR23049906	SRR23049937	biological_replicate_runs	0.95140459	0.95703069	1.0400801	0.63016788	0.73889397	0.1087261	False	none
RNA_V2_G0054	SRR23049906	SRR23049965	biological_replicate_runs	0.97024714	0.96668259	1.0277497	0.63016788	0.65402046	0.023852586	False	none
RNA_V2_G0054	SRR23049906	SRR23049966	biological_replicate_runs	0.9577344	0.96031117	1.1131293	0.63016788	0.7153332	0.085165323	False	none
RNA_V2_G0054	SRR23049937	SRR23049965	biological_replicate_runs	0.97419962	0.97427795	1.068942	0.73889397	0.65402046	0.084873509	False	none
RNA_V2_G0054	SRR23049937	SRR23049966	biological_replicate_runs	0.97761388	0.97691261	1.1577437	0.73889397	0.7153332	0.023560772	False	none
RNA_V2_G0054	SRR23049965	SRR23049966	biological_replicate_runs	0.98067269	0.97716363	1.0830744	0.65402046	0.7153332	0.061312737	False	none
RNA_V2_G0055	SRR27352845	SRR27352855	biological_replicate_runs	0.98958079	0.98568312	1.1700366	0.74772209	0.74848154	0.00075944969	False	none
RNA_V2_G0055	SRR27352845	SRR27352856	biological_replicate_runs	0.98896294	0.98447529	1.2685136	0.74772209	0.73394459	0.013777502	False	none
RNA_V2_G0055	SRR27352855	SRR27352856	biological_replicate_runs	0.99036785	0.98654226	1.0841658	0.74848154	0.73394459	0.014536951	False	none
RNA_V2_G0056	SRR27352849	SRR27352850	biological_replicate_runs	0.98922926	0.98464324	1.02878	0.73026015	0.73639433	0.0061341778	False	none
RNA_V2_G0056	SRR27352849	SRR27352851	biological_replicate_runs	0.98832527	0.98260992	1.0269908	0.73026015	0.73316589	0.0029057388	False	none
RNA_V2_G0056	SRR27352850	SRR27352851	biological_replicate_runs	0.98862779	0.981828	1.0017421	0.73639433	0.73316589	0.003228439	False	none
RNA_V2_G0057	SRR27352852	SRR27352853	biological_replicate_runs	0.98533069	0.98060867	1.1287116	0.7388976	0.71357489	0.025322709	False	none
RNA_V2_G0057	SRR27352852	SRR27352854	biological_replicate_runs	0.98701877	0.98301825	1.0984565	0.7388976	0.73399318	0.0049044202	False	none
RNA_V2_G0057	SRR27352853	SRR27352854	biological_replicate_runs	0.98334635	0.97821043	1.0275433	0.71357489	0.73399318	0.020418288	False	none
RNA_V2_G0058	SRR27352857	SRR27352858	biological_replicate_runs	0.98994363	0.98477293	1.1370264	0.72131968	0.73807132	0.016751634	False	none
RNA_V2_G0058	SRR27352857	SRR27352859	biological_replicate_runs	0.98695706	0.98388678	1.1805909	0.72131968	0.72957148	0.008251795	False	none
RNA_V2_G0058	SRR27352858	SRR27352859	biological_replicate_runs	0.98680009	0.98322102	1.0383144	0.73807132	0.72957148	0.0084998388	False	none
RNA_V2_G0059	SRR27352860	SRR27352861	biological_replicate_runs	0.93315191	0.93776284	1.1994478	0.713994	0.75066757	0.036673565	False	none
RNA_V2_G0059	SRR27352860	SRR27352862	biological_replicate_runs	0.92673486	0.92816492	1.2931228	0.713994	0.74266991	0.028675907	False	none
RNA_V2_G0059	SRR27352861	SRR27352862	biological_replicate_runs	0.98878832	0.98522502	1.0780985	0.75066757	0.74266991	0.0079976578	False	none
RNA_V2_G0060	SRR27352846	SRR27352847	biological_replicate_runs	0.98856476	0.98391765	1.116352	0.73594248	0.73017017	0.0057723043	False	none
RNA_V2_G0060	SRR27352846	SRR27352848	biological_replicate_runs	0.98952817	0.9849669	1.0825986	0.73594248	0.7322109	0.0037315775	False	none
RNA_V2_G0060	SRR27352847	SRR27352848	biological_replicate_runs	0.98824497	0.98330637	1.0311782	0.73017017	0.7322109	0.0020407268	False	none
RNA_V2_G0061	SRR30917239	SRR30917243	biological_replicate_runs	0.98623675	0.98626171	1.1807422	0.70801673	0.70513503	0.0028816943	False	none
RNA_V2_G0061	SRR30917239	SRR30917247	biological_replicate_runs	0.97134249	0.96992837	1.1126542	0.70801673	0.71289079	0.004874063	False	none
RNA_V2_G0061	SRR30917239	SRR30917251	biological_replicate_runs	0.97102954	0.96896381	1.1873386	0.70801673	0.70654976	0.0014669709	False	none
RNA_V2_G0061	SRR30917243	SRR30917247	biological_replicate_runs	0.99152205	0.98909045	1.0611943	0.70513503	0.71289079	0.0077557573	False	none
RNA_V2_G0061	SRR30917243	SRR30917251	biological_replicate_runs	0.99038855	0.98747098	1.0055866	0.70513503	0.70654976	0.0014147234	False	none
RNA_V2_G0061	SRR30917247	SRR30917251	biological_replicate_runs	0.99482399	0.99277701	1.0671228	0.71289079	0.70654976	0.0063410339	False	none
RNA_V2_G0062	SRR30917240	SRR30917244	biological_replicate_runs	0.99294882	0.99215374	1.0624517	0.71031299	0.71450789	0.0041949044	False	none
RNA_V2_G0062	SRR30917240	SRR30917248	biological_replicate_runs	0.99080665	0.98827395	1.0279719	0.71031299	0.72161588	0.011302898	False	none
RNA_V2_G0062	SRR30917240	SRR30917252	biological_replicate_runs	0.98823394	0.98679971	1.1056364	0.71031299	0.71486995	0.0045569674	False	none
RNA_V2_G0062	SRR30917244	SRR30917248	biological_replicate_runs	0.98677888	0.98478941	1.0335415	0.71450789	0.72161588	0.0071079931	False	none
RNA_V2_G0062	SRR30917244	SRR30917252	biological_replicate_runs	0.9816771	0.98059399	1.0406463	0.71450789	0.71486995	0.00036206299	False	none
RNA_V2_G0062	SRR30917248	SRR30917252	biological_replicate_runs	0.99277252	0.99234	1.0755512	0.72161588	0.71486995	0.0067459301	False	none
RNA_V2_G0063	SRR30917237	SRR30917241	biological_replicate_runs	0.98858577	0.98813038	1.0382187	0.69945121	0.70358057	0.0041293631	False	none
RNA_V2_G0063	SRR30917237	SRR30917245	biological_replicate_runs	0.98387327	0.98348382	1.0401744	0.69945121	0.69812114	0.0013300642	False	none
RNA_V2_G0063	SRR30917237	SRR30917249	biological_replicate_runs	0.98578224	0.98498362	1.016075	0.69945121	0.70778178	0.0083305703	False	none
RNA_V2_G0063	SRR30917241	SRR30917245	biological_replicate_runs	0.9804144	0.97942527	1.0799285	0.70358057	0.69812114	0.0054594272	False	none
RNA_V2_G0063	SRR30917241	SRR30917249	biological_replicate_runs	0.98545686	0.98270356	1.0549081	0.70358057	0.70778178	0.0042012072	False	none
RNA_V2_G0063	SRR30917245	SRR30917249	biological_replicate_runs	0.99329177	0.99342454	1.0237181	0.69812114	0.70778178	0.0096606344	False	none
RNA_V2_G0064	SRR30917238	SRR30917242	biological_replicate_runs	0.98767675	0.98913303	1.1124587	0.69155287	0.70710729	0.015554418	False	none
RNA_V2_G0064	SRR30917238	SRR30917246	biological_replicate_runs	0.96786752	0.97085414	1.0164945	0.69155287	0.69803711	0.0064842435	False	none
RNA_V2_G0064	SRR30917238	SRR30917250	biological_replicate_runs	0.97240977	0.97329557	1.1374247	0.69155287	0.70343665	0.011883784	False	none
RNA_V2_G0064	SRR30917242	SRR30917246	biological_replicate_runs	0.97812175	0.97776253	1.094407	0.70710729	0.69803711	0.0090701741	False	none
RNA_V2_G0064	SRR30917242	SRR30917250	biological_replicate_runs	0.97627295	0.97552684	1.0224421	0.70710729	0.70343665	0.0036706336	False	none
RNA_V2_G0064	SRR30917246	SRR30917250	biological_replicate_runs	0.99073821	0.98989476	1.1189678	0.69803711	0.70343665	0.0053995405	False	none
RNA_V2_G0065	SRR31283481	SRR31283482	biological_replicate_runs	0.87950827	0.91603656	1.4491974	0.90337377	0.86850769	0.034866083	False	none
RNA_V2_G0065	SRR31283481	SRR31283483	biological_replicate_runs	0.93711478	0.94023307	1.3077765	0.90337377	0.89652572	0.0068480517	False	none
RNA_V2_G0065	SRR31283481	SRR31283484	biological_replicate_runs	0.92472724	0.93215112	1.0924745	0.90337377	0.92287107	0.019497299	False	none
RNA_V2_G0065	SRR31283481	SRR31283485	biological_replicate_runs	0.89246217	0.92014214	1.0773226	0.90337377	0.87813834	0.025235426	False	none
RNA_V2_G0065	SRR31283481	SRR31283486	biological_replicate_runs	0.90568641	0.92131732	1.3168453	0.90337377	0.89033431	0.013039464	False	none
RNA_V2_G0065	SRR31283481	SRR31283487	biological_replicate_runs	0.92665493	0.92995003	1.0077112	0.90337377	0.90302121	0.0003525589	False	none
RNA_V2_G0065	SRR31283481	SRR31283488	biological_replicate_runs	0.91559832	0.91860099	1.2637347	0.90337377	0.92834253	0.024968763	False	none
RNA_V2_G0065	SRR31283481	SRR31283514	biological_replicate_runs	0.9104526	0.91795453	1.2240707	0.90337377	0.91485314	0.011479366	False	none
RNA_V2_G0065	SRR31283481	SRR31283515	biological_replicate_runs	0.86809968	0.90176834	1.0736357	0.90337377	0.88322477	0.020149002	False	none
RNA_V2_G0065	SRR31283481	SRR31283516	biological_replicate_runs	0.91490923	0.92199559	1.0392061	0.90337377	0.89101845	0.012355319	False	none
RNA_V2_G0065	SRR31283481	SRR31283517	biological_replicate_runs	0.88033774	0.90274109	1.0227414	0.90337377	0.88451253	0.018861243	False	none
RNA_V2_G0065	SRR31283482	SRR31283483	biological_replicate_runs	0.87086908	0.92476211	1.1081384	0.86850769	0.89652572	0.028018031	False	none
RNA_V2_G0065	SRR31283482	SRR31283484	biological_replicate_runs	0.85299802	0.89274969	1.5832112	0.86850769	0.92287107	0.054363382	False	none
RNA_V2_G0065	SRR31283482	SRR31283485	biological_replicate_runs	0.97538645	0.9712363	1.3451843	0.86850769	0.87813834	0.0096306562	False	none
RNA_V2_G0065	SRR31283482	SRR31283486	biological_replicate_runs	0.9574607	0.96171984	1.100507	0.86850769	0.89033431	0.021826619	False	none
RNA_V2_G0065	SRR31283482	SRR31283487	biological_replicate_runs	0.9108846	0.92866474	1.4381079	0.86850769	0.90302121	0.034513524	False	none
RNA_V2_G0065	SRR31283482	SRR31283488	biological_replicate_runs	0.83784264	0.8929722	1.1467577	0.86850769	0.92834253	0.059834846	False	none
RNA_V2_G0065	SRR31283482	SRR31283514	biological_replicate_runs	0.87051433	0.91162702	1.1839165	0.86850769	0.91485314	0.046345449	False	none
RNA_V2_G0065	SRR31283482	SRR31283515	biological_replicate_runs	0.97075843	0.96423956	1.3498036	0.86850769	0.88322477	0.01471708	False	none
RNA_V2_G0065	SRR31283482	SRR31283516	biological_replicate_runs	0.93627727	0.94570962	1.3945235	0.86850769	0.89101845	0.022510764	False	none
RNA_V2_G0065	SRR31283482	SRR31283517	biological_replicate_runs	0.95399402	0.95269131	1.4169735	0.86850769	0.88451253	0.01600484	False	none
RNA_V2_G0065	SRR31283483	SRR31283484	biological_replicate_runs	0.91737293	0.9320822	1.4287124	0.89652572	0.92287107	0.026345351	False	none
RNA_V2_G0065	SRR31283483	SRR31283485	biological_replicate_runs	0.90354916	0.95038382	1.2139136	0.89652572	0.87813834	0.018387375	False	none
RNA_V2_G0065	SRR31283483	SRR31283486	biological_replicate_runs	0.93245269	0.95857233	1.0069345	0.89652572	0.89033431	0.0061914118	False	none
RNA_V2_G0065	SRR31283483	SRR31283487	biological_replicate_runs	0.93686001	0.95701177	1.2977692	0.89652572	0.90302121	0.0064954928	False	none
RNA_V2_G0065	SRR31283483	SRR31283488	biological_replicate_runs	0.95204753	0.95491797	1.0348505	0.89652572	0.92834253	0.031816815	False	none
RNA_V2_G0065	SRR31283483	SRR31283514	biological_replicate_runs	0.95073246	0.9574801	1.0683832	0.89652572	0.91485314	0.018327418	False	none
RNA_V2_G0065	SRR31283483	SRR31283515	biological_replicate_runs	0.88242767	0.93734458	1.2180821	0.89652572	0.88322477	0.013300951	False	none
RNA_V2_G0065	SRR31283483	SRR31283516	biological_replicate_runs	0.94283673	0.96223308	1.258438	0.89652572	0.89101845	0.0055072668	False	none
RNA_V2_G0065	SRR31283483	SRR31283517	biological_replicate_runs	0.90533485	0.94569801	1.2786971	0.89652572	0.88451253	0.012013191	False	none
RNA_V2_G0065	SRR31283484	SRR31283485	biological_replicate_runs	0.87408309	0.91476717	1.1769474	0.92287107	0.87813834	0.044732725	False	none
RNA_V2_G0065	SRR31283484	SRR31283486	biological_replicate_runs	0.89014439	0.92163494	1.4386199	0.92287107	0.89033431	0.032536763	False	none
RNA_V2_G0065	SRR31283484	SRR31283487	biological_replicate_runs	0.94051847	0.95649258	1.1008988	0.92287107	0.90302121	0.019849858	False	none
RNA_V2_G0065	SRR31283484	SRR31283488	biological_replicate_runs	0.91061982	0.92799219	1.3805979	0.92287107	0.92834253	0.0054714644	False	none
RNA_V2_G0065	SRR31283484	SRR31283514	biological_replicate_runs	0.89564286	0.92176435	1.3372659	0.92287107	0.91485314	0.0080179326	False	none
RNA_V2_G0065	SRR31283484	SRR31283515	biological_replicate_runs	0.8527041	0.9022877	1.1729196	0.92287107	0.88322477	0.039646301	False	none
RNA_V2_G0065	SRR31283484	SRR31283516	biological_replicate_runs	0.90702169	0.93222433	1.1353062	0.92287107	0.89101845	0.031852618	False	none
RNA_V2_G0065	SRR31283484	SRR31283517	biological_replicate_runs	0.86646477	0.90772031	1.1173189	0.92287107	0.88451253	0.038358542	False	none
RNA_V2_G0065	SRR31283485	SRR31283486	biological_replicate_runs	0.98235351	0.98818647	1.2223315	0.87813834	0.89033431	0.012195963	False	none
RNA_V2_G0065	SRR31283485	SRR31283487	biological_replicate_runs	0.94037617	0.95960673	1.0690787	0.87813834	0.90302121	0.024882868	False	none
RNA_V2_G0065	SRR31283485	SRR31283488	biological_replicate_runs	0.87955686	0.93173843	1.1730328	0.87813834	0.92834253	0.05020419	False	none
RNA_V2_G0065	SRR31283485	SRR31283514	biological_replicate_runs	0.9087636	0.94780926	1.1362156	0.87813834	0.91485314	0.036714793	False	none
RNA_V2_G0065	SRR31283485	SRR31283515	biological_replicate_runs	0.98581135	0.98681574	1.003434	0.87813834	0.88322477	0.0050864241	False	none
RNA_V2_G0065	SRR31283485	SRR31283516	biological_replicate_runs	0.97010002	0.97999421	1.0366784	0.87813834	0.89101845	0.012880108	False	none
RNA_V2_G0065	SRR31283485	SRR31283517	biological_replicate_runs	0.98277222	0.98502016	1.0533675	0.87813834	0.88451253	0.0063741835	False	none
RNA_V2_G0065	SRR31283486	SRR31283487	biological_replicate_runs	0.94700373	0.96464311	1.3067685	0.89033431	0.90302121	0.012686905	False	none
RNA_V2_G0065	SRR31283486	SRR31283488	biological_replicate_runs	0.90675501	0.9419342	1.0420267	0.89033431	0.92834253	0.038008227	False	none
RNA_V2_G0065	SRR31283486	SRR31283514	biological_replicate_runs	0.93566884	0.95742787	1.0757919	0.89033431	0.91485314	0.02451883	False	none
RNA_V2_G0065	SRR31283486	SRR31283515	biological_replicate_runs	0.97090918	0.98147912	1.2265289	0.89033431	0.88322477	0.0071095389	False	none
RNA_V2_G0065	SRR31283486	SRR31283516	biological_replicate_runs	0.97639831	0.9830263	1.2671646	0.89033431	0.89101845	0.00068414497	False	none
RNA_V2_G0065	SRR31283486	SRR31283517	biological_replicate_runs	0.97964811	0.98602939	1.2875643	0.89033431	0.88451253	0.0058217794	False	none
RNA_V2_G0065	SRR31283487	SRR31283488	biological_replicate_runs	0.93361725	0.95731115	1.2540644	0.90302121	0.92834253	0.025321322	False	none
RNA_V2_G0065	SRR31283487	SRR31283514	biological_replicate_runs	0.93349772	0.95898732	1.2147038	0.90302121	0.91485314	0.011831925	False	none
RNA_V2_G0065	SRR31283487	SRR31283515	biological_replicate_runs	0.92846262	0.95535249	1.0654201	0.90302121	0.88322477	0.019796444	False	none
RNA_V2_G0065	SRR31283487	SRR31283516	biological_replicate_runs	0.96457889	0.9752605	1.0312539	0.90302121	0.89101845	0.01200276	False	none
RNA_V2_G0065	SRR31283487	SRR31283517	biological_replicate_runs	0.94195736	0.96372614	1.0149152	0.90302121	0.88451253	0.018508684	False	none
RNA_V2_G0065	SRR31283488	SRR31283514	biological_replicate_runs	0.95694568	0.97183565	1.0324034	0.92834253	0.91485314	0.013489397	False	none
RNA_V2_G0065	SRR31283488	SRR31283515	biological_replicate_runs	0.86811186	0.93059268	1.1770609	0.92834253	0.88322477	0.045117766	False	none
RNA_V2_G0065	SRR31283488	SRR31283516	biological_replicate_runs	0.93246988	0.95756972	1.2160577	0.92834253	0.89101845	0.037324082	False	none
RNA_V2_G0065	SRR31283488	SRR31283517	biological_replicate_runs	0.89092537	0.93988179	1.2356346	0.92834253	0.88451253	0.043830006	False	none
RNA_V2_G0065	SRR31283514	SRR31283515	biological_replicate_runs	0.89815846	0.94607009	1.1401173	0.91485314	0.88322477	0.031628369	False	none
RNA_V2_G0065	SRR31283514	SRR31283516	biological_replicate_runs	0.9459937	0.96441787	1.1778901	0.91485314	0.89101845	0.023834685	False	none
RNA_V2_G0065	SRR31283514	SRR31283517	biological_replicate_runs	0.91981567	0.95431041	1.1968525	0.91485314	0.88451253	0.030340609	False	none
RNA_V2_G0065	SRR31283515	SRR31283516	biological_replicate_runs	0.96560825	0.98178012	1.0331307	0.88322477	0.89101845	0.0077936839	False	none
RNA_V2_G0065	SRR31283515	SRR31283517	biological_replicate_runs	0.98278989	0.98797982	1.0497627	0.88322477	0.88451253	0.0012877595	False	none
RNA_V2_G0065	SRR31283516	SRR31283517	biological_replicate_runs	0.97766993	0.98635968	1.0160986	0.89101845	0.88451253	0.0065059244	False	none
RNA_V2_G0066	SRR31283489	SRR31283498	biological_replicate_runs	0.97637842	0.97987434	2.3706246	0.88120512	0.8914415	0.010236375	True	manual_review_no_automatic_exclusion
RNA_V2_G0066	SRR31283489	SRR31283499	biological_replicate_runs	0.964245	0.97404829	3.3151509	0.88120512	0.89591383	0.014708703	True	manual_review_no_automatic_exclusion
RNA_V2_G0066	SRR31283489	SRR31283500	biological_replicate_runs	0.94983898	0.96828621	1.0345453	0.88120512	0.90843875	0.027233629	False	none
RNA_V2_G0066	SRR31283489	SRR31283501	biological_replicate_runs	0.94136133	0.93983723	1.7336083	0.88120512	0.84156144	0.039643679	False	none
RNA_V2_G0066	SRR31283489	SRR31283502	biological_replicate_runs	0.91653652	0.93983598	3.3464965	0.88120512	0.89571987	0.014514752	True	manual_review_no_automatic_exclusion
RNA_V2_G0066	SRR31283489	SRR31283503	biological_replicate_runs	0.97249138	0.97973484	1.9176118	0.88120512	0.88626762	0.0050624993	False	none
RNA_V2_G0066	SRR31283489	SRR31283504	biological_replicate_runs	0.94963712	0.95111504	1.6902105	0.88120512	0.84619176	0.035013361	False	none
RNA_V2_G0066	SRR31283489	SRR31283505	biological_replicate_runs	0.9694078	0.97830344	2.0207505	0.88120512	0.89247164	0.011266517	True	manual_review_no_automatic_exclusion
RNA_V2_G0066	SRR31283498	SRR31283499	biological_replicate_runs	0.98032175	0.98192222	1.3984293	0.8914415	0.89591383	0.0044723281	False	none
RNA_V2_G0066	SRR31283498	SRR31283500	biological_replicate_runs	0.92003337	0.95192664	2.4525185	0.8914415	0.90843875	0.016997254	True	manual_review_no_automatic_exclusion
RNA_V2_G0066	SRR31283498	SRR31283501	biological_replicate_runs	0.92966833	0.93040777	1.3674511	0.8914415	0.84156144	0.049880053	False	none
RNA_V2_G0066	SRR31283498	SRR31283502	biological_replicate_runs	0.95034584	0.95994825	1.4116518	0.8914415	0.89571987	0.0042783768	False	none
RNA_V2_G0066	SRR31283498	SRR31283503	biological_replicate_runs	0.97992458	0.98197224	1.236238	0.8914415	0.88626762	0.0051738757	False	none
RNA_V2_G0066	SRR31283498	SRR31283504	biological_replicate_runs	0.94154988	0.94229196	1.4025617	0.8914415	0.84619176	0.045249736	False	none
RNA_V2_G0066	SRR31283498	SRR31283505	biological_replicate_runs	0.96872008	0.97412585	1.1731407	0.8914415	0.89247164	0.0010301418	False	none
RNA_V2_G0066	SRR31283499	SRR31283500	biological_replicate_runs	0.8964907	0.93604438	3.4296737	0.89591383	0.90843875	0.012524926	True	manual_review_no_automatic_exclusion
RNA_V2_G0066	SRR31283499	SRR31283501	biological_replicate_runs	0.9175894	0.92253807	1.9122837	0.89591383	0.84156144	0.054352382	False	none
RNA_V2_G0066	SRR31283499	SRR31283502	biological_replicate_runs	0.96321791	0.97159386	1.0094553	0.89591383	0.89571987	0.00019395128	False	none
RNA_V2_G0066	SRR31283499	SRR31283503	biological_replicate_runs	0.97826353	0.98147946	1.7287914	0.89591383	0.88626762	0.0096462038	False	none
RNA_V2_G0066	SRR31283499	SRR31283504	biological_replicate_runs	0.93441564	0.93739059	1.9613834	0.89591383	0.84619176	0.049722064	False	none
RNA_V2_G0066	SRR31283499	SRR31283505	biological_replicate_runs	0.97080555	0.97723292	1.6405543	0.89591383	0.89247164	0.0034421864	False	none
RNA_V2_G0066	SRR31283500	SRR31283501	biological_replicate_runs	0.91583576	0.92972766	1.7934963	0.90843875	0.84156144	0.066877308	False	none
RNA_V2_G0066	SRR31283500	SRR31283502	biological_replicate_runs	0.82905702	0.89376256	3.4621022	0.90843875	0.89571987	0.012718877	True	manual_review_no_automatic_exclusion
RNA_V2_G0066	SRR31283500	SRR31283503	biological_replicate_runs	0.90928923	0.95038954	1.9838562	0.90843875	0.88626762	0.02217113	False	none
RNA_V2_G0066	SRR31283500	SRR31283504	biological_replicate_runs	0.90867284	0.93133886	1.7485993	0.90843875	0.84619176	0.06224699	False	none
RNA_V2_G0066	SRR31283500	SRR31283505	biological_replicate_runs	0.91674615	0.95408647	2.0905579	0.90843875	0.89247164	0.015967113	True	manual_review_no_automatic_exclusion
RNA_V2_G0066	SRR31283501	SRR31283502	biological_replicate_runs	0.87347283	0.89278102	1.9303648	0.84156144	0.89571987	0.05415843	False	none
RNA_V2_G0066	SRR31283501	SRR31283503	biological_replicate_runs	0.92807448	0.93355735	1.106139	0.84156144	0.88626762	0.044706178	False	none
RNA_V2_G0066	SRR31283501	SRR31283504	biological_replicate_runs	0.9757473	0.97281654	1.025676	0.84156144	0.84619176	0.0046303174	False	none
RNA_V2_G0066	SRR31283501	SRR31283505	biological_replicate_runs	0.92498079	0.93082919	1.1656327	0.84156144	0.89247164	0.050910195	False	none
RNA_V2_G0066	SRR31283502	SRR31283503	biological_replicate_runs	0.96173753	0.96967208	1.7451376	0.89571987	0.88626762	0.0094522525	False	none
RNA_V2_G0066	SRR31283502	SRR31283504	biological_replicate_runs	0.89600606	0.91233719	1.9799288	0.89571987	0.84619176	0.049528113	False	none
RNA_V2_G0066	SRR31283502	SRR31283505	biological_replicate_runs	0.9418321	0.96017339	1.6560662	0.89571987	0.89247164	0.0032482351	False	none
RNA_V2_G0066	SRR31283503	SRR31283504	biological_replicate_runs	0.94759711	0.95198945	1.1345402	0.88626762	0.84619176	0.04007586	False	none
RNA_V2_G0066	SRR31283503	SRR31283505	biological_replicate_runs	0.97951111	0.98701861	1.053785	0.88626762	0.89247164	0.0062040174	False	none
RNA_V2_G0066	SRR31283504	SRR31283505	biological_replicate_runs	0.94537301	0.94928335	1.1955614	0.84619176	0.89247164	0.046279878	False	none
RNA_V2_G0067	SRR34430875	SRR34430876	biological_replicate_runs	0.97414944	0.9604862	1.167586	0.56168431	0.61939841	0.057714097	False	none
RNA_V2_G0067	SRR34430875	SRR34430877	biological_replicate_runs	0.97033162	0.95785118	1.0661617	0.56168431	0.65447164	0.092787335	False	none
RNA_V2_G0067	SRR34430876	SRR34430877	biological_replicate_runs	0.96957257	0.95760424	1.0951303	0.61939841	0.65447164	0.035073238	False	none
RNA_V2_G0068	SRR34430878	SRR34430879	biological_replicate_runs	0.97782368	0.96505563	1.1266534	0.64938063	0.60757034	0.041810292	False	none
RNA_V2_G0068	SRR34430878	SRR34430880	biological_replicate_runs	0.97663709	0.96382078	1.2039993	0.64938063	0.64329907	0.0060815612	False	none
RNA_V2_G0068	SRR34430878	SRR34430887	biological_replicate_runs	0.96020346	0.95268064	2.3698695	0.64938063	0.62842721	0.02095342	True	manual_review_no_automatic_exclusion
RNA_V2_G0068	SRR34430878	SRR34430888	biological_replicate_runs	0.95643719	0.94997943	2.9522395	0.64938063	0.65992055	0.010539917	True	manual_review_no_automatic_exclusion
RNA_V2_G0068	SRR34430878	SRR34430889	biological_replicate_runs	0.95933308	0.9516673	2.5189016	0.64938063	0.63840524	0.01097539	True	manual_review_no_automatic_exclusion
RNA_V2_G0068	SRR34430879	SRR34430880	biological_replicate_runs	0.9775128	0.96569507	1.0686509	0.60757034	0.64329907	0.035728731	False	none
RNA_V2_G0068	SRR34430879	SRR34430887	biological_replicate_runs	0.96105541	0.95257487	2.6700217	0.60757034	0.62842721	0.020856873	True	manual_review_no_automatic_exclusion
RNA_V2_G0068	SRR34430879	SRR34430888	biological_replicate_runs	0.95630651	0.94839286	3.3261508	0.60757034	0.65992055	0.05235021	True	manual_review_no_automatic_exclusion
RNA_V2_G0068	SRR34430879	SRR34430889	biological_replicate_runs	0.96042169	0.95157642	2.8379291	0.60757034	0.63840524	0.030834902	True	manual_review_no_automatic_exclusion
RNA_V2_G0068	SRR34430880	SRR34430887	biological_replicate_runs	0.95827846	0.95068474	2.8533212	0.64329907	0.62842721	0.014871858	True	manual_review_no_automatic_exclusion
RNA_V2_G0068	SRR34430880	SRR34430888	biological_replicate_runs	0.95468255	0.94712872	3.5544942	0.64329907	0.65992055	0.016621479	True	manual_review_no_automatic_exclusion
RNA_V2_G0068	SRR34430880	SRR34430889	biological_replicate_runs	0.95756435	0.9492358	3.0327557	0.64329907	0.63840524	0.0048938291	True	manual_review_no_automatic_exclusion
RNA_V2_G0068	SRR34430887	SRR34430888	biological_replicate_runs	0.99259694	0.98817682	1.2457392	0.62842721	0.65992055	0.031493337	False	none
RNA_V2_G0068	SRR34430887	SRR34430889	biological_replicate_runs	0.99430602	0.98781841	1.0628862	0.62842721	0.63840524	0.0099780292	False	none
RNA_V2_G0068	SRR34430888	SRR34430889	biological_replicate_runs	0.99190099	0.9872878	1.1720345	0.65992055	0.63840524	0.021515308	False	none
RNA_V2_G0069	SRR34430881	SRR34430882	biological_replicate_runs	0.99639055	0.99216692	1.002714	0.6492377	0.65060746	0.0013697559	False	none
RNA_V2_G0069	SRR34430881	SRR34430883	biological_replicate_runs	0.99578514	0.99161508	1.0615414	0.6492377	0.65869567	0.0094579669	False	none
RNA_V2_G0069	SRR34430882	SRR34430883	biological_replicate_runs	0.99616971	0.99212887	1.0644224	0.65060746	0.65869567	0.008088211	False	none
RNA_V2_G0070	SRR34430884	SRR34430885	biological_replicate_runs	0.9948216	0.98943191	1.063979	0.6270149	0.62440596	0.0026089478	False	none
RNA_V2_G0070	SRR34430884	SRR34430886	biological_replicate_runs	0.99446124	0.9887915	1.0741366	0.6270149	0.62453166	0.0024832405	False	none
RNA_V2_G0070	SRR34430885	SRR34430886	biological_replicate_runs	0.99452807	0.98909999	1.0095468	0.62440596	0.62453166	0.00012570731	False	none
RNA_V2_G0071	SRR34582731	SRR34582732	biological_replicate_runs	0.98477665	0.97985789	1.589181	0.51741748	0.57847099	0.061053504	False	none
RNA_V2_G0071	SRR34582731	SRR34582733	biological_replicate_runs	0.94112134	0.94491625	1.1403586	0.51741748	0.56840562	0.050988133	False	none
RNA_V2_G0071	SRR34582732	SRR34582733	biological_replicate_runs	0.94817155	0.94766662	1.39358	0.57847099	0.56840562	0.010065371	False	none
RNA_V2_G0072	SRR34582728	SRR34582729	biological_replicate_runs	0.98246483	0.97657824	1.2808577	0.51469777	0.57383395	0.059136181	False	none
RNA_V2_G0072	SRR34582728	SRR34582730	biological_replicate_runs	0.98835044	0.97961394	1.6868899	0.51469777	0.58789984	0.073202076	False	none
RNA_V2_G0072	SRR34582729	SRR34582730	biological_replicate_runs	0.98780519	0.98188585	1.3170002	0.57383395	0.58789984	0.014065895	False	none
RNA_V2_G0073	SRR34582725	SRR34582726	biological_replicate_runs	0.98806503	0.98184598	1.3218163	0.5824042	0.57088418	0.011520016	False	none
RNA_V2_G0073	SRR34582725	SRR34582727	biological_replicate_runs	0.96394164	0.97310011	1.211882	0.5824042	0.60016853	0.017764333	False	none
RNA_V2_G0073	SRR34582726	SRR34582727	biological_replicate_runs	0.96458513	0.97068425	1.0907137	0.57088418	0.60016853	0.029284349	False	none
RNA_V2_G0074	SRR34582722	SRR34582723	biological_replicate_runs	0.98971818	0.98462198	1.17605	0.51188366	0.54411605	0.032232392	False	none
RNA_V2_G0074	SRR34582722	SRR34582724	biological_replicate_runs	0.9825353	0.9803852	1.0599165	0.51188366	0.5467285	0.034844841	False	none
RNA_V2_G0074	SRR34582723	SRR34582724	biological_replicate_runs	0.98720061	0.9813958	1.1095685	0.54411605	0.5467285	0.0026124483	False	none
RNA_V2_G0075	SRR34628133	SRR34628134	biological_replicate_runs	0.98645612	0.98416242	1.0208012	0.62053712	0.62819641	0.0076592902	False	none
RNA_V2_G0075	SRR34628133	SRR34628135	biological_replicate_runs	0.973488	0.97875736	1.0779151	0.62053712	0.64832012	0.027783002	False	none
RNA_V2_G0075	SRR34628134	SRR34628135	biological_replicate_runs	0.98248205	0.97993406	1.0559501	0.62819641	0.64832012	0.020123711	False	none
RNA_V2_G0076	SRR34628130	SRR34628131	biological_replicate_runs	0.97873309	0.97710231	1.2049985	0.59179657	0.65742016	0.065623586	False	none
RNA_V2_G0076	SRR34628130	SRR34628132	biological_replicate_runs	0.96729017	0.97328545	1.3729166	0.59179657	0.59158172	0.00021485429	False	none
RNA_V2_G0076	SRR34628131	SRR34628132	biological_replicate_runs	0.96855365	0.96748133	1.1393514	0.65742016	0.59158172	0.06583844	False	none
RNA_V2_G0077	SRR34628127	SRR34628128	biological_replicate_runs	0.99058422	0.98593942	1.440844	0.56957708	0.61271092	0.043133834	False	none
RNA_V2_G0077	SRR34628127	SRR34628129	biological_replicate_runs	0.98901781	0.98540945	1.3326184	0.56957708	0.60730871	0.037731631	False	none
RNA_V2_G0077	SRR34628128	SRR34628129	biological_replicate_runs	0.98078482	0.98045247	1.0812127	0.61271092	0.60730871	0.0054022032	False	none
RNA_V2_G0078	SRR34628124	SRR34628125	biological_replicate_runs	0.99205837	0.98821223	1.0112335	0.59845524	0.5788311	0.019624143	False	none
RNA_V2_G0078	SRR34628124	SRR34628126	biological_replicate_runs	0.98215169	0.98264672	1.086072	0.59845524	0.5798728	0.018582443	False	none
RNA_V2_G0078	SRR34628125	SRR34628126	biological_replicate_runs	0.98721066	0.98481939	1.0740072	0.5788311	0.5798728	0.0010417003	False	none
RNA_V2_G0079	SRR34629314	SRR34629315	biological_replicate_runs	0.88285699	0.90324816	1.0825506	0.81669038	0.70444166	0.11224872	False	none
RNA_V2_G0079	SRR34629314	SRR34629316	biological_replicate_runs	0.91318369	0.95103649	1.0330919	0.81669038	0.90441832	0.087727938	False	none
RNA_V2_G0079	SRR34629314	SRR34629317	biological_replicate_runs	0.96258392	0.9744497	1.1835653	0.81669038	0.82483137	0.0081409871	False	none
RNA_V2_G0079	SRR34629315	SRR34629316	biological_replicate_runs	0.82721369	0.88324909	1.0478744	0.70444166	0.90441832	0.19997666	False	none
RNA_V2_G0079	SRR34629315	SRR34629317	biological_replicate_runs	0.89207484	0.92061936	1.2812693	0.70444166	0.82483137	0.12038971	False	none
RNA_V2_G0079	SRR34629316	SRR34629317	biological_replicate_runs	0.90945333	0.94799728	1.2227317	0.90441832	0.82483137	0.07958695	False	none
RNA_V2_G0080	SRR34629318	SRR34629319	biological_replicate_runs	0.96715785	0.97397311	1.0339791	0.75862866	0.77539761	0.016768957	False	none
RNA_V2_G0080	SRR34629318	SRR34629320	biological_replicate_runs	0.97234583	0.97991157	1.0420569	0.75862866	0.78128864	0.022659987	False	none
RNA_V2_G0080	SRR34629319	SRR34629320	biological_replicate_runs	0.96275553	0.9742159	1.0078123	0.77539761	0.78128864	0.0058910306	False	none
RNA_V2_G0081	SRR36521013	SRR36521017	biological_replicate_runs	0.99170773	0.98794769	1.0258498	0.61175623	0.60936972	0.0023865142	False	none
RNA_V2_G0081	SRR36521013	SRR36521021	biological_replicate_runs	0.99346084	0.9898943	1.3338885	0.61175623	0.63513883	0.023382597	False	none
RNA_V2_G0081	SRR36521017	SRR36521021	biological_replicate_runs	0.99190881	0.98838603	1.3002766	0.60936972	0.63513883	0.025769112	False	none
RNA_V2_G0082	SRR36521011	SRR36521015	biological_replicate_runs	0.99267053	0.98895336	1.2197279	0.60682943	0.62750747	0.02067804	False	none
RNA_V2_G0082	SRR36521011	SRR36521019	biological_replicate_runs	0.99369999	0.98939228	1.0860163	0.60682943	0.61255901	0.0057295808	False	none
RNA_V2_G0082	SRR36521015	SRR36521019	biological_replicate_runs	0.99172651	0.98827609	1.1231211	0.62750747	0.61255901	0.014948459	False	none
RNA_V2_G0083	SRR36521012	SRR36521016	biological_replicate_runs	0.98722141	0.98502596	1.1546992	0.61916065	0.65882078	0.039660124	False	none
RNA_V2_G0083	SRR36521012	SRR36521020	biological_replicate_runs	0.99217762	0.98887366	1.3786789	0.61916065	0.65312381	0.033963154	False	none
RNA_V2_G0083	SRR36521016	SRR36521020	biological_replicate_runs	0.98783751	0.98526866	1.1939723	0.65882078	0.65312381	0.0056969697	False	none
RNA_V2_G0084	SRR36521014	SRR36521018	biological_replicate_runs	0.98285693	0.98141521	1.1155921	0.61546418	0.65527095	0.039806764	False	none
RNA_V2_G0084	SRR36521014	SRR36521022	biological_replicate_runs	0.99096885	0.98700101	1.0304754	0.61546418	0.63412685	0.018662664	False	none
RNA_V2_G0084	SRR36521018	SRR36521022	biological_replicate_runs	0.98707859	0.98506028	1.0825994	0.65527095	0.63412685	0.0211441	False	none
