group_id	group_status	sra_study_accession	bioproject_accession	geo_accession	assay	strand	tissue_or_cell_type	anatomy_curie	anatomy_label	anatomy_mapping_status	development_stage	life_stage_curie	life_stage_label	life_stage_mapping_status	sex	strain	genotype	condition	replicate_relation_status	n_members	n_runs	n_biological_units	sample_ids	ontology_exclusion_reason	include_formal_v2	formal_block_reason
RNA_V2_G0001	candidate_after_uniform_reprocessing	SRP056941	PRJNA280541	GSE67650	RNA-Seq	unknown	whole animal	WBbt:0000100	C. elegans anatomical entity	supported_root_for_whole_organism_sample	L3	WBls:0000035	L3 larva Ce	exact_stage		BS553	mutated		source_title_or_alias_biological_replicates	8	8	3	SRR2541829,SRR2541830,SRR2541831,SRR2541832,SRR2541833,SRR2541834,SRR2541835,SRR2541836		False	normalization_class_C_requires_uniform_reprocessing
RNA_V2_G0002	candidate_after_uniform_reprocessing	SRP056941	PRJNA280541	GSE67650	RNA-Seq	unknown	whole animal	WBbt:0000100	C. elegans anatomical entity	supported_root_for_whole_organism_sample	L3	WBls:0000035	L3 larva Ce	exact_stage		CB428	mutated		source_title_or_alias_biological_replicates	6	6	4	SRR1956664,SRR1956665,SRR1956666,SRR1956667,SRR1956668,SRR1956669		False	normalization_class_C_requires_uniform_reprocessing
RNA_V2_G0003	candidate_after_uniform_reprocessing	SRP056941	PRJNA280541	GSE67650	RNA-Seq	unknown	whole animal	WBbt:0000100	C. elegans anatomical entity	supported_root_for_whole_organism_sample	L3	WBls:0000035	L3 larva Ce	exact_stage		MT14911	mutated		source_title_or_alias_biological_replicates	5	5	4	SRR1956670,SRR1956671,SRR1956672,SRR1956673,SRR1956674		False	normalization_class_C_requires_uniform_reprocessing
RNA_V2_G0004	candidate_after_uniform_reprocessing	SRP056941	PRJNA280541	GSE67650	RNA-Seq	unknown	whole animal	WBbt:0000100	C. elegans anatomical entity	supported_root_for_whole_organism_sample	L3	WBls:0000035	L3 larva Ce	exact_stage		N2	WT		source_title_or_alias_biological_replicates	12	12	7	SRR1956641,SRR1956642,SRR1956643,SRR1956644,SRR1956645,SRR1956646,SRR1956647,SRR1956659,SRR1956660,SRR1956661,SRR1956662,SRR1956663		False	normalization_class_C_requires_uniform_reprocessing
RNA_V2_G0005	candidate_after_uniform_reprocessing	SRP056941	PRJNA280541	GSE67650	RNA-Seq	unknown	whole animal	WBbt:0000100	C. elegans anatomical entity	supported_root_for_whole_organism_sample	L3	WBls:0000035	L3 larva Ce	exact_stage		N2, DPY-27 RNAi	WT+treated		source_title_or_alias_biological_replicates	4	4	4	SRR1956694,SRR1956695,SRR1956696,SRR1956697		False	normalization_class_C_requires_uniform_reprocessing
RNA_V2_G0006	candidate_after_uniform_reprocessing	SRP056941	PRJNA280541	GSE67650	RNA-Seq	unknown	whole animal	WBbt:0000100	C. elegans anatomical entity	supported_root_for_whole_organism_sample	L3	WBls:0000035	L3 larva Ce	exact_stage		N2, Vector RNAi	WT+treated		source_title_or_alias_biological_replicates	4	4	4	SRR1956698,SRR1956699,SRR1956700,SRR1956701		False	normalization_class_C_requires_uniform_reprocessing
RNA_V2_G0007	candidate_after_uniform_reprocessing	SRP075274	PRJNA321853	GSE81520	RNA-Seq	unknown	whole animal	WBbt:0000100	C. elegans anatomical entity	supported_root_for_whole_organism_sample	L2	WBls:0000027	L2 larva Ce	exact_stage		AM1062	unc-119(ed9)III; rmSi1 II; hsf-1(sy441) I		source_title_or_alias_biological_replicates	6	6	6	SRR4069206,SRR4069207,SRR4069208,SRR4069209,SRR4069210,SRR4069211		False	normalization_class_C_requires_uniform_reprocessing
RNA_V2_G0008	candidate_after_uniform_reprocessing	SRP075274	PRJNA321853	GSE81520	RNA-Seq	unknown	whole animal	WBbt:0000100	C. elegans anatomical entity	supported_root_for_whole_organism_sample	L2	WBls:0000027	L2 larva Ce	exact_stage		N2	wild type		source_title_or_alias_biological_replicates	6	6	6	SRR3535753,SRR3535754,SRR3535755,SRR3535756,SRR3535757,SRR3535758		False	normalization_class_C_requires_uniform_reprocessing
RNA_V2_G0009	candidate_after_uniform_reprocessing	SRP075274	PRJNA321853	GSE81520	RNA-Seq	unknown	whole animal	WBbt:0000100	C. elegans anatomical entity	supported_root_for_whole_organism_sample	L2	WBls:0000027	L2 larva Ce	exact_stage		PS3551	hsf-1(sy441)		source_title_or_alias_biological_replicates	6	6	6	SRR4069200,SRR4069201,SRR4069202,SRR4069203,SRR4069204,SRR4069205		False	normalization_class_C_requires_uniform_reprocessing
RNA_V2_G0010	candidate_after_uniform_reprocessing	SRP075276	PRJNA321851	GSE81522	RNA-Seq	unknown	whole animal	WBbt:0000100	C. elegans anatomical entity	supported_root_for_whole_organism_sample	L2	WBls:0000027	L2 larva Ce	exact_stage		AM1061	hsf-1(ok600); rmSi1[hsf-1::gfp]		source_title_or_alias_biological_replicates	4	4	3	SRR3535790,SRR3535791,SRR3535792,SRR3535793		False	normalization_class_C_requires_uniform_reprocessing
RNA_V2_G0011	candidate_after_uniform_reprocessing	SRP075276	PRJNA321851	GSE81522	RNA-Seq	unknown	whole animal	WBbt:0000100	C. elegans anatomical entity	supported_root_for_whole_organism_sample	L2	WBls:0000027	L2 larva Ce	exact_stage		N2	wild type		source_title_or_alias_biological_replicates	5	5	3	SRR3535780,SRR3535781,SRR3535782,SRR3535783,SRR3535784		False	normalization_class_C_requires_uniform_reprocessing
RNA_V2_G0012	candidate_after_uniform_reprocessing	SRP075276	PRJNA321851	GSE81522	RNA-Seq	unknown	whole animal	WBbt:0000100	C. elegans anatomical entity	supported_root_for_whole_organism_sample	L2	WBls:0000027	L2 larva Ce	exact_stage		hsf-1(ok600)	hsf-1(ok600)		source_title_or_alias_biological_replicates	5	5	3	SRR3535785,SRR3535786,SRR3535787,SRR3535788,SRR3535789		False	normalization_class_C_requires_uniform_reprocessing
RNA_V2_G0013	candidate_after_uniform_reprocessing	SRP098791	PRJNA369752	GSE94455	RNA-Seq	unknown	whole worm	WBbt:0000100	C. elegans anatomical entity	supported_root_for_whole_organism_sample	Young Adult	WBls:0000041	adult Ce	supported_broad_stage		emb-4(hc60)	mutated		source_title_or_alias_biological_replicates	4	4	4	SRR5227335,SRR5227336,SRR5227339,SRR5227340		False	normalization_class_C_requires_uniform_reprocessing
RNA_V2_G0014	candidate_after_uniform_reprocessing	SRP098791	PRJNA369752	GSE94455	RNA-Seq	unknown	whole worm	WBbt:0000100	C. elegans anatomical entity	supported_root_for_whole_organism_sample	Young Adult	WBls:0000041	adult Ce	supported_broad_stage		wild type (N2)	WT		source_title_or_alias_biological_replicates	4	4	4	SRR5227333,SRR5227334,SRR5227337,SRR5227338		False	normalization_class_C_requires_uniform_reprocessing
RNA_V2_G0015	candidate_after_uniform_reprocessing	SRP151477	PRJNA477006		RNA-Seq	unknown	Intestine (end1)	WBbt:0005772	intestine	supported_anatomy	Embryo T0	WBls:0000003	embryo Ce	supported_broad_stage	Hermaphrodite				source_attribute_biological_replicates	2	2	2	SRR7443595,SRR7443600		False	normalization_class_C_requires_uniform_reprocessing
RNA_V2_G0016	candidate_after_uniform_reprocessing	SRP151477	PRJNA477006		RNA-Seq	unknown	Intestine (end1)	WBbt:0005772	intestine	supported_anatomy	Embryo T1	WBls:0000003	embryo Ce	supported_broad_stage	Hermaphrodite				source_attribute_biological_replicates	2	2	2	SRR7443596,SRR7443601		False	normalization_class_C_requires_uniform_reprocessing
RNA_V2_G0017	candidate_after_uniform_reprocessing	SRP151477	PRJNA477006		RNA-Seq	unknown	Intestine (end1)	WBbt:0005772	intestine	supported_anatomy	Embryo T2	WBls:0000003	embryo Ce	supported_broad_stage	Hermaphrodite				source_attribute_biological_replicates	2	2	2	SRR7443597,SRR7443602		False	normalization_class_C_requires_uniform_reprocessing
RNA_V2_G0018	candidate_after_uniform_reprocessing	SRP151477	PRJNA477006		RNA-Seq	unknown	Intestine (end1)	WBbt:0005772	intestine	supported_anatomy	Embryo T3	WBls:0000003	embryo Ce	supported_broad_stage	Hermaphrodite				singleton_no_replicate_aggregation	1	1	1	SRR7443598		False	normalization_class_C_requires_uniform_reprocessing
RNA_V2_G0019	candidate_after_uniform_reprocessing	SRP151477	PRJNA477006		RNA-Seq	unknown	Intestine (end1)	WBbt:0005772	intestine	supported_anatomy	Embryo T4	WBls:0000003	embryo Ce	supported_broad_stage	Hermaphrodite				singleton_no_replicate_aggregation	1	1	1	SRR7443599		False	normalization_class_C_requires_uniform_reprocessing
RNA_V2_G0020	candidate_after_uniform_reprocessing	SRP151477	PRJNA477006		RNA-Seq	unknown	Muscle (hlh-1)	WBbt:0003675	muscle cell	supported_broad_anatomy	Embryo T0	WBls:0000003	embryo Ce	supported_broad_stage	Hermaphrodite				source_attribute_biological_replicates	2	2	2	SRR7443585,SRR7443590		False	normalization_class_C_requires_uniform_reprocessing
RNA_V2_G0021	candidate_after_uniform_reprocessing	SRP151477	PRJNA477006		RNA-Seq	unknown	Muscle (hlh-1)	WBbt:0003675	muscle cell	supported_broad_anatomy	Embryo T1	WBls:0000003	embryo Ce	supported_broad_stage	Hermaphrodite				source_attribute_biological_replicates	2	2	2	SRR7443586,SRR7443587		False	normalization_class_C_requires_uniform_reprocessing
RNA_V2_G0022	candidate_after_uniform_reprocessing	SRP151477	PRJNA477006		RNA-Seq	unknown	Muscle (hlh-1)	WBbt:0003675	muscle cell	supported_broad_anatomy	Embryo T2	WBls:0000003	embryo Ce	supported_broad_stage	Hermaphrodite				source_attribute_biological_replicates	2	2	2	SRR7443583,SRR7443588		False	normalization_class_C_requires_uniform_reprocessing
RNA_V2_G0023	candidate_after_uniform_reprocessing	SRP151477	PRJNA477006		RNA-Seq	unknown	Muscle (hlh-1)	WBbt:0003675	muscle cell	supported_broad_anatomy	Embryo T3	WBls:0000003	embryo Ce	supported_broad_stage	Hermaphrodite				source_attribute_biological_replicates	2	2	2	SRR7443584,SRR7443591		False	normalization_class_C_requires_uniform_reprocessing
RNA_V2_G0024	candidate_after_uniform_reprocessing	SRP151477	PRJNA477006		RNA-Seq	unknown	Muscle (hlh-1)	WBbt:0003675	muscle cell	supported_broad_anatomy	Embryo T4	WBls:0000003	embryo Ce	supported_broad_stage	Hermaphrodite				source_attribute_biological_replicates	2	2	2	SRR7443589,SRR7443592		False	normalization_class_C_requires_uniform_reprocessing
RNA_V2_G0025	candidate_after_uniform_reprocessing	SRP151477	PRJNA477006		RNA-Seq	unknown	Pharynx (pha-4)	WBbt:0003681	pharynx	supported_anatomy	Embryo T4	WBls:0000003	embryo Ce	supported_broad_stage	Hermaphrodite				source_attribute_biological_replicates	2	2	2	SRR7443593,SRR7443594		False	normalization_class_C_requires_uniform_reprocessing
RNA_V2_G0026	candidate_after_uniform_reprocessing	SRP179060	PRJNA515039	GSE125051	RNA-Seq	unknown	embryonic total RNA	WBbt:0000100	C. elegans anatomical entity	supported_root_for_whole_organism_sample	Embryo	WBls:0000003	embryo Ce	supported_broad_stage		N2	wild type		source_title_or_alias_biological_replicates	3	3	3	SRR8440438,SRR8440439,SRR8440441		False	normalization_class_C_requires_uniform_reprocessing
RNA_V2_G0027	candidate_after_uniform_reprocessing	SRP179060	PRJNA515039	GSE125051	RNA-Seq	unknown	embryonic total RNA	WBbt:0000100	C. elegans anatomical entity	supported_root_for_whole_organism_sample	Embryo	WBls:0000003	embryo Ce	supported_broad_stage		cnd-1(ju29)	cnd-1(ju29)		source_title_or_alias_biological_replicates	3	3	3	SRR8440437,SRR8440440,SRR8440442		False	normalization_class_C_requires_uniform_reprocessing
RNA_V2_G0028	candidate_after_uniform_reprocessing	SRP241835	PRJNA601008	GSE143599	RNA-Seq	unknown	embryo	WBbt:0000100	C. elegans anatomical entity	supported_root_for_whole_organism_sample	Embryo	WBls:0000003	embryo Ce	supported_broad_stage		WT	wild type		source_title_or_alias_biological_replicates	4	4	4	SRR10882545,SRR10882546,SRR10882547,SRR10882548		False	normalization_class_C_requires_uniform_reprocessing
RNA_V2_G0029	candidate_after_uniform_reprocessing	SRP241835	PRJNA601008	GSE143599	RNA-Seq	unknown	embryo	WBbt:0000100	C. elegans anatomical entity	supported_root_for_whole_organism_sample	Embryo	WBls:0000003	embryo Ce	supported_broad_stage		mutated	ngn-1(ok2200)		source_title_or_alias_biological_replicates	4	4	4	SRR10882549,SRR10882550,SRR10882551,SRR10882552		False	normalization_class_C_requires_uniform_reprocessing
RNA_V2_G0030	candidate_after_uniform_reprocessing	SRP278203	PRJNA658329	GSE156549	RNA-Seq	unknown	early embryo	WBbt:0000100	C. elegans anatomical entity	supported_root_for_whole_organism_sample	Embryo	WBls:0000003	embryo Ce	supported_broad_stage		N2 (Bristol)	WT		source_title_or_alias_biological_replicates	3	3	3	SRR12483327,SRR12483328,SRR12483329		False	normalization_class_C_requires_uniform_reprocessing
RNA_V2_G0031	candidate_after_uniform_reprocessing	SRP278203	PRJNA658329	GSE156549	RNA-Seq	unknown	early embryo	WBbt:0000100	C. elegans anatomical entity	supported_root_for_whole_organism_sample	Embryo	WBls:0000003	embryo Ce	supported_broad_stage		lin-61(tm2649) I	mutated		source_title_or_alias_biological_replicates	3	3	3	SRR12483339,SRR12483340,SRR12483341		False	normalization_class_C_requires_uniform_reprocessing
RNA_V2_G0032	candidate_after_uniform_reprocessing	SRP278203	PRJNA658329	GSE156549	RNA-Seq	unknown	early embryo	WBbt:0000100	C. elegans anatomical entity	supported_root_for_whole_organism_sample	Embryo	WBls:0000003	embryo Ce	supported_broad_stage		met-2(n4256) III lin-61(tm2649) I	mutated		source_title_or_alias_biological_replicates	3	3	3	SRR12483342,SRR12483343,SRR12483344		False	normalization_class_C_requires_uniform_reprocessing
RNA_V2_G0033	candidate_after_uniform_reprocessing	SRP278203	PRJNA658329	GSE156549	RNA-Seq	unknown	early embryo	WBbt:0000100	C. elegans anatomical entity	supported_root_for_whole_organism_sample	Embryo	WBls:0000003	embryo Ce	supported_broad_stage		met-2(n4256) III nrde-3(tm1116) X	mutated		source_title_or_alias_biological_replicates	3	3	3	SRR12483333,SRR12483334,SRR12483335		False	normalization_class_C_requires_uniform_reprocessing
RNA_V2_G0034	candidate_after_uniform_reprocessing	SRP278203	PRJNA658329	GSE156549	RNA-Seq	unknown	early embryo	WBbt:0000100	C. elegans anatomical entity	supported_root_for_whole_organism_sample	Embryo	WBls:0000003	embryo Ce	supported_broad_stage		nrde-3(tm1116) X	mutated		source_title_or_alias_biological_replicates	3	3	3	SRR12483330,SRR12483331,SRR12483332		False	normalization_class_C_requires_uniform_reprocessing
RNA_V2_G0035	candidate_after_uniform_reprocessing	SRP278203	PRJNA658329	GSE156549	RNA-Seq	unknown	early embryo	WBbt:0000100	C. elegans anatomical entity	supported_root_for_whole_organism_sample	Embryo	WBls:0000003	embryo Ce	supported_broad_stage		set-25(n5021) III lin-61(tm2649) I	mutated		source_title_or_alias_biological_replicates	3	3	3	SRR12483345,SRR12483346,SRR12483347		False	normalization_class_C_requires_uniform_reprocessing
RNA_V2_G0036	candidate_after_uniform_reprocessing	SRP278203	PRJNA658329	GSE156549	RNA-Seq	unknown	early embryo	WBbt:0000100	C. elegans anatomical entity	supported_root_for_whole_organism_sample	Embryo	WBls:0000003	embryo Ce	supported_broad_stage		set-25(n5021) III nrde-3(tm1116) X	mutated		source_title_or_alias_biological_replicates	3	3	3	SRR12483336,SRR12483337,SRR12483338		False	normalization_class_C_requires_uniform_reprocessing
RNA_V2_G0037	candidate_after_uniform_reprocessing	SRP307349	PRJNA703543	GSE167167	RNA-Seq	unknown	L3 body wall muscle	WBbt:0006804	body wall muscle cell	supported_anatomy	L3	WBls:0000035	L3 larva Ce	exact_stage		WT	N2 (Bristol)		source_title_or_alias_biological_replicates	4	4	4	SRR13757744,SRR13757745,SRR13757746,SRR13757747		False	normalization_class_C_requires_uniform_reprocessing
RNA_V2_G0038	candidate_after_uniform_reprocessing	SRP307349	PRJNA703543	GSE167167	RNA-Seq	unknown	L3 body wall muscle	WBbt:0006804	body wall muscle cell	supported_anatomy	L3	WBls:0000035	L3 larva Ce	exact_stage		mutated	met-2(n4256) III		source_title_or_alias_biological_replicates	2	2	2	SRR13757748,SRR13757749		False	normalization_class_C_requires_uniform_reprocessing
RNA_V2_G0039	candidate_after_uniform_reprocessing	SRP307349	PRJNA703543	GSE167167	RNA-Seq	unknown	L3 body wall muscle	WBbt:0006804	body wall muscle cell	supported_anatomy	L3	WBls:0000035	L3 larva Ce	exact_stage		mutated	met-2(n4256) III, set-25(n5021) III		source_title_or_alias_biological_replicates	2	2	2	SRR13757752,SRR13757753		False	normalization_class_C_requires_uniform_reprocessing
RNA_V2_G0040	candidate_after_uniform_reprocessing	SRP307349	PRJNA703543	GSE167167	RNA-Seq	unknown	L3 body wall muscle	WBbt:0006804	body wall muscle cell	supported_anatomy	L3	WBls:0000035	L3 larva Ce	exact_stage		mutated	met-2::degron		source_title_or_alias_biological_replicates	2	2	2	SRR13757770,SRR13757771		False	normalization_class_C_requires_uniform_reprocessing
RNA_V2_G0041	candidate_after_uniform_reprocessing	SRP307349	PRJNA703543	GSE167167	RNA-Seq	unknown	L3 body wall muscle	WBbt:0006804	body wall muscle cell	supported_anatomy	L3	WBls:0000035	L3 larva Ce	exact_stage		mutated	set-25(n5021) III		source_title_or_alias_biological_replicates	2	2	2	SRR13757750,SRR13757751		False	normalization_class_C_requires_uniform_reprocessing
RNA_V2_G0042	candidate_after_uniform_reprocessing	SRP307349	PRJNA703543	GSE167167	RNA-Seq	unknown	L3 body wall muscle	WBbt:0006804	body wall muscle cell	supported_anatomy	L3	WBls:0000035	L3 larva Ce	exact_stage		mutated+treated	met-2::degron		source_title_or_alias_biological_replicates	2	2	2	SRR13757772,SRR13757773		False	normalization_class_C_requires_uniform_reprocessing
RNA_V2_G0043	candidate_after_uniform_reprocessing	SRP307349	PRJNA703543	GSE167167	RNA-Seq	unknown	L3 seamcell	WBbt:0005753	seam cell	supported_anatomy	L3	WBls:0000035	L3 larva Ce	exact_stage		WT	N2 (Bristol)		source_title_or_alias_biological_replicates	4	4	2	SRR13757754,SRR13757755,SRR13757756,SRR13757757		False	normalization_class_C_requires_uniform_reprocessing
RNA_V2_G0044	candidate_after_uniform_reprocessing	SRP307349	PRJNA703543	GSE167167	RNA-Seq	unknown	L3 seamcell	WBbt:0005753	seam cell	supported_anatomy	L3	WBls:0000035	L3 larva Ce	exact_stage		mutated	met-2(n4256) III		source_title_or_alias_biological_replicates	4	4	2	SRR13757758,SRR13757759,SRR13757760,SRR13757761		False	normalization_class_C_requires_uniform_reprocessing
RNA_V2_G0045	candidate_after_uniform_reprocessing	SRP307349	PRJNA703543	GSE167167	RNA-Seq	unknown	L3 seamcell	WBbt:0005753	seam cell	supported_anatomy	L3	WBls:0000035	L3 larva Ce	exact_stage		mutated	met-2(n4256) III, set-25(n5021) III		source_title_or_alias_biological_replicates	4	4	2	SRR13757766,SRR13757767,SRR13757768,SRR13757769		False	normalization_class_C_requires_uniform_reprocessing
RNA_V2_G0046	candidate_after_uniform_reprocessing	SRP307349	PRJNA703543	GSE167167	RNA-Seq	unknown	L3 seamcell	WBbt:0005753	seam cell	supported_anatomy	L3	WBls:0000035	L3 larva Ce	exact_stage		mutated	set-25(n5021) III		source_title_or_alias_biological_replicates	4	4	2	SRR13757762,SRR13757763,SRR13757764,SRR13757765		False	normalization_class_C_requires_uniform_reprocessing
RNA_V2_G0047	candidate_after_uniform_reprocessing	SRP310676	PRJNA714608	GSE168924	RNA-Seq	unknown	early embryo	WBbt:0000100	C. elegans anatomical entity	supported_root_for_whole_organism_sample	Embryo	WBls:0000003	embryo Ce	supported_broad_stage		N2 (Bristol)	treated		source_title_or_alias_biological_replicates	6	6	3	SRR13964557,SRR13964558,SRR13964559,SRR13964560,SRR13964561,SRR13964562		False	normalization_class_C_requires_uniform_reprocessing
RNA_V2_G0048	candidate_after_uniform_reprocessing	SRP310676	PRJNA714608	GSE168924	RNA-Seq	unknown	early embryo	WBbt:0000100	C. elegans anatomical entity	supported_root_for_whole_organism_sample	Embryo	WBls:0000003	embryo Ce	supported_broad_stage		met-2(gw1660) III	mutated		source_title_or_alias_biological_replicates	12	12	3	SRR13964575,SRR13964576,SRR13964577,SRR13964578,SRR13964579,SRR13964580,SRR13964581,SRR13964582,SRR13964583,SRR13964584,SRR13964585,SRR13964586		False	normalization_class_C_requires_uniform_reprocessing
RNA_V2_G0049	candidate_after_uniform_reprocessing	SRP310676	PRJNA714608	GSE168924	RNA-Seq	unknown	early embryo	WBbt:0000100	C. elegans anatomical entity	supported_root_for_whole_organism_sample	Embryo	WBls:0000003	embryo Ce	supported_broad_stage		met-2(n4256) III	mutated		source_title_or_alias_biological_replicates	6	6	3	SRR13964563,SRR13964564,SRR13964565,SRR13964566,SRR13964567,SRR13964568		False	normalization_class_C_requires_uniform_reprocessing
RNA_V2_G0050	candidate_after_uniform_reprocessing	SRP310676	PRJNA714608	GSE168924	RNA-Seq	unknown	early embryo	WBbt:0000100	C. elegans anatomical entity	supported_root_for_whole_organism_sample	Embryo	WBls:0000003	embryo Ce	supported_broad_stage		met-2(n4256) III	mutated+treated		source_title_or_alias_biological_replicates	6	6	3	SRR13964569,SRR13964570,SRR13964571,SRR13964572,SRR13964573,SRR13964574		False	normalization_class_C_requires_uniform_reprocessing
RNA_V2_G0051	candidate_after_uniform_reprocessing	SRP417015	PRJNA922944		RNA-Seq	unknown	whole animal	WBbt:0000100	C. elegans anatomical entity	supported_root_for_whole_organism_sample	Embryo	WBls:0000003	embryo Ce	supported_broad_stage	hermaphrodite	MCJ275	alg-2(cdb155) II; alg-1(cdb153) X		source_attribute_biological_replicates	4	4	4	SRR23049917,SRR23049953,SRR23049956,SRR23049958		False	normalization_class_C_requires_uniform_reprocessing
RNA_V2_G0052	candidate_after_uniform_reprocessing	SRP417015	PRJNA922944		RNA-Seq	unknown	whole animal	WBbt:0000100	C. elegans anatomical entity	supported_root_for_whole_organism_sample	Embryo	WBls:0000003	embryo Ce	supported_broad_stage	hermaphrodite	N2	wild type		source_attribute_biological_replicates	4	4	4	SRR23049928,SRR23049954,SRR23049957,SRR23049959		False	normalization_class_C_requires_uniform_reprocessing
RNA_V2_G0053	candidate_after_uniform_reprocessing	SRP417015	PRJNA922944		RNA-Seq	unknown	whole animal	WBbt:0000100	C. elegans anatomical entity	supported_root_for_whole_organism_sample	Young Adult	WBls:0000041	adult Ce	supported_broad_stage	hermaphrodite	MCJ275	alg-2(cdb155) II; alg-1(cdb153) X		source_attribute_biological_replicates	4	4	4	SRR23049895,SRR23049936,SRR23049964,SRR23049967		False	normalization_class_C_requires_uniform_reprocessing
RNA_V2_G0054	candidate_after_uniform_reprocessing	SRP417015	PRJNA922944		RNA-Seq	unknown	whole animal	WBbt:0000100	C. elegans anatomical entity	supported_root_for_whole_organism_sample	Young Adult	WBls:0000041	adult Ce	supported_broad_stage	hermaphrodite	N2	wild type		source_attribute_biological_replicates	4	4	4	SRR23049906,SRR23049937,SRR23049965,SRR23049966		False	normalization_class_C_requires_uniform_reprocessing
RNA_V2_G0055	candidate_after_uniform_reprocessing	SRP480176	PRJNA1057254	GSE252065	RNA-Seq	unknown	whole animal	WBbt:0000100	C. elegans anatomical entity	supported_root_for_whole_organism_sample	L4	WBls:0000038	L4 larva Ce	exact_or_timed_stage		N2	N2		source_title_or_alias_biological_replicates	3	3	3	SRR27352845,SRR27352855,SRR27352856		False	normalization_class_C_requires_uniform_reprocessing
RNA_V2_G0056	candidate_after_uniform_reprocessing	SRP480176	PRJNA1057254	GSE252065	RNA-Seq	unknown	whole animal	WBbt:0000100	C. elegans anatomical entity	supported_root_for_whole_organism_sample	L4	WBls:0000038	L4 larva Ce	exact_or_timed_stage		alg-1(ma443, G199S)	alg-1(ma443, G199S)		source_title_or_alias_biological_replicates	3	3	3	SRR27352849,SRR27352850,SRR27352851		False	normalization_class_C_requires_uniform_reprocessing
RNA_V2_G0057	candidate_after_uniform_reprocessing	SRP480176	PRJNA1057254	GSE252065	RNA-Seq	unknown	whole animal	WBbt:0000100	C. elegans anatomical entity	supported_root_for_whole_organism_sample	L4	WBls:0000038	L4 larva Ce	exact_or_timed_stage		alg-1(ma447,F180del)	alg-1(ma447,F180del)		source_title_or_alias_biological_replicates	3	3	3	SRR27352852,SRR27352853,SRR27352854		False	normalization_class_C_requires_uniform_reprocessing
RNA_V2_G0058	candidate_after_uniform_reprocessing	SRP480176	PRJNA1057254	GSE252065	RNA-Seq	unknown	whole animal	WBbt:0000100	C. elegans anatomical entity	supported_root_for_whole_organism_sample	L4	WBls:0000038	L4 larva Ce	exact_or_timed_stage		alg-1(tm492, 0)	alg-1(tm492, 0)		source_title_or_alias_biological_replicates	3	3	3	SRR27352857,SRR27352858,SRR27352859		False	normalization_class_C_requires_uniform_reprocessing
RNA_V2_G0059	candidate_after_uniform_reprocessing	SRP480176	PRJNA1057254	GSE252065	RNA-Seq	unknown	whole animal	WBbt:0000100	C. elegans anatomical entity	supported_root_for_whole_organism_sample	L4	WBls:0000038	L4 larva Ce	exact_or_timed_stage		alg-1(zen18,H751L)	alg-1(zen18,H751L)		source_title_or_alias_biological_replicates	3	3	3	SRR27352860,SRR27352861,SRR27352862		False	normalization_class_C_requires_uniform_reprocessing
RNA_V2_G0060	candidate_after_uniform_reprocessing	SRP480176	PRJNA1057254	GSE252065	RNA-Seq	unknown	whole animal	WBbt:0000100	C. elegans anatomical entity	supported_root_for_whole_organism_sample	L4	WBls:0000038	L4 larva Ce	exact_or_timed_stage		alg-1(zen25, V254I)	alg-1(zen25, V254I)		source_title_or_alias_biological_replicates	3	3	3	SRR27352846,SRR27352847,SRR27352848		False	normalization_class_C_requires_uniform_reprocessing
RNA_V2_G0061	candidate_after_uniform_reprocessing	SRP537263	PRJNA1170320	GSE279082	RNA-Seq	unknown	whole animal	WBbt:0000100	C. elegans anatomical entity	supported_root_for_whole_organism_sample	L4	WBls:0000038	L4 larva Ce	exact_or_timed_stage		GR3105	unc-119(ed3) III; mgTi21(SKN-1t[NNNN])	synchronized L4 stage animals	source_title_or_alias_biological_replicates	4	4	4	SRR30917239,SRR30917243,SRR30917247,SRR30917251		False	normalization_class_C_requires_uniform_reprocessing
RNA_V2_G0062	candidate_after_uniform_reprocessing	SRP537263	PRJNA1170320	GSE279082	RNA-Seq	unknown	whole animal	WBbt:0000100	C. elegans anatomical entity	supported_root_for_whole_organism_sample	L4	WBls:0000038	L4 larva Ce	exact_or_timed_stage		N2	+	synchronized L4 stage animals	source_title_or_alias_biological_replicates	4	4	4	SRR30917240,SRR30917244,SRR30917248,SRR30917252		False	normalization_class_C_requires_uniform_reprocessing
RNA_V2_G0063	candidate_after_uniform_reprocessing	SRP537263	PRJNA1170320	GSE279082	RNA-Seq	unknown	whole animal	WBbt:0000100	C. elegans anatomical entity	supported_root_for_whole_organism_sample	L4	WBls:0000038	L4 larva Ce	exact_or_timed_stage		NJL2492	unc-119(ed3) III; mgTi42(SKN-1t[NDNN])	synchronized L4 stage animals	source_title_or_alias_biological_replicates	4	4	4	SRR30917237,SRR30917241,SRR30917245,SRR30917249		False	normalization_class_C_requires_uniform_reprocessing
RNA_V2_G0064	candidate_after_uniform_reprocessing	SRP537263	PRJNA1170320	GSE279082	RNA-Seq	unknown	whole animal	WBbt:0000100	C. elegans anatomical entity	supported_root_for_whole_organism_sample	L4	WBls:0000038	L4 larva Ce	exact_or_timed_stage		NJL2494	unc-119(ed3) III; mgTi41(SKN-1t[DNDD])	synchronized L4 stage animals	source_title_or_alias_biological_replicates	4	4	4	SRR30917238,SRR30917242,SRR30917246,SRR30917250		False	normalization_class_C_requires_uniform_reprocessing
RNA_V2_G0065	candidate_after_uniform_reprocessing	SRP544006	PRJNA1183817	GSE281412	RNA-Seq	unknown	embryos	WBbt:0000100	C. elegans anatomical entity	supported_root_for_whole_organism_sample	Embryo	WBls:0000003	embryo Ce	supported_broad_stage		N2	N2	RNA-seq	source_title_or_alias_biological_replicates	12	12	12	SRR31283481,SRR31283482,SRR31283483,SRR31283484,SRR31283485,SRR31283486,SRR31283487,SRR31283488,SRR31283514,SRR31283515,SRR31283516,SRR31283517		False	normalization_class_C_requires_uniform_reprocessing
RNA_V2_G0066	candidate_after_uniform_reprocessing	SRP544006	PRJNA1183817	GSE281412	RNA-Seq	unknown	embryos	WBbt:0000100	C. elegans anatomical entity	supported_root_for_whole_organism_sample	Embryo	WBls:0000003	embryo Ce	supported_broad_stage		Zu405	Zu405	RNA-seq	source_title_or_alias_biological_replicates	9	9	9	SRR31283489,SRR31283498,SRR31283499,SRR31283500,SRR31283501,SRR31283502,SRR31283503,SRR31283504,SRR31283505		False	normalization_class_C_requires_uniform_reprocessing
RNA_V2_G0067	candidate_after_uniform_reprocessing	SRP599236	PRJNA1287651	GSE301850	RNA-Seq	unknown	whole worm	WBbt:0000100	C. elegans anatomical entity	supported_root_for_whole_organism_sample	L1	WBls:0000024	L1 larva Ce	exact_stage		P37Stop	P37Stop		source_title_or_alias_biological_replicates	3	3	3	SRR34430875,SRR34430876,SRR34430877		False	normalization_class_C_requires_uniform_reprocessing
RNA_V2_G0068	candidate_after_uniform_reprocessing	SRP599236	PRJNA1287651	GSE301850	RNA-Seq	unknown	whole worm	WBbt:0000100	C. elegans anatomical entity	supported_root_for_whole_organism_sample	L1	WBls:0000024	L1 larva Ce	exact_stage		WT	WT		source_title_or_alias_biological_replicates	6	6	6	SRR34430878,SRR34430879,SRR34430880,SRR34430887,SRR34430888,SRR34430889		False	normalization_class_C_requires_uniform_reprocessing
RNA_V2_G0069	candidate_after_uniform_reprocessing	SRP599236	PRJNA1287651	GSE301850	RNA-Seq	unknown	whole worm	WBbt:0000100	C. elegans anatomical entity	supported_root_for_whole_organism_sample	L1	WBls:0000024	L1 larva Ce	exact_stage		eff-1 P183L	eff-1 P183L		source_title_or_alias_biological_replicates	3	3	3	SRR34430881,SRR34430882,SRR34430883		False	normalization_class_C_requires_uniform_reprocessing
RNA_V2_G0070	candidate_after_uniform_reprocessing	SRP599236	PRJNA1287651	GSE301850	RNA-Seq	unknown	whole worm	WBbt:0000100	C. elegans anatomical entity	supported_root_for_whole_organism_sample	L1	WBls:0000024	L1 larva Ce	exact_stage		eff-1 S441L	eff-1 S441L		source_title_or_alias_biological_replicates	3	3	3	SRR34430884,SRR34430885,SRR34430886		False	normalization_class_C_requires_uniform_reprocessing
RNA_V2_G0071	candidate_after_uniform_reprocessing	SRP601871	PRJNA1293434	GSE303062	RNA-Seq	unknown	whole animal L1 Larvae	WBbt:0000100	C. elegans anatomical entity	supported_root_for_whole_organism_sample	L1	WBls:0000024	L1 larva Ce	exact_stage		N2	N2		source_title_or_alias_biological_replicates	3	3	3	SRR34582731,SRR34582732,SRR34582733		False	normalization_class_C_requires_uniform_reprocessing
RNA_V2_G0072	candidate_after_uniform_reprocessing	SRP601871	PRJNA1293434	GSE303062	RNA-Seq	unknown	whole animal L1 Larvae	WBbt:0000100	C. elegans anatomical entity	supported_root_for_whole_organism_sample	L1	WBls:0000024	L1 larva Ce	exact_stage		N2; (lin-35 RNAi)	N2; (lin-35 RNAi)		source_title_or_alias_biological_replicates	3	3	3	SRR34582728,SRR34582729,SRR34582730		False	normalization_class_C_requires_uniform_reprocessing
RNA_V2_G0073	candidate_after_uniform_reprocessing	SRP601871	PRJNA1293434	GSE303062	RNA-Seq	unknown	whole animal L1 Larvae	WBbt:0000100	C. elegans anatomical entity	supported_root_for_whole_organism_sample	L1	WBls:0000024	L1 larva Ce	exact_stage		spr-5 (by101)(I); met-2 (n4256)(III)	spr-5 (by101)(I); met-2 (n4256)(III)		source_title_or_alias_biological_replicates	3	3	3	SRR34582725,SRR34582726,SRR34582727		False	normalization_class_C_requires_uniform_reprocessing
RNA_V2_G0074	candidate_after_uniform_reprocessing	SRP601871	PRJNA1293434	GSE303062	RNA-Seq	unknown	whole animal L1 Larvae	WBbt:0000100	C. elegans anatomical entity	supported_root_for_whole_organism_sample	L1	WBls:0000024	L1 larva Ce	exact_stage		spr-5 (by101)(I); met-2 (n4256)(III); (lin-35 RNAi)	spr-5 (by101)(I); met-2 (n4256)(III); (lin-35 RNAi)		source_title_or_alias_biological_replicates	3	3	3	SRR34582722,SRR34582723,SRR34582724		False	normalization_class_C_requires_uniform_reprocessing
RNA_V2_G0075	candidate_after_uniform_reprocessing	SRP602320	PRJNA1294132	GSE303085	RNA-Seq	unknown	whole animal L1 Larvae	WBbt:0000100	C. elegans anatomical entity	supported_root_for_whole_organism_sample	L1	WBls:0000024	L1 larva Ce	exact_stage		N2	N2		source_title_or_alias_biological_replicates	3	3	3	SRR34628133,SRR34628134,SRR34628135		False	normalization_class_C_requires_uniform_reprocessing
RNA_V2_G0076	candidate_after_uniform_reprocessing	SRP602320	PRJNA1294132	GSE303085	RNA-Seq	unknown	whole animal L1 Larvae	WBbt:0000100	C. elegans anatomical entity	supported_root_for_whole_organism_sample	L1	WBls:0000024	L1 larva Ce	exact_stage		N2; (mep-1 RNAi)	N2; (mep-1 RNAi)		source_title_or_alias_biological_replicates	3	3	3	SRR34628130,SRR34628131,SRR34628132		False	normalization_class_C_requires_uniform_reprocessing
RNA_V2_G0077	candidate_after_uniform_reprocessing	SRP602320	PRJNA1294132	GSE303085	RNA-Seq	unknown	whole animal L1 Larvae	WBbt:0000100	C. elegans anatomical entity	supported_root_for_whole_organism_sample	L1	WBls:0000024	L1 larva Ce	exact_stage		spr-5 (by101)(I); met-2 (n4256)(III)	spr-5 (by101)(I); met-2 (n4256)(III)		source_title_or_alias_biological_replicates	3	3	3	SRR34628127,SRR34628128,SRR34628129		False	normalization_class_C_requires_uniform_reprocessing
RNA_V2_G0078	candidate_after_uniform_reprocessing	SRP602320	PRJNA1294132	GSE303085	RNA-Seq	unknown	whole animal L1 Larvae	WBbt:0000100	C. elegans anatomical entity	supported_root_for_whole_organism_sample	L1	WBls:0000024	L1 larva Ce	exact_stage		spr-5 (by101)(I); met-2 (n4256)(III); (lin-35 RNAi)	spr-5 (by101)(I); met-2 (n4256)(III); (lin-35 RNAi)		source_title_or_alias_biological_replicates	3	3	3	SRR34628124,SRR34628125,SRR34628126		False	normalization_class_C_requires_uniform_reprocessing
RNA_V2_G0079	candidate_after_uniform_reprocessing	SRP602349	PRJNA1294194	GSE303122	RNA-Seq	unknown	whole animal	WBbt:0000100	C. elegans anatomical entity	supported_root_for_whole_organism_sample	L4	WBls:0000038	L4 larva Ce	exact_or_timed_stage		N2	N2	50+ generations of late selection	source_title_or_alias_biological_replicates	4	4	4	SRR34629314,SRR34629315,SRR34629316,SRR34629317		False	normalization_class_C_requires_uniform_reprocessing
RNA_V2_G0080	candidate_after_uniform_reprocessing	SRP602349	PRJNA1294194	GSE303122	RNA-Seq	unknown	whole animal	WBbt:0000100	C. elegans anatomical entity	supported_root_for_whole_organism_sample	L4	WBls:0000038	L4 larva Ce	exact_or_timed_stage		N2	N2	no selection	source_title_or_alias_biological_replicates	3	3	3	SRR34629318,SRR34629319,SRR34629320		False	normalization_class_C_requires_uniform_reprocessing
RNA_V2_G0081	candidate_after_uniform_reprocessing	SRP656738	PRJNA1391406	GSE314492	RNA-Seq	unknown	whole animal	WBbt:0000100	C. elegans anatomical entity	supported_root_for_whole_organism_sample	L4	WBls:0000038	L4 larva Ce	exact_or_timed_stage		IVR10-2009	treated		source_title_or_alias_biological_replicates	3	3	3	SRR36521013,SRR36521017,SRR36521021		False	normalization_class_C_requires_uniform_reprocessing
RNA_V2_G0082	candidate_after_uniform_reprocessing	SRP656738	PRJNA1391406	GSE314492	RNA-Seq	unknown	whole animal	WBbt:0000100	C. elegans anatomical entity	supported_root_for_whole_organism_sample	L4	WBls:0000038	L4 larva Ce	exact_or_timed_stage		IVR10-2014	treated		source_title_or_alias_biological_replicates	3	3	3	SRR36521011,SRR36521015,SRR36521019		False	normalization_class_C_requires_uniform_reprocessing
RNA_V2_G0083	candidate_after_uniform_reprocessing	SRP656738	PRJNA1391406	GSE314492	RNA-Seq	unknown	whole animal	WBbt:0000100	C. elegans anatomical entity	supported_root_for_whole_organism_sample	L4	WBls:0000038	L4 larva Ce	exact_or_timed_stage		IVR10-2022	treated		source_title_or_alias_biological_replicates	3	3	3	SRR36521012,SRR36521016,SRR36521020		False	normalization_class_C_requires_uniform_reprocessing
RNA_V2_G0084	candidate_after_uniform_reprocessing	SRP656738	PRJNA1391406	GSE314492	RNA-Seq	unknown	whole animal	WBbt:0000100	C. elegans anatomical entity	supported_root_for_whole_organism_sample	L4	WBls:0000038	L4 larva Ce	exact_or_timed_stage		N2B	WT		source_title_or_alias_biological_replicates	3	3	3	SRR36521014,SRR36521018,SRR36521022		False	normalization_class_C_requires_uniform_reprocessing
RNA_V2_G0085	candidate_after_uniform_reprocessing	SRP027592	PRJNA212741	GSE49043	RNA-Seq	unknown	Whole worm	WBbt:0000100	C. elegans anatomical entity	supported_root_for_whole_organism_sample	L1-L3(0H)	WBls:0000023	larva Ce	supported_broad_stage	Hermaphrodite	N2	N2		singleton_no_replicate_aggregation	1	1	1	SRR941632		False	normalization_class_C_requires_uniform_reprocessing
RNA_V2_G0086	candidate_after_uniform_reprocessing	SRP027592	PRJNA212741	GSE49043	RNA-Seq	unknown	Whole worm	WBbt:0000100	C. elegans anatomical entity	supported_root_for_whole_organism_sample	L1-L3(10H)	WBls:0000023	larva Ce	supported_broad_stage	Hermaphrodite	N2	N2		singleton_no_replicate_aggregation	1	1	1	SRR941637		False	normalization_class_C_requires_uniform_reprocessing
RNA_V2_G0087	candidate_after_uniform_reprocessing	SRP027592	PRJNA212741	GSE49043	RNA-Seq	unknown	Whole worm	WBbt:0000100	C. elegans anatomical entity	supported_root_for_whole_organism_sample	L1-L3(12H)	WBls:0000023	larva Ce	supported_broad_stage	Hermaphrodite	N2	N2		singleton_no_replicate_aggregation	1	1	1	SRR941638		False	normalization_class_C_requires_uniform_reprocessing
RNA_V2_G0088	candidate_after_uniform_reprocessing	SRP027592	PRJNA212741	GSE49043	RNA-Seq	unknown	Whole worm	WBbt:0000100	C. elegans anatomical entity	supported_root_for_whole_organism_sample	L1-L3(14H)	WBls:0000023	larva Ce	supported_broad_stage	Hermaphrodite	N2	N2		singleton_no_replicate_aggregation	1	1	1	SRR941639		False	normalization_class_C_requires_uniform_reprocessing
RNA_V2_G0089	candidate_after_uniform_reprocessing	SRP027592	PRJNA212741	GSE49043	RNA-Seq	unknown	Whole worm	WBbt:0000100	C. elegans anatomical entity	supported_root_for_whole_organism_sample	L1-L3(16H)	WBls:0000023	larva Ce	supported_broad_stage	Hermaphrodite	N2	N2		singleton_no_replicate_aggregation	1	1	1	SRR941640		False	normalization_class_C_requires_uniform_reprocessing
RNA_V2_G0090	candidate_after_uniform_reprocessing	SRP027592	PRJNA212741	GSE49043	RNA-Seq	unknown	Whole worm	WBbt:0000100	C. elegans anatomical entity	supported_root_for_whole_organism_sample	L1-L3(18H)	WBls:0000023	larva Ce	supported_broad_stage	Hermaphrodite	N2	N2		singleton_no_replicate_aggregation	1	1	1	SRR941641		False	normalization_class_C_requires_uniform_reprocessing
RNA_V2_G0091	candidate_after_uniform_reprocessing	SRP027592	PRJNA212741	GSE49043	RNA-Seq	unknown	Whole worm	WBbt:0000100	C. elegans anatomical entity	supported_root_for_whole_organism_sample	L1-L3(20H)	WBls:0000023	larva Ce	supported_broad_stage	Hermaphrodite	N2	N2		singleton_no_replicate_aggregation	1	1	1	SRR941642		False	normalization_class_C_requires_uniform_reprocessing
RNA_V2_G0092	candidate_after_uniform_reprocessing	SRP027592	PRJNA212741	GSE49043	RNA-Seq	unknown	Whole worm	WBbt:0000100	C. elegans anatomical entity	supported_root_for_whole_organism_sample	L1-L3(22H)	WBls:0000023	larva Ce	supported_broad_stage	Hermaphrodite	N2	N2		singleton_no_replicate_aggregation	1	1	1	SRR941643		False	normalization_class_C_requires_uniform_reprocessing
RNA_V2_G0093	candidate_after_uniform_reprocessing	SRP027592	PRJNA212741	GSE49043	RNA-Seq	unknown	Whole worm	WBbt:0000100	C. elegans anatomical entity	supported_root_for_whole_organism_sample	L1-L3(24H)	WBls:0000023	larva Ce	supported_broad_stage	Hermaphrodite	N2	N2		singleton_no_replicate_aggregation	1	1	1	SRR941644		False	normalization_class_C_requires_uniform_reprocessing
RNA_V2_G0094	candidate_after_uniform_reprocessing	SRP027592	PRJNA212741	GSE49043	RNA-Seq	unknown	Whole worm	WBbt:0000100	C. elegans anatomical entity	supported_root_for_whole_organism_sample	L1-L3(26H)	WBls:0000023	larva Ce	supported_broad_stage	Hermaphrodite	N2	N2		singleton_no_replicate_aggregation	1	1	1	SRR941645		False	normalization_class_C_requires_uniform_reprocessing
RNA_V2_G0095	candidate_after_uniform_reprocessing	SRP027592	PRJNA212741	GSE49043	RNA-Seq	unknown	Whole worm	WBbt:0000100	C. elegans anatomical entity	supported_root_for_whole_organism_sample	L1-L3(28H)	WBls:0000023	larva Ce	supported_broad_stage	Hermaphrodite	N2	N2		singleton_no_replicate_aggregation	1	1	1	SRR941646		False	normalization_class_C_requires_uniform_reprocessing
RNA_V2_G0096	candidate_after_uniform_reprocessing	SRP027592	PRJNA212741	GSE49043	RNA-Seq	unknown	Whole worm	WBbt:0000100	C. elegans anatomical entity	supported_root_for_whole_organism_sample	L1-L3(2H)	WBls:0000023	larva Ce	supported_broad_stage	Hermaphrodite	N2	N2		singleton_no_replicate_aggregation	1	1	1	SRR941633		False	normalization_class_C_requires_uniform_reprocessing
RNA_V2_G0097	candidate_after_uniform_reprocessing	SRP027592	PRJNA212741	GSE49043	RNA-Seq	unknown	Whole worm	WBbt:0000100	C. elegans anatomical entity	supported_root_for_whole_organism_sample	L1-L3(30H)	WBls:0000023	larva Ce	supported_broad_stage	Hermaphrodite	N2	N2		singleton_no_replicate_aggregation	1	1	1	SRR941647		False	normalization_class_C_requires_uniform_reprocessing
RNA_V2_G0098	candidate_after_uniform_reprocessing	SRP027592	PRJNA212741	GSE49043	RNA-Seq	unknown	Whole worm	WBbt:0000100	C. elegans anatomical entity	supported_root_for_whole_organism_sample	L1-L3(32H)	WBls:0000023	larva Ce	supported_broad_stage	Hermaphrodite	N2	N2		singleton_no_replicate_aggregation	1	1	1	SRR941648		False	normalization_class_C_requires_uniform_reprocessing
RNA_V2_G0099	candidate_after_uniform_reprocessing	SRP027592	PRJNA212741	GSE49043	RNA-Seq	unknown	Whole worm	WBbt:0000100	C. elegans anatomical entity	supported_root_for_whole_organism_sample	L1-L3(34H)	WBls:0000023	larva Ce	supported_broad_stage	Hermaphrodite	N2	N2		singleton_no_replicate_aggregation	1	1	1	SRR941649		False	normalization_class_C_requires_uniform_reprocessing
RNA_V2_G0100	candidate_after_uniform_reprocessing	SRP027592	PRJNA212741	GSE49043	RNA-Seq	unknown	Whole worm	WBbt:0000100	C. elegans anatomical entity	supported_root_for_whole_organism_sample	L1-L3(36H)	WBls:0000023	larva Ce	supported_broad_stage	Hermaphrodite	N2	N2		singleton_no_replicate_aggregation	1	1	1	SRR941650		False	normalization_class_C_requires_uniform_reprocessing
RNA_V2_G0101	candidate_after_uniform_reprocessing	SRP027592	PRJNA212741	GSE49043	RNA-Seq	unknown	Whole worm	WBbt:0000100	C. elegans anatomical entity	supported_root_for_whole_organism_sample	L1-L3(38H)	WBls:0000023	larva Ce	supported_broad_stage	Hermaphrodite	N2	N2		singleton_no_replicate_aggregation	1	1	1	SRR941651		False	normalization_class_C_requires_uniform_reprocessing
RNA_V2_G0102	candidate_after_uniform_reprocessing	SRP027592	PRJNA212741	GSE49043	RNA-Seq	unknown	Whole worm	WBbt:0000100	C. elegans anatomical entity	supported_root_for_whole_organism_sample	L1-L3(4H)	WBls:0000023	larva Ce	supported_broad_stage	Hermaphrodite	N2	N2		singleton_no_replicate_aggregation	1	1	1	SRR941634		False	normalization_class_C_requires_uniform_reprocessing
RNA_V2_G0103	candidate_after_uniform_reprocessing	SRP027592	PRJNA212741	GSE49043	RNA-Seq	unknown	Whole worm	WBbt:0000100	C. elegans anatomical entity	supported_root_for_whole_organism_sample	L1-L3(6H)	WBls:0000023	larva Ce	supported_broad_stage	Hermaphrodite	N2	N2		singleton_no_replicate_aggregation	1	1	1	SRR941635		False	normalization_class_C_requires_uniform_reprocessing
RNA_V2_G0104	candidate_after_uniform_reprocessing	SRP027592	PRJNA212741	GSE49043	RNA-Seq	unknown	Whole worm	WBbt:0000100	C. elegans anatomical entity	supported_root_for_whole_organism_sample	L1-L3(8H)	WBls:0000023	larva Ce	supported_broad_stage	Hermaphrodite	N2	N2		singleton_no_replicate_aggregation	1	1	1	SRR941636		False	normalization_class_C_requires_uniform_reprocessing
RNA_V2_G0105	candidate_after_uniform_reprocessing	SRP027592	PRJNA212741	GSE49043	RNA-Seq	unknown	Whole worm	WBbt:0000100	C. elegans anatomical entity	supported_root_for_whole_organism_sample	L4(38H)	WBls:0000038	L4 larva Ce	exact_or_timed_stage	Hermaphrodite	N2	N2		singleton_no_replicate_aggregation	1	1	1	SRR941697		False	normalization_class_C_requires_uniform_reprocessing
RNA_V2_G0106	candidate_after_uniform_reprocessing	SRP027592	PRJNA212741	GSE49043	RNA-Seq	unknown	Whole worm	WBbt:0000100	C. elegans anatomical entity	supported_root_for_whole_organism_sample	L4(40H)	WBls:0000038	L4 larva Ce	exact_or_timed_stage	Hermaphrodite	N2	N2		singleton_no_replicate_aggregation	1	1	1	SRR941698		False	normalization_class_C_requires_uniform_reprocessing
RNA_V2_G0107	candidate_after_uniform_reprocessing	SRP027592	PRJNA212741	GSE49043	RNA-Seq	unknown	Whole worm	WBbt:0000100	C. elegans anatomical entity	supported_root_for_whole_organism_sample	L4(42H)	WBls:0000038	L4 larva Ce	exact_or_timed_stage	Hermaphrodite	N2	N2		singleton_no_replicate_aggregation	1	1	1	SRR941699		False	normalization_class_C_requires_uniform_reprocessing
RNA_V2_G0108	candidate_after_uniform_reprocessing	SRP027592	PRJNA212741	GSE49043	RNA-Seq	unknown	Whole worm	WBbt:0000100	C. elegans anatomical entity	supported_root_for_whole_organism_sample	L4(44H)	WBls:0000038	L4 larva Ce	exact_or_timed_stage	Hermaphrodite	N2	N2		singleton_no_replicate_aggregation	1	1	1	SRR941700		False	normalization_class_C_requires_uniform_reprocessing
RNA_V2_G0109	candidate_after_uniform_reprocessing	SRP027592	PRJNA212741	GSE49043	RNA-Seq	unknown	Whole worm	WBbt:0000100	C. elegans anatomical entity	supported_root_for_whole_organism_sample	L4(46H)	WBls:0000038	L4 larva Ce	exact_or_timed_stage	Hermaphrodite	N2	N2		singleton_no_replicate_aggregation	1	1	1	SRR941701		False	normalization_class_C_requires_uniform_reprocessing
RNA_V2_G0110	candidate_after_uniform_reprocessing	SRP027592	PRJNA212741	GSE49043	RNA-Seq	unknown	Whole worm	WBbt:0000100	C. elegans anatomical entity	supported_root_for_whole_organism_sample	L4(48H)	WBls:0000038	L4 larva Ce	exact_or_timed_stage	Hermaphrodite	N2	N2		singleton_no_replicate_aggregation	1	1	1	SRR941702		False	normalization_class_C_requires_uniform_reprocessing
RNA_V2_G0111	candidate_after_uniform_reprocessing	SRP076415	PRJNA325295	GSE83216	RNA-Seq	unknown	whole animal	WBbt:0000100	C. elegans anatomical entity	supported_root_for_whole_organism_sample	L3	WBls:0000035	L3 larva Ce	exact_stage	hermaphrodite	him-5	him-5		singleton_no_replicate_aggregation	1	1	1	SRR3657224		False	normalization_class_C_requires_uniform_reprocessing
RNA_V2_G0112	candidate_after_uniform_reprocessing	SRP076415	PRJNA325295	GSE83216	RNA-Seq	unknown	whole animal	WBbt:0000100	C. elegans anatomical entity	supported_root_for_whole_organism_sample	L3	WBls:0000035	L3 larva Ce	exact_stage	male	him-5	him-5		singleton_no_replicate_aggregation	1	1	1	SRR3657229		False	normalization_class_C_requires_uniform_reprocessing
RNA_V2_G0113	candidate_after_uniform_reprocessing	SRP076415	PRJNA325295	GSE83216	RNA-Seq	unknown	whole animal	WBbt:0000100	C. elegans anatomical entity	supported_root_for_whole_organism_sample	L4	WBls:0000038	L4 larva Ce	exact_or_timed_stage	hermaphrodite	him-5	him-5		singleton_no_replicate_aggregation	1	1	1	SRR3657225		False	normalization_class_C_requires_uniform_reprocessing
RNA_V2_G0114	candidate_after_uniform_reprocessing	SRP076415	PRJNA325295	GSE83216	RNA-Seq	unknown	whole animal	WBbt:0000100	C. elegans anatomical entity	supported_root_for_whole_organism_sample	L4	WBls:0000038	L4 larva Ce	exact_or_timed_stage	hermaphrodite	him-5	him-5		singleton_no_replicate_aggregation	1	1	1	SRR3657226		False	normalization_class_C_requires_uniform_reprocessing
RNA_V2_G0115	candidate_after_uniform_reprocessing	SRP076415	PRJNA325295	GSE83216	RNA-Seq	unknown	whole animal	WBbt:0000100	C. elegans anatomical entity	supported_root_for_whole_organism_sample	L4	WBls:0000038	L4 larva Ce	exact_or_timed_stage	male	him-5	him-5		singleton_no_replicate_aggregation	1	1	1	SRR3657230		False	normalization_class_C_requires_uniform_reprocessing
RNA_V2_G0116	candidate_after_uniform_reprocessing	SRP076415	PRJNA325295	GSE83216	RNA-Seq	unknown	whole animal	WBbt:0000100	C. elegans anatomical entity	supported_root_for_whole_organism_sample	L4	WBls:0000038	L4 larva Ce	exact_or_timed_stage	male	him-5	him-5		singleton_no_replicate_aggregation	1	1	1	SRR3657231		False	normalization_class_C_requires_uniform_reprocessing
RNA_V2_G0117	candidate_after_uniform_reprocessing	SRP076415	PRJNA325295	GSE83216	RNA-Seq	unknown	whole animal	WBbt:0000100	C. elegans anatomical entity	supported_root_for_whole_organism_sample	Young Adult	WBls:0000041	adult Ce	supported_broad_stage	hermaphrodite	him-5	him-5		singleton_no_replicate_aggregation	1	1	1	SRR3657227		False	normalization_class_C_requires_uniform_reprocessing
RNA_V2_G0118	candidate_after_uniform_reprocessing	SRP076415	PRJNA325295	GSE83216	RNA-Seq	unknown	whole animal	WBbt:0000100	C. elegans anatomical entity	supported_root_for_whole_organism_sample	Young Adult	WBls:0000041	adult Ce	supported_broad_stage	hermaphrodite	him-5	him-5		singleton_no_replicate_aggregation	1	1	1	SRR3657228		False	normalization_class_C_requires_uniform_reprocessing
RNA_V2_G0119	candidate_after_uniform_reprocessing	SRP076415	PRJNA325295	GSE83216	RNA-Seq	unknown	whole animal	WBbt:0000100	C. elegans anatomical entity	supported_root_for_whole_organism_sample	Young Adult	WBls:0000041	adult Ce	supported_broad_stage	male	him-5	him-5		singleton_no_replicate_aggregation	1	1	1	SRR3657232		False	normalization_class_C_requires_uniform_reprocessing
RNA_V2_G0120	candidate_after_uniform_reprocessing	SRP076415	PRJNA325295	GSE83216	RNA-Seq	unknown	whole animal	WBbt:0000100	C. elegans anatomical entity	supported_root_for_whole_organism_sample	Young Adult	WBls:0000041	adult Ce	supported_broad_stage	male	him-5	him-5		singleton_no_replicate_aggregation	1	1	1	SRR3657233		False	normalization_class_C_requires_uniform_reprocessing
RNA_V2_G0121	candidate_after_uniform_reprocessing	SRP314086	PRJNA720677	GSE171733	RNA-Seq	unknown	whole animal	WBbt:0000100	C. elegans anatomical entity	supported_root_for_whole_organism_sample	L4	WBls:0000038	L4 larva Ce	exact_or_timed_stage		lin-41(tn1541)	lin-41(tn1541)		singleton_no_replicate_aggregation	1	1	1	SRR14191081		False	normalization_class_C_requires_uniform_reprocessing
RNA_V2_G0122	candidate_after_uniform_reprocessing	SRP314086	PRJNA720677	GSE171733	RNA-Seq	unknown	whole animal	WBbt:0000100	C. elegans anatomical entity	supported_root_for_whole_organism_sample	L4	WBls:0000038	L4 larva Ce	exact_or_timed_stage		lin-41(tn1541)	lin-41(tn1541)		singleton_no_replicate_aggregation	1	1	1	SRR14191082		False	normalization_class_C_requires_uniform_reprocessing
RNA_V2_G0123	candidate_after_uniform_reprocessing	SRP314086	PRJNA720677	GSE171733	RNA-Seq	unknown	whole animal	WBbt:0000100	C. elegans anatomical entity	supported_root_for_whole_organism_sample	L4	WBls:0000038	L4 larva Ce	exact_or_timed_stage		lin-41(tn1541)	lin-41(tn1541)		singleton_no_replicate_aggregation	1	1	1	SRR14191083		False	normalization_class_C_requires_uniform_reprocessing
RNA_V2_G0124	candidate_after_uniform_reprocessing	SRP314086	PRJNA720677	GSE171733	RNA-Seq	unknown	whole animal	WBbt:0000100	C. elegans anatomical entity	supported_root_for_whole_organism_sample	L4	WBls:0000038	L4 larva Ce	exact_or_timed_stage		lin-41(tn1541ma480);let-7(ma432)	lin-41(tn1541ma480);let-7(ma432)		singleton_no_replicate_aggregation	1	1	1	SRR14191084		False	normalization_class_C_requires_uniform_reprocessing
RNA_V2_G0125	candidate_after_uniform_reprocessing	SRP314086	PRJNA720677	GSE171733	RNA-Seq	unknown	whole animal	WBbt:0000100	C. elegans anatomical entity	supported_root_for_whole_organism_sample	L4	WBls:0000038	L4 larva Ce	exact_or_timed_stage		lin-41(tn1541ma480);let-7(ma432)	lin-41(tn1541ma480);let-7(ma432)		singleton_no_replicate_aggregation	1	1	1	SRR14191085		False	normalization_class_C_requires_uniform_reprocessing
RNA_V2_G0126	candidate_after_uniform_reprocessing	SRP314086	PRJNA720677	GSE171733	RNA-Seq	unknown	whole animal	WBbt:0000100	C. elegans anatomical entity	supported_root_for_whole_organism_sample	L4	WBls:0000038	L4 larva Ce	exact_or_timed_stage		lin-41(tn1541ma480);let-7(ma432)	lin-41(tn1541ma480);let-7(ma432)		singleton_no_replicate_aggregation	1	1	1	SRR14191086		False	normalization_class_C_requires_uniform_reprocessing
RNA_V2_G0127	candidate_after_uniform_reprocessing	SRP314086	PRJNA720677	GSE171733	RNA-Seq	unknown	whole animal	WBbt:0000100	C. elegans anatomical entity	supported_root_for_whole_organism_sample	L4	WBls:0000038	L4 larva Ce	exact_or_timed_stage		maIs105	maIs105		singleton_no_replicate_aggregation	1	1	1	SRR14191087		False	normalization_class_C_requires_uniform_reprocessing
RNA_V2_G0128	candidate_after_uniform_reprocessing	SRP314086	PRJNA720677	GSE171733	RNA-Seq	unknown	whole animal	WBbt:0000100	C. elegans anatomical entity	supported_root_for_whole_organism_sample	L4	WBls:0000038	L4 larva Ce	exact_or_timed_stage		maIs105	maIs105		singleton_no_replicate_aggregation	1	1	1	SRR14191088		False	normalization_class_C_requires_uniform_reprocessing
RNA_V2_G0129	candidate_after_uniform_reprocessing	SRP314086	PRJNA720677	GSE171733	RNA-Seq	unknown	whole animal	WBbt:0000100	C. elegans anatomical entity	supported_root_for_whole_organism_sample	L4	WBls:0000038	L4 larva Ce	exact_or_timed_stage		maIs105	maIs105		singleton_no_replicate_aggregation	1	1	1	SRR14191089		False	normalization_class_C_requires_uniform_reprocessing
RNA_V2_G0130	candidate_after_uniform_reprocessing	SRP314086	PRJNA720677	GSE171733	RNA-Seq	unknown	whole animal	WBbt:0000100	C. elegans anatomical entity	supported_root_for_whole_organism_sample	L4	WBls:0000038	L4 larva Ce	exact_or_timed_stage		maIs105;let-7(ma435)	maIs105;let-7(ma435)		singleton_no_replicate_aggregation	1	1	1	SRR14191090		False	normalization_class_C_requires_uniform_reprocessing
RNA_V2_G0131	candidate_after_uniform_reprocessing	SRP314086	PRJNA720677	GSE171733	RNA-Seq	unknown	whole animal	WBbt:0000100	C. elegans anatomical entity	supported_root_for_whole_organism_sample	L4	WBls:0000038	L4 larva Ce	exact_or_timed_stage		maIs105;let-7(ma435)	maIs105;let-7(ma435)		singleton_no_replicate_aggregation	1	1	1	SRR14191091		False	normalization_class_C_requires_uniform_reprocessing
RNA_V2_G0132	candidate_after_uniform_reprocessing	SRP314086	PRJNA720677	GSE171733	RNA-Seq	unknown	whole animal	WBbt:0000100	C. elegans anatomical entity	supported_root_for_whole_organism_sample	L4	WBls:0000038	L4 larva Ce	exact_or_timed_stage		maIs105;let-7(ma435)	maIs105;let-7(ma435)		singleton_no_replicate_aggregation	1	1	1	SRR14191092		False	normalization_class_C_requires_uniform_reprocessing
RNA_V2_G0133	candidate_after_uniform_reprocessing	SRP322151	PRJNA734302	GSE175918	RNA-Seq	unknown	whole animal	WBbt:0000100	C. elegans anatomical entity	supported_root_for_whole_organism_sample	Young Adult	WBls:0000041	adult Ce	supported_broad_stage		WT	N2		singleton_no_replicate_aggregation	1	1	1	SRR14701362		False	normalization_class_C_requires_uniform_reprocessing
RNA_V2_G0134	candidate_after_uniform_reprocessing	SRP322151	PRJNA734302	GSE175918	RNA-Seq	unknown	whole animal	WBbt:0000100	C. elegans anatomical entity	supported_root_for_whole_organism_sample	Young Adult	WBls:0000041	adult Ce	supported_broad_stage		WT	N2		singleton_no_replicate_aggregation	1	1	1	SRR14701363		False	normalization_class_C_requires_uniform_reprocessing
RNA_V2_G0135	candidate_after_uniform_reprocessing	SRP322151	PRJNA734302	GSE175918	RNA-Seq	unknown	whole animal	WBbt:0000100	C. elegans anatomical entity	supported_root_for_whole_organism_sample	Young Adult	WBls:0000041	adult Ce	supported_broad_stage		WT	N2		singleton_no_replicate_aggregation	1	1	1	SRR14701364		False	normalization_class_C_requires_uniform_reprocessing
RNA_V2_G0136	candidate_after_uniform_reprocessing	SRP322151	PRJNA734302	GSE175918	RNA-Seq	unknown	whole animal	WBbt:0000100	C. elegans anatomical entity	supported_root_for_whole_organism_sample	Young Adult	WBls:0000041	adult Ce	supported_broad_stage		WT	N2		singleton_no_replicate_aggregation	1	1	1	SRR14701371		False	normalization_class_C_requires_uniform_reprocessing
RNA_V2_G0137	candidate_after_uniform_reprocessing	SRP322151	PRJNA734302	GSE175918	RNA-Seq	unknown	whole animal	WBbt:0000100	C. elegans anatomical entity	supported_root_for_whole_organism_sample	Young Adult	WBls:0000041	adult Ce	supported_broad_stage		WT	N2		singleton_no_replicate_aggregation	1	1	1	SRR14701372		False	normalization_class_C_requires_uniform_reprocessing
RNA_V2_G0138	candidate_after_uniform_reprocessing	SRP322151	PRJNA734302	GSE175918	RNA-Seq	unknown	whole animal	WBbt:0000100	C. elegans anatomical entity	supported_root_for_whole_organism_sample	Young Adult	WBls:0000041	adult Ce	supported_broad_stage		WT	N2		singleton_no_replicate_aggregation	1	1	1	SRR14701373		False	normalization_class_C_requires_uniform_reprocessing
RNA_V2_G0139	candidate_after_uniform_reprocessing	SRP322151	PRJNA734302	GSE175918	RNA-Seq	unknown	whole animal	WBbt:0000100	C. elegans anatomical entity	supported_root_for_whole_organism_sample	Young Adult	WBls:0000041	adult Ce	supported_broad_stage		WT	N2		singleton_no_replicate_aggregation	1	1	1	SRR14701380		False	normalization_class_C_requires_uniform_reprocessing
RNA_V2_G0140	candidate_after_uniform_reprocessing	SRP322151	PRJNA734302	GSE175918	RNA-Seq	unknown	whole animal	WBbt:0000100	C. elegans anatomical entity	supported_root_for_whole_organism_sample	Young Adult	WBls:0000041	adult Ce	supported_broad_stage		WT	N2		singleton_no_replicate_aggregation	1	1	1	SRR14701381		False	normalization_class_C_requires_uniform_reprocessing
RNA_V2_G0141	candidate_after_uniform_reprocessing	SRP322151	PRJNA734302	GSE175918	RNA-Seq	unknown	whole animal	WBbt:0000100	C. elegans anatomical entity	supported_root_for_whole_organism_sample	Young Adult	WBls:0000041	adult Ce	supported_broad_stage		WT	N2		singleton_no_replicate_aggregation	1	1	1	SRR14701382		False	normalization_class_C_requires_uniform_reprocessing
RNA_V2_G0142	candidate_after_uniform_reprocessing	SRP322151	PRJNA734302	GSE175918	RNA-Seq	unknown	whole animal	WBbt:0000100	C. elegans anatomical entity	supported_root_for_whole_organism_sample	Young Adult	WBls:0000041	adult Ce	supported_broad_stage		WT	N2		singleton_no_replicate_aggregation	1	1	1	SRR14701389		False	normalization_class_C_requires_uniform_reprocessing
RNA_V2_G0143	candidate_after_uniform_reprocessing	SRP322151	PRJNA734302	GSE175918	RNA-Seq	unknown	whole animal	WBbt:0000100	C. elegans anatomical entity	supported_root_for_whole_organism_sample	Young Adult	WBls:0000041	adult Ce	supported_broad_stage		WT	N2		singleton_no_replicate_aggregation	1	1	1	SRR14701390		False	normalization_class_C_requires_uniform_reprocessing
RNA_V2_G0144	candidate_after_uniform_reprocessing	SRP322151	PRJNA734302	GSE175918	RNA-Seq	unknown	whole animal	WBbt:0000100	C. elegans anatomical entity	supported_root_for_whole_organism_sample	Young Adult	WBls:0000041	adult Ce	supported_broad_stage		WT	N2		singleton_no_replicate_aggregation	1	1	1	SRR14701391		False	normalization_class_C_requires_uniform_reprocessing
RNA_V2_G0145	candidate_after_uniform_reprocessing	SRP322151	PRJNA734302	GSE175918	RNA-Seq	unknown	whole animal	WBbt:0000100	C. elegans anatomical entity	supported_root_for_whole_organism_sample	Young Adult	WBls:0000041	adult Ce	supported_broad_stage		treated	N2		singleton_no_replicate_aggregation	1	1	1	SRR14701359		False	normalization_class_C_requires_uniform_reprocessing
RNA_V2_G0146	candidate_after_uniform_reprocessing	SRP322151	PRJNA734302	GSE175918	RNA-Seq	unknown	whole animal	WBbt:0000100	C. elegans anatomical entity	supported_root_for_whole_organism_sample	Young Adult	WBls:0000041	adult Ce	supported_broad_stage		treated	N2		singleton_no_replicate_aggregation	1	1	1	SRR14701360		False	normalization_class_C_requires_uniform_reprocessing
RNA_V2_G0147	candidate_after_uniform_reprocessing	SRP322151	PRJNA734302	GSE175918	RNA-Seq	unknown	whole animal	WBbt:0000100	C. elegans anatomical entity	supported_root_for_whole_organism_sample	Young Adult	WBls:0000041	adult Ce	supported_broad_stage		treated	N2		singleton_no_replicate_aggregation	1	1	1	SRR14701361		False	normalization_class_C_requires_uniform_reprocessing
RNA_V2_G0148	candidate_after_uniform_reprocessing	SRP322151	PRJNA734302	GSE175918	RNA-Seq	unknown	whole animal	WBbt:0000100	C. elegans anatomical entity	supported_root_for_whole_organism_sample	Young Adult	WBls:0000041	adult Ce	supported_broad_stage		treated	N2		singleton_no_replicate_aggregation	1	1	1	SRR14701365		False	normalization_class_C_requires_uniform_reprocessing
RNA_V2_G0149	candidate_after_uniform_reprocessing	SRP322151	PRJNA734302	GSE175918	RNA-Seq	unknown	whole animal	WBbt:0000100	C. elegans anatomical entity	supported_root_for_whole_organism_sample	Young Adult	WBls:0000041	adult Ce	supported_broad_stage		treated	N2		singleton_no_replicate_aggregation	1	1	1	SRR14701366		False	normalization_class_C_requires_uniform_reprocessing
RNA_V2_G0150	candidate_after_uniform_reprocessing	SRP322151	PRJNA734302	GSE175918	RNA-Seq	unknown	whole animal	WBbt:0000100	C. elegans anatomical entity	supported_root_for_whole_organism_sample	Young Adult	WBls:0000041	adult Ce	supported_broad_stage		treated	N2		singleton_no_replicate_aggregation	1	1	1	SRR14701367		False	normalization_class_C_requires_uniform_reprocessing
RNA_V2_G0151	candidate_after_uniform_reprocessing	SRP322151	PRJNA734302	GSE175918	RNA-Seq	unknown	whole animal	WBbt:0000100	C. elegans anatomical entity	supported_root_for_whole_organism_sample	Young Adult	WBls:0000041	adult Ce	supported_broad_stage		treated	N2		singleton_no_replicate_aggregation	1	1	1	SRR14701368		False	normalization_class_C_requires_uniform_reprocessing
RNA_V2_G0152	candidate_after_uniform_reprocessing	SRP322151	PRJNA734302	GSE175918	RNA-Seq	unknown	whole animal	WBbt:0000100	C. elegans anatomical entity	supported_root_for_whole_organism_sample	Young Adult	WBls:0000041	adult Ce	supported_broad_stage		treated	N2		singleton_no_replicate_aggregation	1	1	1	SRR14701369		False	normalization_class_C_requires_uniform_reprocessing
RNA_V2_G0153	candidate_after_uniform_reprocessing	SRP322151	PRJNA734302	GSE175918	RNA-Seq	unknown	whole animal	WBbt:0000100	C. elegans anatomical entity	supported_root_for_whole_organism_sample	Young Adult	WBls:0000041	adult Ce	supported_broad_stage		treated	N2		singleton_no_replicate_aggregation	1	1	1	SRR14701370		False	normalization_class_C_requires_uniform_reprocessing
RNA_V2_G0154	candidate_after_uniform_reprocessing	SRP322151	PRJNA734302	GSE175918	RNA-Seq	unknown	whole animal	WBbt:0000100	C. elegans anatomical entity	supported_root_for_whole_organism_sample	Young Adult	WBls:0000041	adult Ce	supported_broad_stage		treated	N2		singleton_no_replicate_aggregation	1	1	1	SRR14701374		False	normalization_class_C_requires_uniform_reprocessing
RNA_V2_G0155	candidate_after_uniform_reprocessing	SRP322151	PRJNA734302	GSE175918	RNA-Seq	unknown	whole animal	WBbt:0000100	C. elegans anatomical entity	supported_root_for_whole_organism_sample	Young Adult	WBls:0000041	adult Ce	supported_broad_stage		treated	N2		singleton_no_replicate_aggregation	1	1	1	SRR14701375		False	normalization_class_C_requires_uniform_reprocessing
RNA_V2_G0156	candidate_after_uniform_reprocessing	SRP322151	PRJNA734302	GSE175918	RNA-Seq	unknown	whole animal	WBbt:0000100	C. elegans anatomical entity	supported_root_for_whole_organism_sample	Young Adult	WBls:0000041	adult Ce	supported_broad_stage		treated	N2		singleton_no_replicate_aggregation	1	1	1	SRR14701376		False	normalization_class_C_requires_uniform_reprocessing
RNA_V2_G0157	candidate_after_uniform_reprocessing	SRP322151	PRJNA734302	GSE175918	RNA-Seq	unknown	whole animal	WBbt:0000100	C. elegans anatomical entity	supported_root_for_whole_organism_sample	Young Adult	WBls:0000041	adult Ce	supported_broad_stage		treated	N2		singleton_no_replicate_aggregation	1	1	1	SRR14701377		False	normalization_class_C_requires_uniform_reprocessing
RNA_V2_G0158	candidate_after_uniform_reprocessing	SRP322151	PRJNA734302	GSE175918	RNA-Seq	unknown	whole animal	WBbt:0000100	C. elegans anatomical entity	supported_root_for_whole_organism_sample	Young Adult	WBls:0000041	adult Ce	supported_broad_stage		treated	N2		singleton_no_replicate_aggregation	1	1	1	SRR14701378		False	normalization_class_C_requires_uniform_reprocessing
RNA_V2_G0159	candidate_after_uniform_reprocessing	SRP322151	PRJNA734302	GSE175918	RNA-Seq	unknown	whole animal	WBbt:0000100	C. elegans anatomical entity	supported_root_for_whole_organism_sample	Young Adult	WBls:0000041	adult Ce	supported_broad_stage		treated	N2		singleton_no_replicate_aggregation	1	1	1	SRR14701379		False	normalization_class_C_requires_uniform_reprocessing
RNA_V2_G0160	candidate_after_uniform_reprocessing	SRP322151	PRJNA734302	GSE175918	RNA-Seq	unknown	whole animal	WBbt:0000100	C. elegans anatomical entity	supported_root_for_whole_organism_sample	Young Adult	WBls:0000041	adult Ce	supported_broad_stage		treated	N2		singleton_no_replicate_aggregation	1	1	1	SRR14701383		False	normalization_class_C_requires_uniform_reprocessing
RNA_V2_G0161	candidate_after_uniform_reprocessing	SRP322151	PRJNA734302	GSE175918	RNA-Seq	unknown	whole animal	WBbt:0000100	C. elegans anatomical entity	supported_root_for_whole_organism_sample	Young Adult	WBls:0000041	adult Ce	supported_broad_stage		treated	N2		singleton_no_replicate_aggregation	1	1	1	SRR14701384		False	normalization_class_C_requires_uniform_reprocessing
RNA_V2_G0162	candidate_after_uniform_reprocessing	SRP322151	PRJNA734302	GSE175918	RNA-Seq	unknown	whole animal	WBbt:0000100	C. elegans anatomical entity	supported_root_for_whole_organism_sample	Young Adult	WBls:0000041	adult Ce	supported_broad_stage		treated	N2		singleton_no_replicate_aggregation	1	1	1	SRR14701385		False	normalization_class_C_requires_uniform_reprocessing
RNA_V2_G0163	candidate_after_uniform_reprocessing	SRP322151	PRJNA734302	GSE175918	RNA-Seq	unknown	whole animal	WBbt:0000100	C. elegans anatomical entity	supported_root_for_whole_organism_sample	Young Adult	WBls:0000041	adult Ce	supported_broad_stage		treated	N2		singleton_no_replicate_aggregation	1	1	1	SRR14701386		False	normalization_class_C_requires_uniform_reprocessing
RNA_V2_G0164	candidate_after_uniform_reprocessing	SRP322151	PRJNA734302	GSE175918	RNA-Seq	unknown	whole animal	WBbt:0000100	C. elegans anatomical entity	supported_root_for_whole_organism_sample	Young Adult	WBls:0000041	adult Ce	supported_broad_stage		treated	N2		singleton_no_replicate_aggregation	1	1	1	SRR14701387		False	normalization_class_C_requires_uniform_reprocessing
RNA_V2_G0165	candidate_after_uniform_reprocessing	SRP322151	PRJNA734302	GSE175918	RNA-Seq	unknown	whole animal	WBbt:0000100	C. elegans anatomical entity	supported_root_for_whole_organism_sample	Young Adult	WBls:0000041	adult Ce	supported_broad_stage		treated	N2		singleton_no_replicate_aggregation	1	1	1	SRR14701388		False	normalization_class_C_requires_uniform_reprocessing
RNA_V2_G0166	candidate_after_uniform_reprocessing	SRP501217	PRJNA1099214	GSE263774	RNA-Seq	unknown	whole worm	WBbt:0000100	C. elegans anatomical entity	supported_root_for_whole_organism_sample	L1	WBls:0000024	L1 larva Ce	exact_stage		N2	N2	DMSO	singleton_no_replicate_aggregation	1	1	1	SRR28628837		False	normalization_class_C_requires_uniform_reprocessing
RNA_V2_G0167	candidate_after_uniform_reprocessing	SRP501217	PRJNA1099214	GSE263774	RNA-Seq	unknown	whole worm	WBbt:0000100	C. elegans anatomical entity	supported_root_for_whole_organism_sample	L1	WBls:0000024	L1 larva Ce	exact_stage		N2	N2	DMSO	singleton_no_replicate_aggregation	1	1	1	SRR28628836		False	normalization_class_C_requires_uniform_reprocessing
RNA_V2_G0168	candidate_after_uniform_reprocessing	SRP501217	PRJNA1099214	GSE263774	RNA-Seq	unknown	whole worm	WBbt:0000100	C. elegans anatomical entity	supported_root_for_whole_organism_sample	L1	WBls:0000024	L1 larva Ce	exact_stage		N2	N2	DMSO	singleton_no_replicate_aggregation	1	1	1	SRR28628835		False	normalization_class_C_requires_uniform_reprocessing
RNA_V2_G0169	candidate_after_uniform_reprocessing	SRP501217	PRJNA1099214	GSE263774	RNA-Seq	unknown	whole worm	WBbt:0000100	C. elegans anatomical entity	supported_root_for_whole_organism_sample	L1	WBls:0000024	L1 larva Ce	exact_stage		cdk-12as	cdk-12as	3MB-PP1 (2uM)	singleton_no_replicate_aggregation	1	1	1	SRR28628825		False	normalization_class_C_requires_uniform_reprocessing
RNA_V2_G0170	candidate_after_uniform_reprocessing	SRP501217	PRJNA1099214	GSE263774	RNA-Seq	unknown	whole worm	WBbt:0000100	C. elegans anatomical entity	supported_root_for_whole_organism_sample	L1	WBls:0000024	L1 larva Ce	exact_stage		cdk-12as	cdk-12as	3MB-PP1 (2uM)	singleton_no_replicate_aggregation	1	1	1	SRR28628824		False	normalization_class_C_requires_uniform_reprocessing
RNA_V2_G0171	candidate_after_uniform_reprocessing	SRP501217	PRJNA1099214	GSE263774	RNA-Seq	unknown	whole worm	WBbt:0000100	C. elegans anatomical entity	supported_root_for_whole_organism_sample	L1	WBls:0000024	L1 larva Ce	exact_stage		cdk-12as	cdk-12as	3MB-PP1 (2uM)	singleton_no_replicate_aggregation	1	1	1	SRR28628823		False	normalization_class_C_requires_uniform_reprocessing
RNA_V2_G0172	candidate_after_uniform_reprocessing	SRP501217	PRJNA1099214	GSE263774	RNA-Seq	unknown	whole worm	WBbt:0000100	C. elegans anatomical entity	supported_root_for_whole_organism_sample	L1	WBls:0000024	L1 larva Ce	exact_stage		cdk-12as	cdk-12as	DMSO	singleton_no_replicate_aggregation	1	1	1	SRR28628831		False	normalization_class_C_requires_uniform_reprocessing
RNA_V2_G0173	candidate_after_uniform_reprocessing	SRP501217	PRJNA1099214	GSE263774	RNA-Seq	unknown	whole worm	WBbt:0000100	C. elegans anatomical entity	supported_root_for_whole_organism_sample	L1	WBls:0000024	L1 larva Ce	exact_stage		cdk-12as	cdk-12as	DMSO	singleton_no_replicate_aggregation	1	1	1	SRR28628830		False	normalization_class_C_requires_uniform_reprocessing
RNA_V2_G0174	candidate_after_uniform_reprocessing	SRP501217	PRJNA1099214	GSE263774	RNA-Seq	unknown	whole worm	WBbt:0000100	C. elegans anatomical entity	supported_root_for_whole_organism_sample	L1	WBls:0000024	L1 larva Ce	exact_stage		cdk-12as	cdk-12as	DMSO	singleton_no_replicate_aggregation	1	1	1	SRR28628829		False	normalization_class_C_requires_uniform_reprocessing
RNA_V2_G0175	candidate_after_uniform_reprocessing	SRP501217	PRJNA1099214	GSE263774	RNA-Seq	unknown	whole worm	WBbt:0000100	C. elegans anatomical entity	supported_root_for_whole_organism_sample	L1	WBls:0000024	L1 larva Ce	exact_stage		cdk-12as	cdk-12as	DMSO	singleton_no_replicate_aggregation	1	1	1	SRR28628828		False	normalization_class_C_requires_uniform_reprocessing
RNA_V2_G0176	candidate_after_uniform_reprocessing	SRP501217	PRJNA1099214	GSE263774	RNA-Seq	unknown	whole worm	WBbt:0000100	C. elegans anatomical entity	supported_root_for_whole_organism_sample	L1	WBls:0000024	L1 larva Ce	exact_stage		cdk-12as	cdk-12as	DMSO	singleton_no_replicate_aggregation	1	1	1	SRR28628827		False	normalization_class_C_requires_uniform_reprocessing
RNA_V2_G0177	candidate_after_uniform_reprocessing	SRP501217	PRJNA1099214	GSE263774	RNA-Seq	unknown	whole worm	WBbt:0000100	C. elegans anatomical entity	supported_root_for_whole_organism_sample	L1	WBls:0000024	L1 larva Ce	exact_stage		cdk-12as	cdk-12as	DMSO	singleton_no_replicate_aggregation	1	1	1	SRR28628826		False	normalization_class_C_requires_uniform_reprocessing
RNA_V2_G0178	candidate_after_uniform_reprocessing	SRP501217	PRJNA1099214	GSE263774	RNA-Seq	unknown	whole worm	WBbt:0000100	C. elegans anatomical entity	supported_root_for_whole_organism_sample	L1	WBls:0000024	L1 larva Ce	exact_stage		cdk-12as;ssup-72[E22K]	cdk-12as;ssup-72[E22K]	3MB-PP1 (2uM)	singleton_no_replicate_aggregation	1	1	1	SRR28628816		False	normalization_class_C_requires_uniform_reprocessing
RNA_V2_G0179	candidate_after_uniform_reprocessing	SRP501217	PRJNA1099214	GSE263774	RNA-Seq	unknown	whole worm	WBbt:0000100	C. elegans anatomical entity	supported_root_for_whole_organism_sample	L1	WBls:0000024	L1 larva Ce	exact_stage		cdk-12as;ssup-72[E22K]	cdk-12as;ssup-72[E22K]	3MB-PP1 (2uM)	singleton_no_replicate_aggregation	1	1	1	SRR28628815		False	normalization_class_C_requires_uniform_reprocessing
RNA_V2_G0180	candidate_after_uniform_reprocessing	SRP501217	PRJNA1099214	GSE263774	RNA-Seq	unknown	whole worm	WBbt:0000100	C. elegans anatomical entity	supported_root_for_whole_organism_sample	L1	WBls:0000024	L1 larva Ce	exact_stage		cdk-12as;ssup-72[E22K]	cdk-12as;ssup-72[E22K]	3MB-PP1 (2uM)	singleton_no_replicate_aggregation	1	1	1	SRR28628814		False	normalization_class_C_requires_uniform_reprocessing
RNA_V2_G0181	candidate_after_uniform_reprocessing	SRP501217	PRJNA1099214	GSE263774	RNA-Seq	unknown	whole worm	WBbt:0000100	C. elegans anatomical entity	supported_root_for_whole_organism_sample	L1	WBls:0000024	L1 larva Ce	exact_stage		cdk-12as;ssup-72[E22K]	cdk-12as;ssup-72[E22K]	DMSO	singleton_no_replicate_aggregation	1	1	1	SRR28628822		False	normalization_class_C_requires_uniform_reprocessing
RNA_V2_G0182	candidate_after_uniform_reprocessing	SRP501217	PRJNA1099214	GSE263774	RNA-Seq	unknown	whole worm	WBbt:0000100	C. elegans anatomical entity	supported_root_for_whole_organism_sample	L1	WBls:0000024	L1 larva Ce	exact_stage		cdk-12as;ssup-72[E22K]	cdk-12as;ssup-72[E22K]	DMSO	singleton_no_replicate_aggregation	1	1	1	SRR28628821		False	normalization_class_C_requires_uniform_reprocessing
RNA_V2_G0183	candidate_after_uniform_reprocessing	SRP501217	PRJNA1099214	GSE263774	RNA-Seq	unknown	whole worm	WBbt:0000100	C. elegans anatomical entity	supported_root_for_whole_organism_sample	L1	WBls:0000024	L1 larva Ce	exact_stage		cdk-12as;ssup-72[E22K]	cdk-12as;ssup-72[E22K]	DMSO	singleton_no_replicate_aggregation	1	1	1	SRR28628820		False	normalization_class_C_requires_uniform_reprocessing
RNA_V2_G0184	candidate_after_uniform_reprocessing	SRP501217	PRJNA1099214	GSE263774	RNA-Seq	unknown	whole worm	WBbt:0000100	C. elegans anatomical entity	supported_root_for_whole_organism_sample	L1	WBls:0000024	L1 larva Ce	exact_stage		cdk-12as;ssup-72[E22K]	cdk-12as;ssup-72[E22K]	DMSO	singleton_no_replicate_aggregation	1	1	1	SRR28628819		False	normalization_class_C_requires_uniform_reprocessing
RNA_V2_G0185	candidate_after_uniform_reprocessing	SRP501217	PRJNA1099214	GSE263774	RNA-Seq	unknown	whole worm	WBbt:0000100	C. elegans anatomical entity	supported_root_for_whole_organism_sample	L1	WBls:0000024	L1 larva Ce	exact_stage		cdk-12as;ssup-72[E22K]	cdk-12as;ssup-72[E22K]	DMSO	singleton_no_replicate_aggregation	1	1	1	SRR28628818		False	normalization_class_C_requires_uniform_reprocessing
RNA_V2_G0186	candidate_after_uniform_reprocessing	SRP501217	PRJNA1099214	GSE263774	RNA-Seq	unknown	whole worm	WBbt:0000100	C. elegans anatomical entity	supported_root_for_whole_organism_sample	L1	WBls:0000024	L1 larva Ce	exact_stage		cdk-12as;ssup-72[E22K]	cdk-12as;ssup-72[E22K]	DMSO	singleton_no_replicate_aggregation	1	1	1	SRR28628817		False	normalization_class_C_requires_uniform_reprocessing
RNA_V2_G0187	candidate_after_uniform_reprocessing	SRP501217	PRJNA1099214	GSE263774	RNA-Seq	unknown	whole worm	WBbt:0000100	C. elegans anatomical entity	supported_root_for_whole_organism_sample	L1	WBls:0000024	L1 larva Ce	exact_stage		ssup-72[E22K]	ssup-72[E22K]	DMSO	singleton_no_replicate_aggregation	1	1	1	SRR28628834		False	normalization_class_C_requires_uniform_reprocessing
RNA_V2_G0188	candidate_after_uniform_reprocessing	SRP501217	PRJNA1099214	GSE263774	RNA-Seq	unknown	whole worm	WBbt:0000100	C. elegans anatomical entity	supported_root_for_whole_organism_sample	L1	WBls:0000024	L1 larva Ce	exact_stage		ssup-72[E22K]	ssup-72[E22K]	DMSO	singleton_no_replicate_aggregation	1	1	1	SRR28628833		False	normalization_class_C_requires_uniform_reprocessing
RNA_V2_G0189	candidate_after_uniform_reprocessing	SRP501217	PRJNA1099214	GSE263774	RNA-Seq	unknown	whole worm	WBbt:0000100	C. elegans anatomical entity	supported_root_for_whole_organism_sample	L1	WBls:0000024	L1 larva Ce	exact_stage		ssup-72[E22K]	ssup-72[E22K]	DMSO	singleton_no_replicate_aggregation	1	1	1	SRR28628832		False	normalization_class_C_requires_uniform_reprocessing
RNA_V2_G0190	candidate_after_uniform_reprocessing	SRP501530	PRJNA1099212	GSE263771	RNA-Seq	unknown	whole worm	WBbt:0000100	C. elegans anatomical entity	supported_root_for_whole_organism_sample	L1	WBls:0000024	L1 larva Ce	exact_stage		N2	N2		singleton_no_replicate_aggregation	1	1	1	SRR28645113		False	normalization_class_C_requires_uniform_reprocessing
RNA_V2_G0191	candidate_after_uniform_reprocessing	SRP501530	PRJNA1099212	GSE263771	RNA-Seq	unknown	whole worm	WBbt:0000100	C. elegans anatomical entity	supported_root_for_whole_organism_sample	L1	WBls:0000024	L1 larva Ce	exact_stage		N2	N2		singleton_no_replicate_aggregation	1	1	1	SRR28645112		False	normalization_class_C_requires_uniform_reprocessing
RNA_V2_G0192	candidate_after_uniform_reprocessing	SRP501530	PRJNA1099212	GSE263771	RNA-Seq	unknown	whole worm	WBbt:0000100	C. elegans anatomical entity	supported_root_for_whole_organism_sample	L1	WBls:0000024	L1 larva Ce	exact_stage		N2	N2		singleton_no_replicate_aggregation	1	1	1	SRR28645111		False	normalization_class_C_requires_uniform_reprocessing
RNA_V2_G0193	candidate_after_uniform_reprocessing	SRP501530	PRJNA1099212	GSE263771	RNA-Seq	unknown	whole worm	WBbt:0000100	C. elegans anatomical entity	supported_root_for_whole_organism_sample	L1	WBls:0000024	L1 larva Ce	exact_stage		N2	N2		singleton_no_replicate_aggregation	1	1	1	SRR28645092		False	normalization_class_C_requires_uniform_reprocessing
RNA_V2_G0194	candidate_after_uniform_reprocessing	SRP501530	PRJNA1099212	GSE263771	RNA-Seq	unknown	whole worm	WBbt:0000100	C. elegans anatomical entity	supported_root_for_whole_organism_sample	L1	WBls:0000024	L1 larva Ce	exact_stage		pinn-1(0)	pinn-1(0)		singleton_no_replicate_aggregation	1	1	1	SRR28645095		False	normalization_class_C_requires_uniform_reprocessing
RNA_V2_G0195	candidate_after_uniform_reprocessing	SRP501530	PRJNA1099212	GSE263771	RNA-Seq	unknown	whole worm	WBbt:0000100	C. elegans anatomical entity	supported_root_for_whole_organism_sample	L1	WBls:0000024	L1 larva Ce	exact_stage		pinn-1(0)	pinn-1(0)		singleton_no_replicate_aggregation	1	1	1	SRR28645094		False	normalization_class_C_requires_uniform_reprocessing
RNA_V2_G0196	candidate_after_uniform_reprocessing	SRP501530	PRJNA1099212	GSE263771	RNA-Seq	unknown	whole worm	WBbt:0000100	C. elegans anatomical entity	supported_root_for_whole_organism_sample	L1	WBls:0000024	L1 larva Ce	exact_stage		pinn-1(0)	pinn-1(0)		singleton_no_replicate_aggregation	1	1	1	SRR28645093		False	normalization_class_C_requires_uniform_reprocessing
RNA_V2_G0197	candidate_after_uniform_reprocessing	SRP501530	PRJNA1099212	GSE263771	RNA-Seq	unknown	whole worm	WBbt:0000100	C. elegans anatomical entity	supported_root_for_whole_organism_sample	L1	WBls:0000024	L1 larva Ce	exact_stage		ssup-72(0)	ssup-72(0)		singleton_no_replicate_aggregation	1	1	1	SRR28645091		False	normalization_class_C_requires_uniform_reprocessing
RNA_V2_G0198	candidate_after_uniform_reprocessing	SRP501530	PRJNA1099212	GSE263771	RNA-Seq	unknown	whole worm	WBbt:0000100	C. elegans anatomical entity	supported_root_for_whole_organism_sample	L1	WBls:0000024	L1 larva Ce	exact_stage		ssup-72(0)	ssup-72(0)		singleton_no_replicate_aggregation	1	1	1	SRR28645090		False	normalization_class_C_requires_uniform_reprocessing
RNA_V2_G0199	candidate_after_uniform_reprocessing	SRP501530	PRJNA1099212	GSE263771	RNA-Seq	unknown	whole worm	WBbt:0000100	C. elegans anatomical entity	supported_root_for_whole_organism_sample	L1	WBls:0000024	L1 larva Ce	exact_stage		ssup-72(0)	ssup-72(0)		singleton_no_replicate_aggregation	1	1	1	SRR28645089		False	normalization_class_C_requires_uniform_reprocessing
RNA_V2_G0200	candidate_after_uniform_reprocessing	SRP501530	PRJNA1099212	GSE263771	RNA-Seq	unknown	whole worm	WBbt:0000100	C. elegans anatomical entity	supported_root_for_whole_organism_sample	L1	WBls:0000024	L1 larva Ce	exact_stage		ssup-72[C13S]	ssup-72[C13S]		singleton_no_replicate_aggregation	1	1	1	SRR28645107		False	normalization_class_C_requires_uniform_reprocessing
RNA_V2_G0201	candidate_after_uniform_reprocessing	SRP501530	PRJNA1099212	GSE263771	RNA-Seq	unknown	whole worm	WBbt:0000100	C. elegans anatomical entity	supported_root_for_whole_organism_sample	L1	WBls:0000024	L1 larva Ce	exact_stage		ssup-72[C13S]	ssup-72[C13S]		singleton_no_replicate_aggregation	1	1	1	SRR28645106		False	normalization_class_C_requires_uniform_reprocessing
RNA_V2_G0202	candidate_after_uniform_reprocessing	SRP501530	PRJNA1099212	GSE263771	RNA-Seq	unknown	whole worm	WBbt:0000100	C. elegans anatomical entity	supported_root_for_whole_organism_sample	L1	WBls:0000024	L1 larva Ce	exact_stage		ssup-72[C13S]	ssup-72[C13S]		singleton_no_replicate_aggregation	1	1	1	SRR28645105		False	normalization_class_C_requires_uniform_reprocessing
RNA_V2_G0203	candidate_after_uniform_reprocessing	SRP501530	PRJNA1099212	GSE263771	RNA-Seq	unknown	whole worm	WBbt:0000100	C. elegans anatomical entity	supported_root_for_whole_organism_sample	L1	WBls:0000024	L1 larva Ce	exact_stage		ssup-72[E22K]	ssup-72[E22K]		singleton_no_replicate_aggregation	1	1	1	SRR28645110		False	normalization_class_C_requires_uniform_reprocessing
RNA_V2_G0204	candidate_after_uniform_reprocessing	SRP501530	PRJNA1099212	GSE263771	RNA-Seq	unknown	whole worm	WBbt:0000100	C. elegans anatomical entity	supported_root_for_whole_organism_sample	L1	WBls:0000024	L1 larva Ce	exact_stage		ssup-72[E22K]	ssup-72[E22K]		singleton_no_replicate_aggregation	1	1	1	SRR28645109		False	normalization_class_C_requires_uniform_reprocessing
RNA_V2_G0205	candidate_after_uniform_reprocessing	SRP501530	PRJNA1099212	GSE263771	RNA-Seq	unknown	whole worm	WBbt:0000100	C. elegans anatomical entity	supported_root_for_whole_organism_sample	L1	WBls:0000024	L1 larva Ce	exact_stage		ssup-72[E22K]	ssup-72[E22K]		singleton_no_replicate_aggregation	1	1	1	SRR28645108		False	normalization_class_C_requires_uniform_reprocessing
RNA_V2_G0206	candidate_after_uniform_reprocessing	SRP501530	PRJNA1099212	GSE263771	RNA-Seq	unknown	whole worm	WBbt:0000100	C. elegans anatomical entity	supported_root_for_whole_organism_sample	L1	WBls:0000024	L1 larva Ce	exact_stage		ssup-72[E22K]	ssup-72[E22K]		singleton_no_replicate_aggregation	1	1	1	SRR28645104		False	normalization_class_C_requires_uniform_reprocessing
RNA_V2_G0207	candidate_after_uniform_reprocessing	SRP501530	PRJNA1099212	GSE263771	RNA-Seq	unknown	whole worm	WBbt:0000100	C. elegans anatomical entity	supported_root_for_whole_organism_sample	L1	WBls:0000024	L1 larva Ce	exact_stage		ssup-72[E22K]	ssup-72[E22K]		singleton_no_replicate_aggregation	1	1	1	SRR28645103		False	normalization_class_C_requires_uniform_reprocessing
RNA_V2_G0208	candidate_after_uniform_reprocessing	SRP501530	PRJNA1099212	GSE263771	RNA-Seq	unknown	whole worm	WBbt:0000100	C. elegans anatomical entity	supported_root_for_whole_organism_sample	L1	WBls:0000024	L1 larva Ce	exact_stage		ssup-72[E22K]	ssup-72[E22K]		singleton_no_replicate_aggregation	1	1	1	SRR28645102		False	normalization_class_C_requires_uniform_reprocessing
RNA_V2_G0209	candidate_after_uniform_reprocessing	SRP501530	PRJNA1099212	GSE263771	RNA-Seq	unknown	whole worm	WBbt:0000100	C. elegans anatomical entity	supported_root_for_whole_organism_sample	L1	WBls:0000024	L1 larva Ce	exact_stage		ssup-72[S39A]	ssup-72[S39A]		singleton_no_replicate_aggregation	1	1	1	SRR28645098		False	normalization_class_C_requires_uniform_reprocessing
RNA_V2_G0210	candidate_after_uniform_reprocessing	SRP501530	PRJNA1099212	GSE263771	RNA-Seq	unknown	whole worm	WBbt:0000100	C. elegans anatomical entity	supported_root_for_whole_organism_sample	L1	WBls:0000024	L1 larva Ce	exact_stage		ssup-72[S39A]	ssup-72[S39A]		singleton_no_replicate_aggregation	1	1	1	SRR28645097		False	normalization_class_C_requires_uniform_reprocessing
RNA_V2_G0211	candidate_after_uniform_reprocessing	SRP501530	PRJNA1099212	GSE263771	RNA-Seq	unknown	whole worm	WBbt:0000100	C. elegans anatomical entity	supported_root_for_whole_organism_sample	L1	WBls:0000024	L1 larva Ce	exact_stage		ssup-72[S39A]	ssup-72[S39A]		singleton_no_replicate_aggregation	1	1	1	SRR28645096		False	normalization_class_C_requires_uniform_reprocessing
RNA_V2_G0212	candidate_after_uniform_reprocessing	SRP501530	PRJNA1099212	GSE263771	RNA-Seq	unknown	whole worm	WBbt:0000100	C. elegans anatomical entity	supported_root_for_whole_organism_sample	L1	WBls:0000024	L1 larva Ce	exact_stage		ssup-72[S39E]	ssup-72[S39E]		singleton_no_replicate_aggregation	1	1	1	SRR28645101		False	normalization_class_C_requires_uniform_reprocessing
RNA_V2_G0213	candidate_after_uniform_reprocessing	SRP501530	PRJNA1099212	GSE263771	RNA-Seq	unknown	whole worm	WBbt:0000100	C. elegans anatomical entity	supported_root_for_whole_organism_sample	L1	WBls:0000024	L1 larva Ce	exact_stage		ssup-72[S39E]	ssup-72[S39E]		singleton_no_replicate_aggregation	1	1	1	SRR28645100		False	normalization_class_C_requires_uniform_reprocessing
RNA_V2_G0214	candidate_after_uniform_reprocessing	SRP501530	PRJNA1099212	GSE263771	RNA-Seq	unknown	whole worm	WBbt:0000100	C. elegans anatomical entity	supported_root_for_whole_organism_sample	L1	WBls:0000024	L1 larva Ce	exact_stage		ssup-72[S39E]	ssup-72[S39E]		singleton_no_replicate_aggregation	1	1	1	SRR28645099		False	normalization_class_C_requires_uniform_reprocessing
RNA_V2_G0215	candidate_after_uniform_reprocessing	SRP561818	PRJNA1219662	GSE288873	RNA-Seq	unknown	Whole animal	WBbt:0000100	C. elegans anatomical entity	supported_root_for_whole_organism_sample	L3	WBls:0000035	L3 larva Ce	exact_stage		N2	WT		singleton_no_replicate_aggregation	1	1	1	SRR32243498		False	normalization_class_C_requires_uniform_reprocessing
RNA_V2_G0216	candidate_after_uniform_reprocessing	SRP561818	PRJNA1219662	GSE288873	RNA-Seq	unknown	Whole animal	WBbt:0000100	C. elegans anatomical entity	supported_root_for_whole_organism_sample	L3	WBls:0000035	L3 larva Ce	exact_stage		N2	WT		singleton_no_replicate_aggregation	1	1	1	SRR32243497		False	normalization_class_C_requires_uniform_reprocessing
RNA_V2_G0217	candidate_after_uniform_reprocessing	SRP660539	PRJNA1399626		RNA-Seq	unknown	Whole Organism	WBbt:0000100	C. elegans anatomical entity	supported_root_for_whole_organism_sample	Young Adult	WBls:0000041	adult Ce	supported_broad_stage		WT	WT		singleton_no_replicate_aggregation	1	1	1	SRR36719221		False	normalization_class_C_requires_uniform_reprocessing
RNA_V2_G0218	candidate_after_uniform_reprocessing	SRP660539	PRJNA1399626		RNA-Seq	unknown	Whole Organism	WBbt:0000100	C. elegans anatomical entity	supported_root_for_whole_organism_sample	Young Adult	WBls:0000041	adult Ce	supported_broad_stage		WT	WT		singleton_no_replicate_aggregation	1	1	1	SRR36719220		False	normalization_class_C_requires_uniform_reprocessing
RNA_V2_G0219	candidate_after_uniform_reprocessing	SRP660539	PRJNA1399626		RNA-Seq	unknown	Whole Organism	WBbt:0000100	C. elegans anatomical entity	supported_root_for_whole_organism_sample	Young Adult	WBls:0000041	adult Ce	supported_broad_stage		WT	WT		singleton_no_replicate_aggregation	1	1	1	SRR36719209		False	normalization_class_C_requires_uniform_reprocessing
RNA_V2_G0220	candidate_after_uniform_reprocessing	SRP660539	PRJNA1399626		RNA-Seq	unknown	Whole Organism	WBbt:0000100	C. elegans anatomical entity	supported_root_for_whole_organism_sample	Young Adult	WBls:0000041	adult Ce	supported_broad_stage		WT+treated	WT+treated		singleton_no_replicate_aggregation	1	1	1	SRR36719217		False	normalization_class_C_requires_uniform_reprocessing
RNA_V2_G0221	candidate_after_uniform_reprocessing	SRP660539	PRJNA1399626		RNA-Seq	unknown	Whole Organism	WBbt:0000100	C. elegans anatomical entity	supported_root_for_whole_organism_sample	Young Adult	WBls:0000041	adult Ce	supported_broad_stage		WT+treated	WT+treated		singleton_no_replicate_aggregation	1	1	1	SRR36719216		False	normalization_class_C_requires_uniform_reprocessing
RNA_V2_G0222	candidate_after_uniform_reprocessing	SRP660539	PRJNA1399626		RNA-Seq	unknown	Whole Organism	WBbt:0000100	C. elegans anatomical entity	supported_root_for_whole_organism_sample	Young Adult	WBls:0000041	adult Ce	supported_broad_stage		WT+treated	WT+treated		singleton_no_replicate_aggregation	1	1	1	SRR36719215		False	normalization_class_C_requires_uniform_reprocessing
RNA_V2_G0223	candidate_after_uniform_reprocessing	SRP660539	PRJNA1399626		RNA-Seq	unknown	Whole Organism	WBbt:0000100	C. elegans anatomical entity	supported_root_for_whole_organism_sample	Young Adult	WBls:0000041	adult Ce	supported_broad_stage		mutated	mutated		singleton_no_replicate_aggregation	1	1	1	SRR36719204		False	normalization_class_C_requires_uniform_reprocessing
RNA_V2_G0224	candidate_after_uniform_reprocessing	SRP660539	PRJNA1399626		RNA-Seq	unknown	Whole Organism	WBbt:0000100	C. elegans anatomical entity	supported_root_for_whole_organism_sample	Young Adult	WBls:0000041	adult Ce	supported_broad_stage		mutated	mutated		singleton_no_replicate_aggregation	1	1	1	SRR36719203		False	normalization_class_C_requires_uniform_reprocessing
RNA_V2_G0225	candidate_after_uniform_reprocessing	SRP660539	PRJNA1399626		RNA-Seq	unknown	Whole Organism	WBbt:0000100	C. elegans anatomical entity	supported_root_for_whole_organism_sample	Young Adult	WBls:0000041	adult Ce	supported_broad_stage		mutated	mutated		singleton_no_replicate_aggregation	1	1	1	SRR36719202		False	normalization_class_C_requires_uniform_reprocessing
RNA_V2_G0226	candidate_after_uniform_reprocessing	SRP660539	PRJNA1399626		RNA-Seq	unknown	Whole Organism	WBbt:0000100	C. elegans anatomical entity	supported_root_for_whole_organism_sample	Young Adult	WBls:0000041	adult Ce	supported_broad_stage		mutated	mutated		singleton_no_replicate_aggregation	1	1	1	SRR36719201		False	normalization_class_C_requires_uniform_reprocessing
RNA_V2_G0227	candidate_after_uniform_reprocessing	SRP660539	PRJNA1399626		RNA-Seq	unknown	Whole Organism	WBbt:0000100	C. elegans anatomical entity	supported_root_for_whole_organism_sample	Young Adult	WBls:0000041	adult Ce	supported_broad_stage		mutated	mutated		singleton_no_replicate_aggregation	1	1	1	SRR36719200		False	normalization_class_C_requires_uniform_reprocessing
RNA_V2_G0228	candidate_after_uniform_reprocessing	SRP660539	PRJNA1399626		RNA-Seq	unknown	Whole Organism	WBbt:0000100	C. elegans anatomical entity	supported_root_for_whole_organism_sample	Young Adult	WBls:0000041	adult Ce	supported_broad_stage		mutated	mutated		singleton_no_replicate_aggregation	1	1	1	SRR36719199		False	normalization_class_C_requires_uniform_reprocessing
RNA_V2_G0229	candidate_after_uniform_reprocessing	SRP660539	PRJNA1399626		RNA-Seq	unknown	Whole Organism	WBbt:0000100	C. elegans anatomical entity	supported_root_for_whole_organism_sample	Young Adult	WBls:0000041	adult Ce	supported_broad_stage		mutated	mutated		singleton_no_replicate_aggregation	1	1	1	SRR36719198		False	normalization_class_C_requires_uniform_reprocessing
RNA_V2_G0230	candidate_after_uniform_reprocessing	SRP660539	PRJNA1399626		RNA-Seq	unknown	Whole Organism	WBbt:0000100	C. elegans anatomical entity	supported_root_for_whole_organism_sample	Young Adult	WBls:0000041	adult Ce	supported_broad_stage		mutated+treated	mutated+treated		singleton_no_replicate_aggregation	1	1	1	SRR36719219		False	normalization_class_C_requires_uniform_reprocessing
RNA_V2_G0231	candidate_after_uniform_reprocessing	SRP660539	PRJNA1399626		RNA-Seq	unknown	Whole Organism	WBbt:0000100	C. elegans anatomical entity	supported_root_for_whole_organism_sample	Young Adult	WBls:0000041	adult Ce	supported_broad_stage		mutated+treated	mutated+treated		singleton_no_replicate_aggregation	1	1	1	SRR36719218		False	normalization_class_C_requires_uniform_reprocessing
RNA_V2_G0232	candidate_after_uniform_reprocessing	SRP660539	PRJNA1399626		RNA-Seq	unknown	Whole Organism	WBbt:0000100	C. elegans anatomical entity	supported_root_for_whole_organism_sample	Young Adult	WBls:0000041	adult Ce	supported_broad_stage		mutated+treated	mutated+treated		singleton_no_replicate_aggregation	1	1	1	SRR36719214		False	normalization_class_C_requires_uniform_reprocessing
RNA_V2_G0233	candidate_after_uniform_reprocessing	SRP660539	PRJNA1399626		RNA-Seq	unknown	Whole Organism	WBbt:0000100	C. elegans anatomical entity	supported_root_for_whole_organism_sample	Young Adult	WBls:0000041	adult Ce	supported_broad_stage		mutated+treated	mutated+treated		singleton_no_replicate_aggregation	1	1	1	SRR36719213		False	normalization_class_C_requires_uniform_reprocessing
RNA_V2_G0234	candidate_after_uniform_reprocessing	SRP660539	PRJNA1399626		RNA-Seq	unknown	Whole Organism	WBbt:0000100	C. elegans anatomical entity	supported_root_for_whole_organism_sample	Young Adult	WBls:0000041	adult Ce	supported_broad_stage		mutated+treated	mutated+treated		singleton_no_replicate_aggregation	1	1	1	SRR36719212		False	normalization_class_C_requires_uniform_reprocessing
RNA_V2_G0235	candidate_after_uniform_reprocessing	SRP660539	PRJNA1399626		RNA-Seq	unknown	Whole Organism	WBbt:0000100	C. elegans anatomical entity	supported_root_for_whole_organism_sample	Young Adult	WBls:0000041	adult Ce	supported_broad_stage		mutated+treated	mutated+treated		singleton_no_replicate_aggregation	1	1	1	SRR36719211		False	normalization_class_C_requires_uniform_reprocessing
RNA_V2_G0236	candidate_after_uniform_reprocessing	SRP660539	PRJNA1399626		RNA-Seq	unknown	Whole Organism	WBbt:0000100	C. elegans anatomical entity	supported_root_for_whole_organism_sample	Young Adult	WBls:0000041	adult Ce	supported_broad_stage		mutated+treated	mutated+treated		singleton_no_replicate_aggregation	1	1	1	SRR36719210		False	normalization_class_C_requires_uniform_reprocessing
RNA_V2_G0237	candidate_after_uniform_reprocessing	SRP660539	PRJNA1399626		RNA-Seq	unknown	Whole Organism	WBbt:0000100	C. elegans anatomical entity	supported_root_for_whole_organism_sample	Young Adult	WBls:0000041	adult Ce	supported_broad_stage		mutated+treated	mutated+treated		singleton_no_replicate_aggregation	1	1	1	SRR36719208		False	normalization_class_C_requires_uniform_reprocessing
RNA_V2_G0238	candidate_after_uniform_reprocessing	SRP660539	PRJNA1399626		RNA-Seq	unknown	Whole Organism	WBbt:0000100	C. elegans anatomical entity	supported_root_for_whole_organism_sample	Young Adult	WBls:0000041	adult Ce	supported_broad_stage		mutated+treated	mutated+treated		singleton_no_replicate_aggregation	1	1	1	SRR36719207		False	normalization_class_C_requires_uniform_reprocessing
RNA_V2_G0239	candidate_after_uniform_reprocessing	SRP660539	PRJNA1399626		RNA-Seq	unknown	Whole Organism	WBbt:0000100	C. elegans anatomical entity	supported_root_for_whole_organism_sample	Young Adult	WBls:0000041	adult Ce	supported_broad_stage		mutated+treated	mutated+treated		singleton_no_replicate_aggregation	1	1	1	SRR36719206		False	normalization_class_C_requires_uniform_reprocessing
RNA_V2_G0240	candidate_after_uniform_reprocessing	SRP660539	PRJNA1399626		RNA-Seq	unknown	Whole Organism	WBbt:0000100	C. elegans anatomical entity	supported_root_for_whole_organism_sample	Young Adult	WBls:0000041	adult Ce	supported_broad_stage		mutated+treated	mutated+treated		singleton_no_replicate_aggregation	1	1	1	SRR36719205		False	normalization_class_C_requires_uniform_reprocessing
