sample_uid	scope	decision	reason	evidence	review_status
rna_seq:SRR10882545	formal_v2_until_reprocessing	hold	awaiting_uniform_reprocessing_signal_unit_unknown	normalization_class=C; signal_unit=unknown	resolved_hold_pending_G1
rna_seq:SRR10882546	formal_v2_until_reprocessing	hold	awaiting_uniform_reprocessing_signal_unit_unknown	normalization_class=C; signal_unit=unknown	resolved_hold_pending_G1
rna_seq:SRR10882547	formal_v2_until_reprocessing	hold	awaiting_uniform_reprocessing_signal_unit_unknown	normalization_class=C; signal_unit=unknown	resolved_hold_pending_G1
rna_seq:SRR10882548	formal_v2_until_reprocessing	hold	awaiting_uniform_reprocessing_signal_unit_unknown	normalization_class=C; signal_unit=unknown	resolved_hold_pending_G1
rna_seq:SRR10882549	formal_v2_until_reprocessing	hold	awaiting_uniform_reprocessing_signal_unit_unknown	normalization_class=C; signal_unit=unknown	resolved_hold_pending_G1
rna_seq:SRR10882550	formal_v2_until_reprocessing	hold	awaiting_uniform_reprocessing_signal_unit_unknown	normalization_class=C; signal_unit=unknown	resolved_hold_pending_G1
rna_seq:SRR10882551	formal_v2_until_reprocessing	hold	awaiting_uniform_reprocessing_signal_unit_unknown	normalization_class=C; signal_unit=unknown	resolved_hold_pending_G1
rna_seq:SRR10882552	formal_v2_until_reprocessing	hold	awaiting_uniform_reprocessing_signal_unit_unknown	normalization_class=C; signal_unit=unknown	resolved_hold_pending_G1
rna_seq:SRR12483327	formal_v2_until_reprocessing	hold	awaiting_uniform_reprocessing_signal_unit_unknown	normalization_class=C; signal_unit=unknown	resolved_hold_pending_G1
rna_seq:SRR12483328	formal_v2_until_reprocessing	hold	awaiting_uniform_reprocessing_signal_unit_unknown	normalization_class=C; signal_unit=unknown	resolved_hold_pending_G1
rna_seq:SRR12483329	formal_v2_until_reprocessing	hold	awaiting_uniform_reprocessing_signal_unit_unknown	normalization_class=C; signal_unit=unknown	resolved_hold_pending_G1
rna_seq:SRR12483330	formal_v2_until_reprocessing	hold	awaiting_uniform_reprocessing_signal_unit_unknown	normalization_class=C; signal_unit=unknown	resolved_hold_pending_G1
rna_seq:SRR12483331	formal_v2_until_reprocessing	hold	awaiting_uniform_reprocessing_signal_unit_unknown	normalization_class=C; signal_unit=unknown	resolved_hold_pending_G1
rna_seq:SRR12483332	formal_v2_until_reprocessing	hold	awaiting_uniform_reprocessing_signal_unit_unknown	normalization_class=C; signal_unit=unknown	resolved_hold_pending_G1
rna_seq:SRR12483333	formal_v2_until_reprocessing	hold	awaiting_uniform_reprocessing_signal_unit_unknown	normalization_class=C; signal_unit=unknown	resolved_hold_pending_G1
rna_seq:SRR12483334	formal_v2_until_reprocessing	hold	awaiting_uniform_reprocessing_signal_unit_unknown	normalization_class=C; signal_unit=unknown	resolved_hold_pending_G1
rna_seq:SRR12483335	formal_v2_until_reprocessing	hold	awaiting_uniform_reprocessing_signal_unit_unknown	normalization_class=C; signal_unit=unknown	resolved_hold_pending_G1
rna_seq:SRR12483336	formal_v2_until_reprocessing	hold	awaiting_uniform_reprocessing_signal_unit_unknown	normalization_class=C; signal_unit=unknown	resolved_hold_pending_G1
rna_seq:SRR12483337	formal_v2_until_reprocessing	hold	awaiting_uniform_reprocessing_signal_unit_unknown	normalization_class=C; signal_unit=unknown	resolved_hold_pending_G1
rna_seq:SRR12483338	formal_v2_until_reprocessing	hold	awaiting_uniform_reprocessing_signal_unit_unknown	normalization_class=C; signal_unit=unknown	resolved_hold_pending_G1
rna_seq:SRR12483339	formal_v2_until_reprocessing	hold	awaiting_uniform_reprocessing_signal_unit_unknown	normalization_class=C; signal_unit=unknown	resolved_hold_pending_G1
rna_seq:SRR12483340	formal_v2_until_reprocessing	hold	awaiting_uniform_reprocessing_signal_unit_unknown	normalization_class=C; signal_unit=unknown	resolved_hold_pending_G1
rna_seq:SRR12483341	formal_v2_until_reprocessing	hold	awaiting_uniform_reprocessing_signal_unit_unknown	normalization_class=C; signal_unit=unknown	resolved_hold_pending_G1
rna_seq:SRR12483342	formal_v2_until_reprocessing	hold	awaiting_uniform_reprocessing_signal_unit_unknown	normalization_class=C; signal_unit=unknown	resolved_hold_pending_G1
rna_seq:SRR12483343	formal_v2_until_reprocessing	hold	awaiting_uniform_reprocessing_signal_unit_unknown	normalization_class=C; signal_unit=unknown	resolved_hold_pending_G1
rna_seq:SRR12483344	formal_v2_until_reprocessing	hold	awaiting_uniform_reprocessing_signal_unit_unknown	normalization_class=C; signal_unit=unknown	resolved_hold_pending_G1
rna_seq:SRR12483345	formal_v2_until_reprocessing	hold	awaiting_uniform_reprocessing_signal_unit_unknown	normalization_class=C; signal_unit=unknown	resolved_hold_pending_G1
rna_seq:SRR12483346	formal_v2_until_reprocessing	hold	awaiting_uniform_reprocessing_signal_unit_unknown	normalization_class=C; signal_unit=unknown	resolved_hold_pending_G1
rna_seq:SRR12483347	formal_v2_until_reprocessing	hold	awaiting_uniform_reprocessing_signal_unit_unknown	normalization_class=C; signal_unit=unknown	resolved_hold_pending_G1
rna_seq:SRR13757744	formal_v2_until_reprocessing	hold	awaiting_uniform_reprocessing_signal_unit_unknown	normalization_class=C; signal_unit=unknown	resolved_hold_pending_G1
rna_seq:SRR13757745	formal_v2_until_reprocessing	hold	awaiting_uniform_reprocessing_signal_unit_unknown	normalization_class=C; signal_unit=unknown	resolved_hold_pending_G1
rna_seq:SRR13757746	formal_v2_until_reprocessing	hold	awaiting_uniform_reprocessing_signal_unit_unknown	normalization_class=C; signal_unit=unknown	resolved_hold_pending_G1
rna_seq:SRR13757747	formal_v2_until_reprocessing	hold	awaiting_uniform_reprocessing_signal_unit_unknown	normalization_class=C; signal_unit=unknown	resolved_hold_pending_G1
rna_seq:SRR13757748	formal_v2_until_reprocessing	hold	awaiting_uniform_reprocessing_signal_unit_unknown	normalization_class=C; signal_unit=unknown	resolved_hold_pending_G1
rna_seq:SRR13757749	formal_v2_until_reprocessing	hold	awaiting_uniform_reprocessing_signal_unit_unknown	normalization_class=C; signal_unit=unknown	resolved_hold_pending_G1
rna_seq:SRR13757750	formal_v2_until_reprocessing	hold	awaiting_uniform_reprocessing_signal_unit_unknown	normalization_class=C; signal_unit=unknown	resolved_hold_pending_G1
rna_seq:SRR13757751	formal_v2_until_reprocessing	hold	awaiting_uniform_reprocessing_signal_unit_unknown	normalization_class=C; signal_unit=unknown	resolved_hold_pending_G1
rna_seq:SRR13757752	formal_v2_until_reprocessing	hold	awaiting_uniform_reprocessing_signal_unit_unknown	normalization_class=C; signal_unit=unknown	resolved_hold_pending_G1
rna_seq:SRR13757753	formal_v2_until_reprocessing	hold	awaiting_uniform_reprocessing_signal_unit_unknown	normalization_class=C; signal_unit=unknown	resolved_hold_pending_G1
rna_seq:SRR13757754	formal_v2_until_reprocessing	hold	awaiting_uniform_reprocessing_signal_unit_unknown	normalization_class=C; signal_unit=unknown	resolved_hold_pending_G1
rna_seq:SRR13757755	formal_v2_until_reprocessing	hold	awaiting_uniform_reprocessing_signal_unit_unknown	normalization_class=C; signal_unit=unknown	resolved_hold_pending_G1
rna_seq:SRR13757756	formal_v2_until_reprocessing	hold	awaiting_uniform_reprocessing_signal_unit_unknown	normalization_class=C; signal_unit=unknown	resolved_hold_pending_G1
rna_seq:SRR13757757	formal_v2_until_reprocessing	hold	awaiting_uniform_reprocessing_signal_unit_unknown	normalization_class=C; signal_unit=unknown	resolved_hold_pending_G1
rna_seq:SRR13757758	formal_v2_until_reprocessing	hold	awaiting_uniform_reprocessing_signal_unit_unknown	normalization_class=C; signal_unit=unknown	resolved_hold_pending_G1
rna_seq:SRR13757759	formal_v2_until_reprocessing	hold	awaiting_uniform_reprocessing_signal_unit_unknown	normalization_class=C; signal_unit=unknown	resolved_hold_pending_G1
rna_seq:SRR13757760	formal_v2_until_reprocessing	hold	awaiting_uniform_reprocessing_signal_unit_unknown	normalization_class=C; signal_unit=unknown	resolved_hold_pending_G1
rna_seq:SRR13757761	formal_v2_until_reprocessing	hold	awaiting_uniform_reprocessing_signal_unit_unknown	normalization_class=C; signal_unit=unknown	resolved_hold_pending_G1
rna_seq:SRR13757762	formal_v2_until_reprocessing	hold	awaiting_uniform_reprocessing_signal_unit_unknown	normalization_class=C; signal_unit=unknown	resolved_hold_pending_G1
rna_seq:SRR13757763	formal_v2_until_reprocessing	hold	awaiting_uniform_reprocessing_signal_unit_unknown	normalization_class=C; signal_unit=unknown	resolved_hold_pending_G1
rna_seq:SRR13757764	formal_v2_until_reprocessing	hold	awaiting_uniform_reprocessing_signal_unit_unknown	normalization_class=C; signal_unit=unknown	resolved_hold_pending_G1
rna_seq:SRR13757765	formal_v2_until_reprocessing	hold	awaiting_uniform_reprocessing_signal_unit_unknown	normalization_class=C; signal_unit=unknown	resolved_hold_pending_G1
rna_seq:SRR13757766	formal_v2_until_reprocessing	hold	awaiting_uniform_reprocessing_signal_unit_unknown	normalization_class=C; signal_unit=unknown	resolved_hold_pending_G1
rna_seq:SRR13757767	formal_v2_until_reprocessing	hold	awaiting_uniform_reprocessing_signal_unit_unknown	normalization_class=C; signal_unit=unknown	resolved_hold_pending_G1
rna_seq:SRR13757768	formal_v2_until_reprocessing	hold	awaiting_uniform_reprocessing_signal_unit_unknown	normalization_class=C; signal_unit=unknown	resolved_hold_pending_G1
rna_seq:SRR13757769	formal_v2_until_reprocessing	hold	awaiting_uniform_reprocessing_signal_unit_unknown	normalization_class=C; signal_unit=unknown	resolved_hold_pending_G1
rna_seq:SRR13757770	formal_v2_until_reprocessing	hold	awaiting_uniform_reprocessing_signal_unit_unknown	normalization_class=C; signal_unit=unknown	resolved_hold_pending_G1
rna_seq:SRR13757771	formal_v2_until_reprocessing	hold	awaiting_uniform_reprocessing_signal_unit_unknown	normalization_class=C; signal_unit=unknown	resolved_hold_pending_G1
rna_seq:SRR13757772	formal_v2_until_reprocessing	hold	awaiting_uniform_reprocessing_signal_unit_unknown	normalization_class=C; signal_unit=unknown	resolved_hold_pending_G1
rna_seq:SRR13757773	formal_v2_until_reprocessing	hold	awaiting_uniform_reprocessing_signal_unit_unknown	normalization_class=C; signal_unit=unknown	resolved_hold_pending_G1
rna_seq:SRR13964554	current_bigwig_signal	exclude_duplicate_signal	byte-identical current bigWig; canonical=SRR12483327	SHA-256=8422277939b1a41f7c44fe783d293e2204b0bd157984178aad42c268d6929180	resolved_source_reuse_requires_raw_read_review
rna_seq:SRR13964554	formal_v2_until_reprocessing	hold	awaiting_uniform_reprocessing_signal_unit_unknown	normalization_class=C; signal_unit=unknown	resolved_hold_pending_G1
rna_seq:SRR13964555	current_bigwig_signal	exclude_duplicate_signal	byte-identical current bigWig; canonical=SRR12483328	SHA-256=886da97271d0fe93ba8e57d526eca4da580563b89f502358b3fae2356507c768	resolved_source_reuse_requires_raw_read_review
rna_seq:SRR13964555	formal_v2_until_reprocessing	hold	awaiting_uniform_reprocessing_signal_unit_unknown	normalization_class=C; signal_unit=unknown	resolved_hold_pending_G1
rna_seq:SRR13964556	current_bigwig_signal	exclude_duplicate_signal	byte-identical current bigWig; canonical=SRR12483329	SHA-256=a26ae684bf43d13f33579bdb476a5361bc204802b74baea89fd28a52a01fa7e1	resolved_source_reuse_requires_raw_read_review
rna_seq:SRR13964556	formal_v2_until_reprocessing	hold	awaiting_uniform_reprocessing_signal_unit_unknown	normalization_class=C; signal_unit=unknown	resolved_hold_pending_G1
rna_seq:SRR13964557	formal_v2_until_reprocessing	hold	awaiting_uniform_reprocessing_signal_unit_unknown	normalization_class=C; signal_unit=unknown	resolved_hold_pending_G1
rna_seq:SRR13964558	formal_v2_until_reprocessing	hold	awaiting_uniform_reprocessing_signal_unit_unknown	normalization_class=C; signal_unit=unknown	resolved_hold_pending_G1
rna_seq:SRR13964559	formal_v2_until_reprocessing	hold	awaiting_uniform_reprocessing_signal_unit_unknown	normalization_class=C; signal_unit=unknown	resolved_hold_pending_G1
rna_seq:SRR13964560	formal_v2_until_reprocessing	hold	awaiting_uniform_reprocessing_signal_unit_unknown	normalization_class=C; signal_unit=unknown	resolved_hold_pending_G1
rna_seq:SRR13964561	formal_v2_until_reprocessing	hold	awaiting_uniform_reprocessing_signal_unit_unknown	normalization_class=C; signal_unit=unknown	resolved_hold_pending_G1
rna_seq:SRR13964562	formal_v2_until_reprocessing	hold	awaiting_uniform_reprocessing_signal_unit_unknown	normalization_class=C; signal_unit=unknown	resolved_hold_pending_G1
rna_seq:SRR13964563	formal_v2_until_reprocessing	hold	awaiting_uniform_reprocessing_signal_unit_unknown	normalization_class=C; signal_unit=unknown	resolved_hold_pending_G1
rna_seq:SRR13964564	formal_v2_until_reprocessing	hold	awaiting_uniform_reprocessing_signal_unit_unknown	normalization_class=C; signal_unit=unknown	resolved_hold_pending_G1
rna_seq:SRR13964565	formal_v2_until_reprocessing	hold	awaiting_uniform_reprocessing_signal_unit_unknown	normalization_class=C; signal_unit=unknown	resolved_hold_pending_G1
rna_seq:SRR13964566	formal_v2_until_reprocessing	hold	awaiting_uniform_reprocessing_signal_unit_unknown	normalization_class=C; signal_unit=unknown	resolved_hold_pending_G1
rna_seq:SRR13964567	formal_v2_until_reprocessing	hold	awaiting_uniform_reprocessing_signal_unit_unknown	normalization_class=C; signal_unit=unknown	resolved_hold_pending_G1
rna_seq:SRR13964568	formal_v2_until_reprocessing	hold	awaiting_uniform_reprocessing_signal_unit_unknown	normalization_class=C; signal_unit=unknown	resolved_hold_pending_G1
rna_seq:SRR13964569	formal_v2_until_reprocessing	hold	awaiting_uniform_reprocessing_signal_unit_unknown	normalization_class=C; signal_unit=unknown	resolved_hold_pending_G1
rna_seq:SRR13964570	formal_v2_until_reprocessing	hold	awaiting_uniform_reprocessing_signal_unit_unknown	normalization_class=C; signal_unit=unknown	resolved_hold_pending_G1
rna_seq:SRR13964571	formal_v2_until_reprocessing	hold	awaiting_uniform_reprocessing_signal_unit_unknown	normalization_class=C; signal_unit=unknown	resolved_hold_pending_G1
rna_seq:SRR13964572	formal_v2_until_reprocessing	hold	awaiting_uniform_reprocessing_signal_unit_unknown	normalization_class=C; signal_unit=unknown	resolved_hold_pending_G1
rna_seq:SRR13964573	formal_v2_until_reprocessing	hold	awaiting_uniform_reprocessing_signal_unit_unknown	normalization_class=C; signal_unit=unknown	resolved_hold_pending_G1
rna_seq:SRR13964574	formal_v2_until_reprocessing	hold	awaiting_uniform_reprocessing_signal_unit_unknown	normalization_class=C; signal_unit=unknown	resolved_hold_pending_G1
rna_seq:SRR13964575	formal_v2_until_reprocessing	hold	awaiting_uniform_reprocessing_signal_unit_unknown	normalization_class=C; signal_unit=unknown	resolved_hold_pending_G1
rna_seq:SRR13964576	formal_v2_until_reprocessing	hold	awaiting_uniform_reprocessing_signal_unit_unknown	normalization_class=C; signal_unit=unknown	resolved_hold_pending_G1
rna_seq:SRR13964577	formal_v2_until_reprocessing	hold	awaiting_uniform_reprocessing_signal_unit_unknown	normalization_class=C; signal_unit=unknown	resolved_hold_pending_G1
rna_seq:SRR13964578	formal_v2_until_reprocessing	hold	awaiting_uniform_reprocessing_signal_unit_unknown	normalization_class=C; signal_unit=unknown	resolved_hold_pending_G1
rna_seq:SRR13964579	formal_v2_until_reprocessing	hold	awaiting_uniform_reprocessing_signal_unit_unknown	normalization_class=C; signal_unit=unknown	resolved_hold_pending_G1
rna_seq:SRR13964580	formal_v2_until_reprocessing	hold	awaiting_uniform_reprocessing_signal_unit_unknown	normalization_class=C; signal_unit=unknown	resolved_hold_pending_G1
rna_seq:SRR13964581	formal_v2_until_reprocessing	hold	awaiting_uniform_reprocessing_signal_unit_unknown	normalization_class=C; signal_unit=unknown	resolved_hold_pending_G1
rna_seq:SRR13964582	formal_v2_until_reprocessing	hold	awaiting_uniform_reprocessing_signal_unit_unknown	normalization_class=C; signal_unit=unknown	resolved_hold_pending_G1
rna_seq:SRR13964583	formal_v2_until_reprocessing	hold	awaiting_uniform_reprocessing_signal_unit_unknown	normalization_class=C; signal_unit=unknown	resolved_hold_pending_G1
rna_seq:SRR13964584	formal_v2_until_reprocessing	hold	awaiting_uniform_reprocessing_signal_unit_unknown	normalization_class=C; signal_unit=unknown	resolved_hold_pending_G1
rna_seq:SRR13964585	formal_v2_until_reprocessing	hold	awaiting_uniform_reprocessing_signal_unit_unknown	normalization_class=C; signal_unit=unknown	resolved_hold_pending_G1
rna_seq:SRR13964586	formal_v2_until_reprocessing	hold	awaiting_uniform_reprocessing_signal_unit_unknown	normalization_class=C; signal_unit=unknown	resolved_hold_pending_G1
rna_seq:SRR14191081	formal_v2_until_reprocessing	hold	awaiting_uniform_reprocessing_signal_unit_unknown	normalization_class=C; signal_unit=unknown	resolved_hold_pending_G1
rna_seq:SRR14191082	formal_v2_until_reprocessing	hold	awaiting_uniform_reprocessing_signal_unit_unknown	normalization_class=C; signal_unit=unknown	resolved_hold_pending_G1
rna_seq:SRR14191083	formal_v2_until_reprocessing	hold	awaiting_uniform_reprocessing_signal_unit_unknown	normalization_class=C; signal_unit=unknown	resolved_hold_pending_G1
rna_seq:SRR14191084	formal_v2_until_reprocessing	hold	awaiting_uniform_reprocessing_signal_unit_unknown	normalization_class=C; signal_unit=unknown	resolved_hold_pending_G1
rna_seq:SRR14191085	formal_v2_until_reprocessing	hold	awaiting_uniform_reprocessing_signal_unit_unknown	normalization_class=C; signal_unit=unknown	resolved_hold_pending_G1
rna_seq:SRR14191086	formal_v2_until_reprocessing	hold	awaiting_uniform_reprocessing_signal_unit_unknown	normalization_class=C; signal_unit=unknown	resolved_hold_pending_G1
rna_seq:SRR14191087	formal_v2_until_reprocessing	hold	awaiting_uniform_reprocessing_signal_unit_unknown	normalization_class=C; signal_unit=unknown	resolved_hold_pending_G1
rna_seq:SRR14191088	formal_v2_until_reprocessing	hold	awaiting_uniform_reprocessing_signal_unit_unknown	normalization_class=C; signal_unit=unknown	resolved_hold_pending_G1
rna_seq:SRR14191089	formal_v2_until_reprocessing	hold	awaiting_uniform_reprocessing_signal_unit_unknown	normalization_class=C; signal_unit=unknown	resolved_hold_pending_G1
rna_seq:SRR14191090	formal_v2_until_reprocessing	hold	awaiting_uniform_reprocessing_signal_unit_unknown	normalization_class=C; signal_unit=unknown	resolved_hold_pending_G1
rna_seq:SRR14191091	formal_v2_until_reprocessing	hold	awaiting_uniform_reprocessing_signal_unit_unknown	normalization_class=C; signal_unit=unknown	resolved_hold_pending_G1
rna_seq:SRR14191092	formal_v2_until_reprocessing	hold	awaiting_uniform_reprocessing_signal_unit_unknown	normalization_class=C; signal_unit=unknown	resolved_hold_pending_G1
rna_seq:SRR14701359	formal_v2_until_reprocessing	hold	awaiting_uniform_reprocessing_signal_unit_unknown	normalization_class=C; signal_unit=unknown	resolved_hold_pending_G1
rna_seq:SRR14701360	formal_v2_until_reprocessing	hold	awaiting_uniform_reprocessing_signal_unit_unknown	normalization_class=C; signal_unit=unknown	resolved_hold_pending_G1
rna_seq:SRR14701361	formal_v2_until_reprocessing	hold	awaiting_uniform_reprocessing_signal_unit_unknown	normalization_class=C; signal_unit=unknown	resolved_hold_pending_G1
rna_seq:SRR14701362	formal_v2_until_reprocessing	hold	awaiting_uniform_reprocessing_signal_unit_unknown	normalization_class=C; signal_unit=unknown	resolved_hold_pending_G1
rna_seq:SRR14701363	formal_v2_until_reprocessing	hold	awaiting_uniform_reprocessing_signal_unit_unknown	normalization_class=C; signal_unit=unknown	resolved_hold_pending_G1
rna_seq:SRR14701364	formal_v2_until_reprocessing	hold	awaiting_uniform_reprocessing_signal_unit_unknown	normalization_class=C; signal_unit=unknown	resolved_hold_pending_G1
rna_seq:SRR14701365	formal_v2_until_reprocessing	hold	awaiting_uniform_reprocessing_signal_unit_unknown	normalization_class=C; signal_unit=unknown	resolved_hold_pending_G1
rna_seq:SRR14701366	formal_v2_until_reprocessing	hold	awaiting_uniform_reprocessing_signal_unit_unknown	normalization_class=C; signal_unit=unknown	resolved_hold_pending_G1
rna_seq:SRR14701367	formal_v2_until_reprocessing	hold	awaiting_uniform_reprocessing_signal_unit_unknown	normalization_class=C; signal_unit=unknown	resolved_hold_pending_G1
rna_seq:SRR14701368	formal_v2_until_reprocessing	hold	awaiting_uniform_reprocessing_signal_unit_unknown	normalization_class=C; signal_unit=unknown	resolved_hold_pending_G1
rna_seq:SRR14701369	formal_v2_until_reprocessing	hold	awaiting_uniform_reprocessing_signal_unit_unknown	normalization_class=C; signal_unit=unknown	resolved_hold_pending_G1
rna_seq:SRR14701370	formal_v2_until_reprocessing	hold	awaiting_uniform_reprocessing_signal_unit_unknown	normalization_class=C; signal_unit=unknown	resolved_hold_pending_G1
rna_seq:SRR14701371	formal_v2_until_reprocessing	hold	awaiting_uniform_reprocessing_signal_unit_unknown	normalization_class=C; signal_unit=unknown	resolved_hold_pending_G1
rna_seq:SRR14701372	formal_v2_until_reprocessing	hold	awaiting_uniform_reprocessing_signal_unit_unknown	normalization_class=C; signal_unit=unknown	resolved_hold_pending_G1
rna_seq:SRR14701373	formal_v2_until_reprocessing	hold	awaiting_uniform_reprocessing_signal_unit_unknown	normalization_class=C; signal_unit=unknown	resolved_hold_pending_G1
rna_seq:SRR14701374	formal_v2_until_reprocessing	hold	awaiting_uniform_reprocessing_signal_unit_unknown	normalization_class=C; signal_unit=unknown	resolved_hold_pending_G1
rna_seq:SRR14701375	formal_v2_until_reprocessing	hold	awaiting_uniform_reprocessing_signal_unit_unknown	normalization_class=C; signal_unit=unknown	resolved_hold_pending_G1
rna_seq:SRR14701376	formal_v2_until_reprocessing	hold	awaiting_uniform_reprocessing_signal_unit_unknown	normalization_class=C; signal_unit=unknown	resolved_hold_pending_G1
rna_seq:SRR14701377	formal_v2_until_reprocessing	hold	awaiting_uniform_reprocessing_signal_unit_unknown	normalization_class=C; signal_unit=unknown	resolved_hold_pending_G1
rna_seq:SRR14701378	formal_v2_until_reprocessing	hold	awaiting_uniform_reprocessing_signal_unit_unknown	normalization_class=C; signal_unit=unknown	resolved_hold_pending_G1
rna_seq:SRR14701379	formal_v2_until_reprocessing	hold	awaiting_uniform_reprocessing_signal_unit_unknown	normalization_class=C; signal_unit=unknown	resolved_hold_pending_G1
rna_seq:SRR14701380	formal_v2_until_reprocessing	hold	awaiting_uniform_reprocessing_signal_unit_unknown	normalization_class=C; signal_unit=unknown	resolved_hold_pending_G1
rna_seq:SRR14701381	formal_v2_until_reprocessing	hold	awaiting_uniform_reprocessing_signal_unit_unknown	normalization_class=C; signal_unit=unknown	resolved_hold_pending_G1
rna_seq:SRR14701382	formal_v2_until_reprocessing	hold	awaiting_uniform_reprocessing_signal_unit_unknown	normalization_class=C; signal_unit=unknown	resolved_hold_pending_G1
rna_seq:SRR14701383	formal_v2_until_reprocessing	hold	awaiting_uniform_reprocessing_signal_unit_unknown	normalization_class=C; signal_unit=unknown	resolved_hold_pending_G1
rna_seq:SRR14701384	formal_v2_until_reprocessing	hold	awaiting_uniform_reprocessing_signal_unit_unknown	normalization_class=C; signal_unit=unknown	resolved_hold_pending_G1
rna_seq:SRR14701385	formal_v2_until_reprocessing	hold	awaiting_uniform_reprocessing_signal_unit_unknown	normalization_class=C; signal_unit=unknown	resolved_hold_pending_G1
rna_seq:SRR14701386	formal_v2_until_reprocessing	hold	awaiting_uniform_reprocessing_signal_unit_unknown	normalization_class=C; signal_unit=unknown	resolved_hold_pending_G1
rna_seq:SRR14701387	formal_v2_until_reprocessing	hold	awaiting_uniform_reprocessing_signal_unit_unknown	normalization_class=C; signal_unit=unknown	resolved_hold_pending_G1
rna_seq:SRR14701388	formal_v2_until_reprocessing	hold	awaiting_uniform_reprocessing_signal_unit_unknown	normalization_class=C; signal_unit=unknown	resolved_hold_pending_G1
rna_seq:SRR14701389	formal_v2_until_reprocessing	hold	awaiting_uniform_reprocessing_signal_unit_unknown	normalization_class=C; signal_unit=unknown	resolved_hold_pending_G1
rna_seq:SRR14701390	formal_v2_until_reprocessing	hold	awaiting_uniform_reprocessing_signal_unit_unknown	normalization_class=C; signal_unit=unknown	resolved_hold_pending_G1
rna_seq:SRR14701391	formal_v2_until_reprocessing	hold	awaiting_uniform_reprocessing_signal_unit_unknown	normalization_class=C; signal_unit=unknown	resolved_hold_pending_G1
rna_seq:SRR1956641	formal_v2_until_reprocessing	hold	awaiting_uniform_reprocessing_signal_unit_unknown	normalization_class=C; signal_unit=unknown	resolved_hold_pending_G1
rna_seq:SRR1956642	formal_v2_until_reprocessing	hold	awaiting_uniform_reprocessing_signal_unit_unknown	normalization_class=C; signal_unit=unknown	resolved_hold_pending_G1
rna_seq:SRR1956643	formal_v2_until_reprocessing	hold	awaiting_uniform_reprocessing_signal_unit_unknown	normalization_class=C; signal_unit=unknown	resolved_hold_pending_G1
rna_seq:SRR1956644	formal_v2_until_reprocessing	hold	awaiting_uniform_reprocessing_signal_unit_unknown	normalization_class=C; signal_unit=unknown	resolved_hold_pending_G1
rna_seq:SRR1956645	formal_v2_until_reprocessing	hold	awaiting_uniform_reprocessing_signal_unit_unknown	normalization_class=C; signal_unit=unknown	resolved_hold_pending_G1
rna_seq:SRR1956646	formal_v2_until_reprocessing	hold	awaiting_uniform_reprocessing_signal_unit_unknown	normalization_class=C; signal_unit=unknown	resolved_hold_pending_G1
rna_seq:SRR1956647	formal_v2_until_reprocessing	hold	awaiting_uniform_reprocessing_signal_unit_unknown	normalization_class=C; signal_unit=unknown	resolved_hold_pending_G1
rna_seq:SRR1956659	formal_v2_until_reprocessing	hold	awaiting_uniform_reprocessing_signal_unit_unknown	normalization_class=C; signal_unit=unknown	resolved_hold_pending_G1
rna_seq:SRR1956660	formal_v2_until_reprocessing	hold	awaiting_uniform_reprocessing_signal_unit_unknown	normalization_class=C; signal_unit=unknown	resolved_hold_pending_G1
rna_seq:SRR1956661	formal_v2_until_reprocessing	hold	awaiting_uniform_reprocessing_signal_unit_unknown	normalization_class=C; signal_unit=unknown	resolved_hold_pending_G1
rna_seq:SRR1956662	formal_v2_until_reprocessing	hold	awaiting_uniform_reprocessing_signal_unit_unknown	normalization_class=C; signal_unit=unknown	resolved_hold_pending_G1
rna_seq:SRR1956663	formal_v2_until_reprocessing	hold	awaiting_uniform_reprocessing_signal_unit_unknown	normalization_class=C; signal_unit=unknown	resolved_hold_pending_G1
rna_seq:SRR1956664	formal_v2_until_reprocessing	hold	awaiting_uniform_reprocessing_signal_unit_unknown	normalization_class=C; signal_unit=unknown	resolved_hold_pending_G1
rna_seq:SRR1956665	formal_v2_until_reprocessing	hold	awaiting_uniform_reprocessing_signal_unit_unknown	normalization_class=C; signal_unit=unknown	resolved_hold_pending_G1
rna_seq:SRR1956666	formal_v2_until_reprocessing	hold	awaiting_uniform_reprocessing_signal_unit_unknown	normalization_class=C; signal_unit=unknown	resolved_hold_pending_G1
rna_seq:SRR1956667	formal_v2_until_reprocessing	hold	awaiting_uniform_reprocessing_signal_unit_unknown	normalization_class=C; signal_unit=unknown	resolved_hold_pending_G1
rna_seq:SRR1956668	formal_v2_until_reprocessing	hold	awaiting_uniform_reprocessing_signal_unit_unknown	normalization_class=C; signal_unit=unknown	resolved_hold_pending_G1
rna_seq:SRR1956669	formal_v2_until_reprocessing	hold	awaiting_uniform_reprocessing_signal_unit_unknown	normalization_class=C; signal_unit=unknown	resolved_hold_pending_G1
rna_seq:SRR1956670	formal_v2_until_reprocessing	hold	awaiting_uniform_reprocessing_signal_unit_unknown	normalization_class=C; signal_unit=unknown	resolved_hold_pending_G1
rna_seq:SRR1956671	formal_v2_until_reprocessing	hold	awaiting_uniform_reprocessing_signal_unit_unknown	normalization_class=C; signal_unit=unknown	resolved_hold_pending_G1
rna_seq:SRR1956672	formal_v2_until_reprocessing	hold	awaiting_uniform_reprocessing_signal_unit_unknown	normalization_class=C; signal_unit=unknown	resolved_hold_pending_G1
rna_seq:SRR1956673	formal_v2_until_reprocessing	hold	awaiting_uniform_reprocessing_signal_unit_unknown	normalization_class=C; signal_unit=unknown	resolved_hold_pending_G1
rna_seq:SRR1956674	formal_v2_until_reprocessing	hold	awaiting_uniform_reprocessing_signal_unit_unknown	normalization_class=C; signal_unit=unknown	resolved_hold_pending_G1
rna_seq:SRR1956694	formal_v2_until_reprocessing	hold	awaiting_uniform_reprocessing_signal_unit_unknown	normalization_class=C; signal_unit=unknown	resolved_hold_pending_G1
rna_seq:SRR1956695	formal_v2_until_reprocessing	hold	awaiting_uniform_reprocessing_signal_unit_unknown	normalization_class=C; signal_unit=unknown	resolved_hold_pending_G1
rna_seq:SRR1956696	formal_v2_until_reprocessing	hold	awaiting_uniform_reprocessing_signal_unit_unknown	normalization_class=C; signal_unit=unknown	resolved_hold_pending_G1
rna_seq:SRR1956697	formal_v2_until_reprocessing	hold	awaiting_uniform_reprocessing_signal_unit_unknown	normalization_class=C; signal_unit=unknown	resolved_hold_pending_G1
rna_seq:SRR1956698	formal_v2_until_reprocessing	hold	awaiting_uniform_reprocessing_signal_unit_unknown	normalization_class=C; signal_unit=unknown	resolved_hold_pending_G1
rna_seq:SRR1956699	formal_v2_until_reprocessing	hold	awaiting_uniform_reprocessing_signal_unit_unknown	normalization_class=C; signal_unit=unknown	resolved_hold_pending_G1
rna_seq:SRR1956700	formal_v2_until_reprocessing	hold	awaiting_uniform_reprocessing_signal_unit_unknown	normalization_class=C; signal_unit=unknown	resolved_hold_pending_G1
rna_seq:SRR1956701	formal_v2_until_reprocessing	hold	awaiting_uniform_reprocessing_signal_unit_unknown	normalization_class=C; signal_unit=unknown	resolved_hold_pending_G1
rna_seq:SRR23049895	formal_v2_until_reprocessing	hold	awaiting_uniform_reprocessing_signal_unit_unknown	normalization_class=C; signal_unit=unknown	resolved_hold_pending_G1
rna_seq:SRR23049906	formal_v2_until_reprocessing	hold	awaiting_uniform_reprocessing_signal_unit_unknown	normalization_class=C; signal_unit=unknown	resolved_hold_pending_G1
rna_seq:SRR23049917	formal_v2_until_reprocessing	hold	awaiting_uniform_reprocessing_signal_unit_unknown	normalization_class=C; signal_unit=unknown	resolved_hold_pending_G1
rna_seq:SRR23049928	formal_v2_until_reprocessing	hold	awaiting_uniform_reprocessing_signal_unit_unknown	normalization_class=C; signal_unit=unknown	resolved_hold_pending_G1
rna_seq:SRR23049936	formal_v2_until_reprocessing	hold	awaiting_uniform_reprocessing_signal_unit_unknown	normalization_class=C; signal_unit=unknown	resolved_hold_pending_G1
rna_seq:SRR23049937	formal_v2_until_reprocessing	hold	awaiting_uniform_reprocessing_signal_unit_unknown	normalization_class=C; signal_unit=unknown	resolved_hold_pending_G1
rna_seq:SRR23049953	formal_v2_until_reprocessing	hold	awaiting_uniform_reprocessing_signal_unit_unknown	normalization_class=C; signal_unit=unknown	resolved_hold_pending_G1
rna_seq:SRR23049954	formal_v2_until_reprocessing	hold	awaiting_uniform_reprocessing_signal_unit_unknown	normalization_class=C; signal_unit=unknown	resolved_hold_pending_G1
rna_seq:SRR23049956	formal_v2_until_reprocessing	hold	awaiting_uniform_reprocessing_signal_unit_unknown	normalization_class=C; signal_unit=unknown	resolved_hold_pending_G1
rna_seq:SRR23049957	formal_v2_until_reprocessing	hold	awaiting_uniform_reprocessing_signal_unit_unknown	normalization_class=C; signal_unit=unknown	resolved_hold_pending_G1
rna_seq:SRR23049958	formal_v2_until_reprocessing	hold	awaiting_uniform_reprocessing_signal_unit_unknown	normalization_class=C; signal_unit=unknown	resolved_hold_pending_G1
rna_seq:SRR23049959	formal_v2_until_reprocessing	hold	awaiting_uniform_reprocessing_signal_unit_unknown	normalization_class=C; signal_unit=unknown	resolved_hold_pending_G1
rna_seq:SRR23049964	formal_v2_until_reprocessing	hold	awaiting_uniform_reprocessing_signal_unit_unknown	normalization_class=C; signal_unit=unknown	resolved_hold_pending_G1
rna_seq:SRR23049965	formal_v2_until_reprocessing	hold	awaiting_uniform_reprocessing_signal_unit_unknown	normalization_class=C; signal_unit=unknown	resolved_hold_pending_G1
rna_seq:SRR23049966	formal_v2_until_reprocessing	hold	awaiting_uniform_reprocessing_signal_unit_unknown	normalization_class=C; signal_unit=unknown	resolved_hold_pending_G1
rna_seq:SRR23049967	formal_v2_until_reprocessing	hold	awaiting_uniform_reprocessing_signal_unit_unknown	normalization_class=C; signal_unit=unknown	resolved_hold_pending_G1
rna_seq:SRR2541829	formal_v2_until_reprocessing	hold	awaiting_uniform_reprocessing_signal_unit_unknown	normalization_class=C; signal_unit=unknown	resolved_hold_pending_G1
rna_seq:SRR2541830	formal_v2_until_reprocessing	hold	awaiting_uniform_reprocessing_signal_unit_unknown	normalization_class=C; signal_unit=unknown	resolved_hold_pending_G1
rna_seq:SRR2541831	formal_v2_until_reprocessing	hold	awaiting_uniform_reprocessing_signal_unit_unknown	normalization_class=C; signal_unit=unknown	resolved_hold_pending_G1
rna_seq:SRR2541832	formal_v2_until_reprocessing	hold	awaiting_uniform_reprocessing_signal_unit_unknown	normalization_class=C; signal_unit=unknown	resolved_hold_pending_G1
rna_seq:SRR2541833	formal_v2_until_reprocessing	hold	awaiting_uniform_reprocessing_signal_unit_unknown	normalization_class=C; signal_unit=unknown	resolved_hold_pending_G1
rna_seq:SRR2541834	formal_v2_until_reprocessing	hold	awaiting_uniform_reprocessing_signal_unit_unknown	normalization_class=C; signal_unit=unknown	resolved_hold_pending_G1
rna_seq:SRR2541835	formal_v2_until_reprocessing	hold	awaiting_uniform_reprocessing_signal_unit_unknown	normalization_class=C; signal_unit=unknown	resolved_hold_pending_G1
rna_seq:SRR2541836	formal_v2_until_reprocessing	hold	awaiting_uniform_reprocessing_signal_unit_unknown	normalization_class=C; signal_unit=unknown	resolved_hold_pending_G1
rna_seq:SRR27352845	formal_v2_until_reprocessing	hold	awaiting_uniform_reprocessing_signal_unit_unknown	normalization_class=C; signal_unit=unknown	resolved_hold_pending_G1
rna_seq:SRR27352846	formal_v2_until_reprocessing	hold	awaiting_uniform_reprocessing_signal_unit_unknown	normalization_class=C; signal_unit=unknown	resolved_hold_pending_G1
rna_seq:SRR27352847	formal_v2_until_reprocessing	hold	awaiting_uniform_reprocessing_signal_unit_unknown	normalization_class=C; signal_unit=unknown	resolved_hold_pending_G1
rna_seq:SRR27352848	formal_v2_until_reprocessing	hold	awaiting_uniform_reprocessing_signal_unit_unknown	normalization_class=C; signal_unit=unknown	resolved_hold_pending_G1
rna_seq:SRR27352849	formal_v2_until_reprocessing	hold	awaiting_uniform_reprocessing_signal_unit_unknown	normalization_class=C; signal_unit=unknown	resolved_hold_pending_G1
rna_seq:SRR27352850	formal_v2_until_reprocessing	hold	awaiting_uniform_reprocessing_signal_unit_unknown	normalization_class=C; signal_unit=unknown	resolved_hold_pending_G1
rna_seq:SRR27352851	formal_v2_until_reprocessing	hold	awaiting_uniform_reprocessing_signal_unit_unknown	normalization_class=C; signal_unit=unknown	resolved_hold_pending_G1
rna_seq:SRR27352852	formal_v2_until_reprocessing	hold	awaiting_uniform_reprocessing_signal_unit_unknown	normalization_class=C; signal_unit=unknown	resolved_hold_pending_G1
rna_seq:SRR27352853	formal_v2_until_reprocessing	hold	awaiting_uniform_reprocessing_signal_unit_unknown	normalization_class=C; signal_unit=unknown	resolved_hold_pending_G1
rna_seq:SRR27352854	formal_v2_until_reprocessing	hold	awaiting_uniform_reprocessing_signal_unit_unknown	normalization_class=C; signal_unit=unknown	resolved_hold_pending_G1
rna_seq:SRR27352855	formal_v2_until_reprocessing	hold	awaiting_uniform_reprocessing_signal_unit_unknown	normalization_class=C; signal_unit=unknown	resolved_hold_pending_G1
rna_seq:SRR27352856	formal_v2_until_reprocessing	hold	awaiting_uniform_reprocessing_signal_unit_unknown	normalization_class=C; signal_unit=unknown	resolved_hold_pending_G1
rna_seq:SRR27352857	formal_v2_until_reprocessing	hold	awaiting_uniform_reprocessing_signal_unit_unknown	normalization_class=C; signal_unit=unknown	resolved_hold_pending_G1
rna_seq:SRR27352858	formal_v2_until_reprocessing	hold	awaiting_uniform_reprocessing_signal_unit_unknown	normalization_class=C; signal_unit=unknown	resolved_hold_pending_G1
rna_seq:SRR27352859	formal_v2_until_reprocessing	hold	awaiting_uniform_reprocessing_signal_unit_unknown	normalization_class=C; signal_unit=unknown	resolved_hold_pending_G1
rna_seq:SRR27352860	formal_v2_until_reprocessing	hold	awaiting_uniform_reprocessing_signal_unit_unknown	normalization_class=C; signal_unit=unknown	resolved_hold_pending_G1
rna_seq:SRR27352861	formal_v2_until_reprocessing	hold	awaiting_uniform_reprocessing_signal_unit_unknown	normalization_class=C; signal_unit=unknown	resolved_hold_pending_G1
rna_seq:SRR27352862	formal_v2_until_reprocessing	hold	awaiting_uniform_reprocessing_signal_unit_unknown	normalization_class=C; signal_unit=unknown	resolved_hold_pending_G1
rna_seq:SRR28628814	formal_v2_until_reprocessing	hold	awaiting_uniform_reprocessing_signal_unit_unknown	normalization_class=C; signal_unit=unknown	resolved_hold_pending_G1
rna_seq:SRR28628815	formal_v2_until_reprocessing	hold	awaiting_uniform_reprocessing_signal_unit_unknown	normalization_class=C; signal_unit=unknown	resolved_hold_pending_G1
rna_seq:SRR28628816	formal_v2_until_reprocessing	hold	awaiting_uniform_reprocessing_signal_unit_unknown	normalization_class=C; signal_unit=unknown	resolved_hold_pending_G1
rna_seq:SRR28628817	formal_v2_until_reprocessing	hold	awaiting_uniform_reprocessing_signal_unit_unknown	normalization_class=C; signal_unit=unknown	resolved_hold_pending_G1
rna_seq:SRR28628818	formal_v2_until_reprocessing	hold	awaiting_uniform_reprocessing_signal_unit_unknown	normalization_class=C; signal_unit=unknown	resolved_hold_pending_G1
rna_seq:SRR28628819	formal_v2_until_reprocessing	hold	awaiting_uniform_reprocessing_signal_unit_unknown	normalization_class=C; signal_unit=unknown	resolved_hold_pending_G1
rna_seq:SRR28628820	formal_v2_until_reprocessing	hold	awaiting_uniform_reprocessing_signal_unit_unknown	normalization_class=C; signal_unit=unknown	resolved_hold_pending_G1
rna_seq:SRR28628821	formal_v2_until_reprocessing	hold	awaiting_uniform_reprocessing_signal_unit_unknown	normalization_class=C; signal_unit=unknown	resolved_hold_pending_G1
rna_seq:SRR28628822	formal_v2_until_reprocessing	hold	awaiting_uniform_reprocessing_signal_unit_unknown	normalization_class=C; signal_unit=unknown	resolved_hold_pending_G1
rna_seq:SRR28628823	formal_v2_until_reprocessing	hold	awaiting_uniform_reprocessing_signal_unit_unknown	normalization_class=C; signal_unit=unknown	resolved_hold_pending_G1
rna_seq:SRR28628824	formal_v2_until_reprocessing	hold	awaiting_uniform_reprocessing_signal_unit_unknown	normalization_class=C; signal_unit=unknown	resolved_hold_pending_G1
rna_seq:SRR28628825	formal_v2_until_reprocessing	hold	awaiting_uniform_reprocessing_signal_unit_unknown	normalization_class=C; signal_unit=unknown	resolved_hold_pending_G1
rna_seq:SRR28628826	formal_v2_until_reprocessing	hold	awaiting_uniform_reprocessing_signal_unit_unknown	normalization_class=C; signal_unit=unknown	resolved_hold_pending_G1
rna_seq:SRR28628827	formal_v2_until_reprocessing	hold	awaiting_uniform_reprocessing_signal_unit_unknown	normalization_class=C; signal_unit=unknown	resolved_hold_pending_G1
rna_seq:SRR28628828	formal_v2_until_reprocessing	hold	awaiting_uniform_reprocessing_signal_unit_unknown	normalization_class=C; signal_unit=unknown	resolved_hold_pending_G1
rna_seq:SRR28628829	formal_v2_until_reprocessing	hold	awaiting_uniform_reprocessing_signal_unit_unknown	normalization_class=C; signal_unit=unknown	resolved_hold_pending_G1
rna_seq:SRR28628830	formal_v2_until_reprocessing	hold	awaiting_uniform_reprocessing_signal_unit_unknown	normalization_class=C; signal_unit=unknown	resolved_hold_pending_G1
rna_seq:SRR28628831	formal_v2_until_reprocessing	hold	awaiting_uniform_reprocessing_signal_unit_unknown	normalization_class=C; signal_unit=unknown	resolved_hold_pending_G1
rna_seq:SRR28628832	formal_v2_until_reprocessing	hold	awaiting_uniform_reprocessing_signal_unit_unknown	normalization_class=C; signal_unit=unknown	resolved_hold_pending_G1
rna_seq:SRR28628833	formal_v2_until_reprocessing	hold	awaiting_uniform_reprocessing_signal_unit_unknown	normalization_class=C; signal_unit=unknown	resolved_hold_pending_G1
rna_seq:SRR28628834	formal_v2_until_reprocessing	hold	awaiting_uniform_reprocessing_signal_unit_unknown	normalization_class=C; signal_unit=unknown	resolved_hold_pending_G1
rna_seq:SRR28628835	formal_v2_until_reprocessing	hold	awaiting_uniform_reprocessing_signal_unit_unknown	normalization_class=C; signal_unit=unknown	resolved_hold_pending_G1
rna_seq:SRR28628836	formal_v2_until_reprocessing	hold	awaiting_uniform_reprocessing_signal_unit_unknown	normalization_class=C; signal_unit=unknown	resolved_hold_pending_G1
rna_seq:SRR28628837	formal_v2_until_reprocessing	hold	awaiting_uniform_reprocessing_signal_unit_unknown	normalization_class=C; signal_unit=unknown	resolved_hold_pending_G1
rna_seq:SRR28645089	formal_v2_until_reprocessing	hold	awaiting_uniform_reprocessing_signal_unit_unknown	normalization_class=C; signal_unit=unknown	resolved_hold_pending_G1
rna_seq:SRR28645090	formal_v2_until_reprocessing	hold	awaiting_uniform_reprocessing_signal_unit_unknown	normalization_class=C; signal_unit=unknown	resolved_hold_pending_G1
rna_seq:SRR28645091	formal_v2_until_reprocessing	hold	awaiting_uniform_reprocessing_signal_unit_unknown	normalization_class=C; signal_unit=unknown	resolved_hold_pending_G1
rna_seq:SRR28645092	formal_v2_until_reprocessing	hold	awaiting_uniform_reprocessing_signal_unit_unknown	normalization_class=C; signal_unit=unknown	resolved_hold_pending_G1
rna_seq:SRR28645093	formal_v2_until_reprocessing	hold	awaiting_uniform_reprocessing_signal_unit_unknown	normalization_class=C; signal_unit=unknown	resolved_hold_pending_G1
rna_seq:SRR28645094	formal_v2_until_reprocessing	hold	awaiting_uniform_reprocessing_signal_unit_unknown	normalization_class=C; signal_unit=unknown	resolved_hold_pending_G1
rna_seq:SRR28645095	formal_v2_until_reprocessing	hold	awaiting_uniform_reprocessing_signal_unit_unknown	normalization_class=C; signal_unit=unknown	resolved_hold_pending_G1
rna_seq:SRR28645096	formal_v2_until_reprocessing	hold	awaiting_uniform_reprocessing_signal_unit_unknown	normalization_class=C; signal_unit=unknown	resolved_hold_pending_G1
rna_seq:SRR28645097	formal_v2_until_reprocessing	hold	awaiting_uniform_reprocessing_signal_unit_unknown	normalization_class=C; signal_unit=unknown	resolved_hold_pending_G1
rna_seq:SRR28645098	formal_v2_until_reprocessing	hold	awaiting_uniform_reprocessing_signal_unit_unknown	normalization_class=C; signal_unit=unknown	resolved_hold_pending_G1
rna_seq:SRR28645099	formal_v2_until_reprocessing	hold	awaiting_uniform_reprocessing_signal_unit_unknown	normalization_class=C; signal_unit=unknown	resolved_hold_pending_G1
rna_seq:SRR28645100	formal_v2_until_reprocessing	hold	awaiting_uniform_reprocessing_signal_unit_unknown	normalization_class=C; signal_unit=unknown	resolved_hold_pending_G1
rna_seq:SRR28645101	formal_v2_until_reprocessing	hold	awaiting_uniform_reprocessing_signal_unit_unknown	normalization_class=C; signal_unit=unknown	resolved_hold_pending_G1
rna_seq:SRR28645102	formal_v2_until_reprocessing	hold	awaiting_uniform_reprocessing_signal_unit_unknown	normalization_class=C; signal_unit=unknown	resolved_hold_pending_G1
rna_seq:SRR28645103	formal_v2_until_reprocessing	hold	awaiting_uniform_reprocessing_signal_unit_unknown	normalization_class=C; signal_unit=unknown	resolved_hold_pending_G1
rna_seq:SRR28645104	formal_v2_until_reprocessing	hold	awaiting_uniform_reprocessing_signal_unit_unknown	normalization_class=C; signal_unit=unknown	resolved_hold_pending_G1
rna_seq:SRR28645105	formal_v2_until_reprocessing	hold	awaiting_uniform_reprocessing_signal_unit_unknown	normalization_class=C; signal_unit=unknown	resolved_hold_pending_G1
rna_seq:SRR28645106	formal_v2_until_reprocessing	hold	awaiting_uniform_reprocessing_signal_unit_unknown	normalization_class=C; signal_unit=unknown	resolved_hold_pending_G1
rna_seq:SRR28645107	formal_v2_until_reprocessing	hold	awaiting_uniform_reprocessing_signal_unit_unknown	normalization_class=C; signal_unit=unknown	resolved_hold_pending_G1
rna_seq:SRR28645108	formal_v2_until_reprocessing	hold	awaiting_uniform_reprocessing_signal_unit_unknown	normalization_class=C; signal_unit=unknown	resolved_hold_pending_G1
rna_seq:SRR28645109	formal_v2_until_reprocessing	hold	awaiting_uniform_reprocessing_signal_unit_unknown	normalization_class=C; signal_unit=unknown	resolved_hold_pending_G1
rna_seq:SRR28645110	formal_v2_until_reprocessing	hold	awaiting_uniform_reprocessing_signal_unit_unknown	normalization_class=C; signal_unit=unknown	resolved_hold_pending_G1
rna_seq:SRR28645111	formal_v2_until_reprocessing	hold	awaiting_uniform_reprocessing_signal_unit_unknown	normalization_class=C; signal_unit=unknown	resolved_hold_pending_G1
rna_seq:SRR28645112	formal_v2_until_reprocessing	hold	awaiting_uniform_reprocessing_signal_unit_unknown	normalization_class=C; signal_unit=unknown	resolved_hold_pending_G1
rna_seq:SRR28645113	formal_v2_until_reprocessing	hold	awaiting_uniform_reprocessing_signal_unit_unknown	normalization_class=C; signal_unit=unknown	resolved_hold_pending_G1
rna_seq:SRR30917237	formal_v2_until_reprocessing	hold	awaiting_uniform_reprocessing_signal_unit_unknown	normalization_class=C; signal_unit=unknown	resolved_hold_pending_G1
rna_seq:SRR30917238	formal_v2_until_reprocessing	hold	awaiting_uniform_reprocessing_signal_unit_unknown	normalization_class=C; signal_unit=unknown	resolved_hold_pending_G1
rna_seq:SRR30917239	formal_v2_until_reprocessing	hold	awaiting_uniform_reprocessing_signal_unit_unknown	normalization_class=C; signal_unit=unknown	resolved_hold_pending_G1
rna_seq:SRR30917240	formal_v2_until_reprocessing	hold	awaiting_uniform_reprocessing_signal_unit_unknown	normalization_class=C; signal_unit=unknown	resolved_hold_pending_G1
rna_seq:SRR30917241	formal_v2_until_reprocessing	hold	awaiting_uniform_reprocessing_signal_unit_unknown	normalization_class=C; signal_unit=unknown	resolved_hold_pending_G1
rna_seq:SRR30917242	formal_v2_until_reprocessing	hold	awaiting_uniform_reprocessing_signal_unit_unknown	normalization_class=C; signal_unit=unknown	resolved_hold_pending_G1
rna_seq:SRR30917243	formal_v2_until_reprocessing	hold	awaiting_uniform_reprocessing_signal_unit_unknown	normalization_class=C; signal_unit=unknown	resolved_hold_pending_G1
rna_seq:SRR30917244	formal_v2_until_reprocessing	hold	awaiting_uniform_reprocessing_signal_unit_unknown	normalization_class=C; signal_unit=unknown	resolved_hold_pending_G1
rna_seq:SRR30917245	formal_v2_until_reprocessing	hold	awaiting_uniform_reprocessing_signal_unit_unknown	normalization_class=C; signal_unit=unknown	resolved_hold_pending_G1
rna_seq:SRR30917246	formal_v2_until_reprocessing	hold	awaiting_uniform_reprocessing_signal_unit_unknown	normalization_class=C; signal_unit=unknown	resolved_hold_pending_G1
rna_seq:SRR30917247	formal_v2_until_reprocessing	hold	awaiting_uniform_reprocessing_signal_unit_unknown	normalization_class=C; signal_unit=unknown	resolved_hold_pending_G1
rna_seq:SRR30917248	formal_v2_until_reprocessing	hold	awaiting_uniform_reprocessing_signal_unit_unknown	normalization_class=C; signal_unit=unknown	resolved_hold_pending_G1
rna_seq:SRR30917249	formal_v2_until_reprocessing	hold	awaiting_uniform_reprocessing_signal_unit_unknown	normalization_class=C; signal_unit=unknown	resolved_hold_pending_G1
rna_seq:SRR30917250	formal_v2_until_reprocessing	hold	awaiting_uniform_reprocessing_signal_unit_unknown	normalization_class=C; signal_unit=unknown	resolved_hold_pending_G1
rna_seq:SRR30917251	formal_v2_until_reprocessing	hold	awaiting_uniform_reprocessing_signal_unit_unknown	normalization_class=C; signal_unit=unknown	resolved_hold_pending_G1
rna_seq:SRR30917252	formal_v2_until_reprocessing	hold	awaiting_uniform_reprocessing_signal_unit_unknown	normalization_class=C; signal_unit=unknown	resolved_hold_pending_G1
rna_seq:SRR31283481	formal_v2_until_reprocessing	hold	awaiting_uniform_reprocessing_signal_unit_unknown	normalization_class=C; signal_unit=unknown	resolved_hold_pending_G1
rna_seq:SRR31283482	formal_v2_until_reprocessing	hold	awaiting_uniform_reprocessing_signal_unit_unknown	normalization_class=C; signal_unit=unknown	resolved_hold_pending_G1
rna_seq:SRR31283483	formal_v2_until_reprocessing	hold	awaiting_uniform_reprocessing_signal_unit_unknown	normalization_class=C; signal_unit=unknown	resolved_hold_pending_G1
rna_seq:SRR31283484	formal_v2_until_reprocessing	hold	awaiting_uniform_reprocessing_signal_unit_unknown	normalization_class=C; signal_unit=unknown	resolved_hold_pending_G1
rna_seq:SRR31283485	formal_v2_until_reprocessing	hold	awaiting_uniform_reprocessing_signal_unit_unknown	normalization_class=C; signal_unit=unknown	resolved_hold_pending_G1
rna_seq:SRR31283486	formal_v2_until_reprocessing	hold	awaiting_uniform_reprocessing_signal_unit_unknown	normalization_class=C; signal_unit=unknown	resolved_hold_pending_G1
rna_seq:SRR31283487	formal_v2_until_reprocessing	hold	awaiting_uniform_reprocessing_signal_unit_unknown	normalization_class=C; signal_unit=unknown	resolved_hold_pending_G1
rna_seq:SRR31283488	formal_v2_until_reprocessing	hold	awaiting_uniform_reprocessing_signal_unit_unknown	normalization_class=C; signal_unit=unknown	resolved_hold_pending_G1
rna_seq:SRR31283489	formal_v2_until_reprocessing	hold	awaiting_uniform_reprocessing_signal_unit_unknown	normalization_class=C; signal_unit=unknown	resolved_hold_pending_G1
rna_seq:SRR31283498	formal_v2_until_reprocessing	hold	awaiting_uniform_reprocessing_signal_unit_unknown	normalization_class=C; signal_unit=unknown	resolved_hold_pending_G1
rna_seq:SRR31283499	formal_v2_until_reprocessing	hold	awaiting_uniform_reprocessing_signal_unit_unknown	normalization_class=C; signal_unit=unknown	resolved_hold_pending_G1
rna_seq:SRR31283500	formal_v2_until_reprocessing	hold	awaiting_uniform_reprocessing_signal_unit_unknown	normalization_class=C; signal_unit=unknown	resolved_hold_pending_G1
rna_seq:SRR31283501	formal_v2_until_reprocessing	hold	awaiting_uniform_reprocessing_signal_unit_unknown	normalization_class=C; signal_unit=unknown	resolved_hold_pending_G1
rna_seq:SRR31283502	formal_v2_until_reprocessing	hold	awaiting_uniform_reprocessing_signal_unit_unknown	normalization_class=C; signal_unit=unknown	resolved_hold_pending_G1
rna_seq:SRR31283503	formal_v2_until_reprocessing	hold	awaiting_uniform_reprocessing_signal_unit_unknown	normalization_class=C; signal_unit=unknown	resolved_hold_pending_G1
rna_seq:SRR31283504	formal_v2_until_reprocessing	hold	awaiting_uniform_reprocessing_signal_unit_unknown	normalization_class=C; signal_unit=unknown	resolved_hold_pending_G1
rna_seq:SRR31283505	formal_v2_until_reprocessing	hold	awaiting_uniform_reprocessing_signal_unit_unknown	normalization_class=C; signal_unit=unknown	resolved_hold_pending_G1
rna_seq:SRR31283514	formal_v2_until_reprocessing	hold	awaiting_uniform_reprocessing_signal_unit_unknown	normalization_class=C; signal_unit=unknown	resolved_hold_pending_G1
rna_seq:SRR31283515	formal_v2_until_reprocessing	hold	awaiting_uniform_reprocessing_signal_unit_unknown	normalization_class=C; signal_unit=unknown	resolved_hold_pending_G1
rna_seq:SRR31283516	formal_v2_until_reprocessing	hold	awaiting_uniform_reprocessing_signal_unit_unknown	normalization_class=C; signal_unit=unknown	resolved_hold_pending_G1
rna_seq:SRR31283517	formal_v2_until_reprocessing	hold	awaiting_uniform_reprocessing_signal_unit_unknown	normalization_class=C; signal_unit=unknown	resolved_hold_pending_G1
rna_seq:SRR32243497	formal_v2_until_reprocessing	hold	awaiting_uniform_reprocessing_signal_unit_unknown	normalization_class=C; signal_unit=unknown	resolved_hold_pending_G1
rna_seq:SRR32243498	formal_v2_until_reprocessing	hold	awaiting_uniform_reprocessing_signal_unit_unknown	normalization_class=C; signal_unit=unknown	resolved_hold_pending_G1
rna_seq:SRR34430875	formal_v2_until_reprocessing	hold	awaiting_uniform_reprocessing_signal_unit_unknown	normalization_class=C; signal_unit=unknown	resolved_hold_pending_G1
rna_seq:SRR34430876	formal_v2_until_reprocessing	hold	awaiting_uniform_reprocessing_signal_unit_unknown	normalization_class=C; signal_unit=unknown	resolved_hold_pending_G1
rna_seq:SRR34430877	formal_v2_until_reprocessing	hold	awaiting_uniform_reprocessing_signal_unit_unknown	normalization_class=C; signal_unit=unknown	resolved_hold_pending_G1
rna_seq:SRR34430878	formal_v2_until_reprocessing	hold	awaiting_uniform_reprocessing_signal_unit_unknown	normalization_class=C; signal_unit=unknown	resolved_hold_pending_G1
rna_seq:SRR34430879	formal_v2_until_reprocessing	hold	awaiting_uniform_reprocessing_signal_unit_unknown	normalization_class=C; signal_unit=unknown	resolved_hold_pending_G1
rna_seq:SRR34430880	formal_v2_until_reprocessing	hold	awaiting_uniform_reprocessing_signal_unit_unknown	normalization_class=C; signal_unit=unknown	resolved_hold_pending_G1
rna_seq:SRR34430881	formal_v2_until_reprocessing	hold	awaiting_uniform_reprocessing_signal_unit_unknown	normalization_class=C; signal_unit=unknown	resolved_hold_pending_G1
rna_seq:SRR34430882	formal_v2_until_reprocessing	hold	awaiting_uniform_reprocessing_signal_unit_unknown	normalization_class=C; signal_unit=unknown	resolved_hold_pending_G1
rna_seq:SRR34430883	formal_v2_until_reprocessing	hold	awaiting_uniform_reprocessing_signal_unit_unknown	normalization_class=C; signal_unit=unknown	resolved_hold_pending_G1
rna_seq:SRR34430884	formal_v2_until_reprocessing	hold	awaiting_uniform_reprocessing_signal_unit_unknown	normalization_class=C; signal_unit=unknown	resolved_hold_pending_G1
rna_seq:SRR34430885	formal_v2_until_reprocessing	hold	awaiting_uniform_reprocessing_signal_unit_unknown	normalization_class=C; signal_unit=unknown	resolved_hold_pending_G1
rna_seq:SRR34430886	formal_v2_until_reprocessing	hold	awaiting_uniform_reprocessing_signal_unit_unknown	normalization_class=C; signal_unit=unknown	resolved_hold_pending_G1
rna_seq:SRR34430887	formal_v2_until_reprocessing	hold	awaiting_uniform_reprocessing_signal_unit_unknown	normalization_class=C; signal_unit=unknown	resolved_hold_pending_G1
rna_seq:SRR34430888	formal_v2_until_reprocessing	hold	awaiting_uniform_reprocessing_signal_unit_unknown	normalization_class=C; signal_unit=unknown	resolved_hold_pending_G1
rna_seq:SRR34430889	formal_v2_until_reprocessing	hold	awaiting_uniform_reprocessing_signal_unit_unknown	normalization_class=C; signal_unit=unknown	resolved_hold_pending_G1
rna_seq:SRR34582722	formal_v2_until_reprocessing	hold	awaiting_uniform_reprocessing_signal_unit_unknown	normalization_class=C; signal_unit=unknown	resolved_hold_pending_G1
rna_seq:SRR34582723	formal_v2_until_reprocessing	hold	awaiting_uniform_reprocessing_signal_unit_unknown	normalization_class=C; signal_unit=unknown	resolved_hold_pending_G1
rna_seq:SRR34582724	formal_v2_until_reprocessing	hold	awaiting_uniform_reprocessing_signal_unit_unknown	normalization_class=C; signal_unit=unknown	resolved_hold_pending_G1
rna_seq:SRR34582725	formal_v2_until_reprocessing	hold	awaiting_uniform_reprocessing_signal_unit_unknown	normalization_class=C; signal_unit=unknown	resolved_hold_pending_G1
rna_seq:SRR34582726	formal_v2_until_reprocessing	hold	awaiting_uniform_reprocessing_signal_unit_unknown	normalization_class=C; signal_unit=unknown	resolved_hold_pending_G1
rna_seq:SRR34582727	formal_v2_until_reprocessing	hold	awaiting_uniform_reprocessing_signal_unit_unknown	normalization_class=C; signal_unit=unknown	resolved_hold_pending_G1
rna_seq:SRR34582728	formal_v2_until_reprocessing	hold	awaiting_uniform_reprocessing_signal_unit_unknown	normalization_class=C; signal_unit=unknown	resolved_hold_pending_G1
rna_seq:SRR34582729	formal_v2_until_reprocessing	hold	awaiting_uniform_reprocessing_signal_unit_unknown	normalization_class=C; signal_unit=unknown	resolved_hold_pending_G1
rna_seq:SRR34582730	formal_v2_until_reprocessing	hold	awaiting_uniform_reprocessing_signal_unit_unknown	normalization_class=C; signal_unit=unknown	resolved_hold_pending_G1
rna_seq:SRR34582731	formal_v2_until_reprocessing	hold	awaiting_uniform_reprocessing_signal_unit_unknown	normalization_class=C; signal_unit=unknown	resolved_hold_pending_G1
rna_seq:SRR34582732	formal_v2_until_reprocessing	hold	awaiting_uniform_reprocessing_signal_unit_unknown	normalization_class=C; signal_unit=unknown	resolved_hold_pending_G1
rna_seq:SRR34582733	formal_v2_until_reprocessing	hold	awaiting_uniform_reprocessing_signal_unit_unknown	normalization_class=C; signal_unit=unknown	resolved_hold_pending_G1
rna_seq:SRR34628124	formal_v2_until_reprocessing	hold	awaiting_uniform_reprocessing_signal_unit_unknown	normalization_class=C; signal_unit=unknown	resolved_hold_pending_G1
rna_seq:SRR34628125	formal_v2_until_reprocessing	hold	awaiting_uniform_reprocessing_signal_unit_unknown	normalization_class=C; signal_unit=unknown	resolved_hold_pending_G1
rna_seq:SRR34628126	formal_v2_until_reprocessing	hold	awaiting_uniform_reprocessing_signal_unit_unknown	normalization_class=C; signal_unit=unknown	resolved_hold_pending_G1
rna_seq:SRR34628127	formal_v2_until_reprocessing	hold	awaiting_uniform_reprocessing_signal_unit_unknown	normalization_class=C; signal_unit=unknown	resolved_hold_pending_G1
rna_seq:SRR34628128	formal_v2_until_reprocessing	hold	awaiting_uniform_reprocessing_signal_unit_unknown	normalization_class=C; signal_unit=unknown	resolved_hold_pending_G1
rna_seq:SRR34628129	formal_v2_until_reprocessing	hold	awaiting_uniform_reprocessing_signal_unit_unknown	normalization_class=C; signal_unit=unknown	resolved_hold_pending_G1
rna_seq:SRR34628130	formal_v2_until_reprocessing	hold	awaiting_uniform_reprocessing_signal_unit_unknown	normalization_class=C; signal_unit=unknown	resolved_hold_pending_G1
rna_seq:SRR34628131	formal_v2_until_reprocessing	hold	awaiting_uniform_reprocessing_signal_unit_unknown	normalization_class=C; signal_unit=unknown	resolved_hold_pending_G1
rna_seq:SRR34628132	formal_v2_until_reprocessing	hold	awaiting_uniform_reprocessing_signal_unit_unknown	normalization_class=C; signal_unit=unknown	resolved_hold_pending_G1
rna_seq:SRR34628133	formal_v2_until_reprocessing	hold	awaiting_uniform_reprocessing_signal_unit_unknown	normalization_class=C; signal_unit=unknown	resolved_hold_pending_G1
rna_seq:SRR34628134	formal_v2_until_reprocessing	hold	awaiting_uniform_reprocessing_signal_unit_unknown	normalization_class=C; signal_unit=unknown	resolved_hold_pending_G1
rna_seq:SRR34628135	formal_v2_until_reprocessing	hold	awaiting_uniform_reprocessing_signal_unit_unknown	normalization_class=C; signal_unit=unknown	resolved_hold_pending_G1
rna_seq:SRR34629314	formal_v2_until_reprocessing	hold	awaiting_uniform_reprocessing_signal_unit_unknown	normalization_class=C; signal_unit=unknown	resolved_hold_pending_G1
rna_seq:SRR34629315	formal_v2_until_reprocessing	hold	awaiting_uniform_reprocessing_signal_unit_unknown	normalization_class=C; signal_unit=unknown	resolved_hold_pending_G1
rna_seq:SRR34629316	formal_v2_until_reprocessing	hold	awaiting_uniform_reprocessing_signal_unit_unknown	normalization_class=C; signal_unit=unknown	resolved_hold_pending_G1
rna_seq:SRR34629317	formal_v2_until_reprocessing	hold	awaiting_uniform_reprocessing_signal_unit_unknown	normalization_class=C; signal_unit=unknown	resolved_hold_pending_G1
rna_seq:SRR34629318	formal_v2_until_reprocessing	hold	awaiting_uniform_reprocessing_signal_unit_unknown	normalization_class=C; signal_unit=unknown	resolved_hold_pending_G1
rna_seq:SRR34629319	formal_v2_until_reprocessing	hold	awaiting_uniform_reprocessing_signal_unit_unknown	normalization_class=C; signal_unit=unknown	resolved_hold_pending_G1
rna_seq:SRR34629320	formal_v2_until_reprocessing	hold	awaiting_uniform_reprocessing_signal_unit_unknown	normalization_class=C; signal_unit=unknown	resolved_hold_pending_G1
rna_seq:SRR3535753	formal_v2_until_reprocessing	hold	awaiting_uniform_reprocessing_signal_unit_unknown	normalization_class=C; signal_unit=unknown	resolved_hold_pending_G1
rna_seq:SRR3535754	formal_v2_until_reprocessing	hold	awaiting_uniform_reprocessing_signal_unit_unknown	normalization_class=C; signal_unit=unknown	resolved_hold_pending_G1
rna_seq:SRR3535755	formal_v2_until_reprocessing	hold	awaiting_uniform_reprocessing_signal_unit_unknown	normalization_class=C; signal_unit=unknown	resolved_hold_pending_G1
rna_seq:SRR3535756	formal_v2_until_reprocessing	hold	awaiting_uniform_reprocessing_signal_unit_unknown	normalization_class=C; signal_unit=unknown	resolved_hold_pending_G1
rna_seq:SRR3535757	formal_v2_until_reprocessing	hold	awaiting_uniform_reprocessing_signal_unit_unknown	normalization_class=C; signal_unit=unknown	resolved_hold_pending_G1
rna_seq:SRR3535758	formal_v2_until_reprocessing	hold	awaiting_uniform_reprocessing_signal_unit_unknown	normalization_class=C; signal_unit=unknown	resolved_hold_pending_G1
rna_seq:SRR3535777	RNA_SEQ_v2	exclude	ENA library strategy is ChIP-Seq	ENA run SRR3535777; assay=ChIP-Seq	resolved
rna_seq:SRR3535777	formal_v2_until_reprocessing	hold	awaiting_uniform_reprocessing_signal_unit_unknown	normalization_class=C; signal_unit=unknown	resolved_hold_pending_G1
rna_seq:SRR3535778	RNA_SEQ_v2	exclude	ENA library strategy is ChIP-Seq	ENA run SRR3535778; assay=ChIP-Seq	resolved
rna_seq:SRR3535778	formal_v2_until_reprocessing	hold	awaiting_uniform_reprocessing_signal_unit_unknown	normalization_class=C; signal_unit=unknown	resolved_hold_pending_G1
rna_seq:SRR3535779	RNA_SEQ_v2	exclude	ENA library strategy is ChIP-Seq	ENA run SRR3535779; assay=ChIP-Seq	resolved
rna_seq:SRR3535779	formal_v2_until_reprocessing	hold	awaiting_uniform_reprocessing_signal_unit_unknown	normalization_class=C; signal_unit=unknown	resolved_hold_pending_G1
rna_seq:SRR3535780	formal_v2_until_reprocessing	hold	awaiting_uniform_reprocessing_signal_unit_unknown	normalization_class=C; signal_unit=unknown	resolved_hold_pending_G1
rna_seq:SRR3535781	formal_v2_until_reprocessing	hold	awaiting_uniform_reprocessing_signal_unit_unknown	normalization_class=C; signal_unit=unknown	resolved_hold_pending_G1
rna_seq:SRR3535782	formal_v2_until_reprocessing	hold	awaiting_uniform_reprocessing_signal_unit_unknown	normalization_class=C; signal_unit=unknown	resolved_hold_pending_G1
rna_seq:SRR3535783	formal_v2_until_reprocessing	hold	awaiting_uniform_reprocessing_signal_unit_unknown	normalization_class=C; signal_unit=unknown	resolved_hold_pending_G1
rna_seq:SRR3535784	formal_v2_until_reprocessing	hold	awaiting_uniform_reprocessing_signal_unit_unknown	normalization_class=C; signal_unit=unknown	resolved_hold_pending_G1
rna_seq:SRR3535785	formal_v2_until_reprocessing	hold	awaiting_uniform_reprocessing_signal_unit_unknown	normalization_class=C; signal_unit=unknown	resolved_hold_pending_G1
rna_seq:SRR3535786	formal_v2_until_reprocessing	hold	awaiting_uniform_reprocessing_signal_unit_unknown	normalization_class=C; signal_unit=unknown	resolved_hold_pending_G1
rna_seq:SRR3535787	formal_v2_until_reprocessing	hold	awaiting_uniform_reprocessing_signal_unit_unknown	normalization_class=C; signal_unit=unknown	resolved_hold_pending_G1
rna_seq:SRR3535788	formal_v2_until_reprocessing	hold	awaiting_uniform_reprocessing_signal_unit_unknown	normalization_class=C; signal_unit=unknown	resolved_hold_pending_G1
rna_seq:SRR3535789	formal_v2_until_reprocessing	hold	awaiting_uniform_reprocessing_signal_unit_unknown	normalization_class=C; signal_unit=unknown	resolved_hold_pending_G1
rna_seq:SRR3535790	formal_v2_until_reprocessing	hold	awaiting_uniform_reprocessing_signal_unit_unknown	normalization_class=C; signal_unit=unknown	resolved_hold_pending_G1
rna_seq:SRR3535791	formal_v2_until_reprocessing	hold	awaiting_uniform_reprocessing_signal_unit_unknown	normalization_class=C; signal_unit=unknown	resolved_hold_pending_G1
rna_seq:SRR3535792	formal_v2_until_reprocessing	hold	awaiting_uniform_reprocessing_signal_unit_unknown	normalization_class=C; signal_unit=unknown	resolved_hold_pending_G1
rna_seq:SRR3535793	formal_v2_until_reprocessing	hold	awaiting_uniform_reprocessing_signal_unit_unknown	normalization_class=C; signal_unit=unknown	resolved_hold_pending_G1
rna_seq:SRR36521011	formal_v2_until_reprocessing	hold	awaiting_uniform_reprocessing_signal_unit_unknown	normalization_class=C; signal_unit=unknown	resolved_hold_pending_G1
rna_seq:SRR36521012	formal_v2_until_reprocessing	hold	awaiting_uniform_reprocessing_signal_unit_unknown	normalization_class=C; signal_unit=unknown	resolved_hold_pending_G1
rna_seq:SRR36521013	formal_v2_until_reprocessing	hold	awaiting_uniform_reprocessing_signal_unit_unknown	normalization_class=C; signal_unit=unknown	resolved_hold_pending_G1
rna_seq:SRR36521014	formal_v2_until_reprocessing	hold	awaiting_uniform_reprocessing_signal_unit_unknown	normalization_class=C; signal_unit=unknown	resolved_hold_pending_G1
rna_seq:SRR36521015	formal_v2_until_reprocessing	hold	awaiting_uniform_reprocessing_signal_unit_unknown	normalization_class=C; signal_unit=unknown	resolved_hold_pending_G1
rna_seq:SRR36521016	formal_v2_until_reprocessing	hold	awaiting_uniform_reprocessing_signal_unit_unknown	normalization_class=C; signal_unit=unknown	resolved_hold_pending_G1
rna_seq:SRR36521017	formal_v2_until_reprocessing	hold	awaiting_uniform_reprocessing_signal_unit_unknown	normalization_class=C; signal_unit=unknown	resolved_hold_pending_G1
rna_seq:SRR36521018	formal_v2_until_reprocessing	hold	awaiting_uniform_reprocessing_signal_unit_unknown	normalization_class=C; signal_unit=unknown	resolved_hold_pending_G1
rna_seq:SRR36521019	formal_v2_until_reprocessing	hold	awaiting_uniform_reprocessing_signal_unit_unknown	normalization_class=C; signal_unit=unknown	resolved_hold_pending_G1
rna_seq:SRR36521020	formal_v2_until_reprocessing	hold	awaiting_uniform_reprocessing_signal_unit_unknown	normalization_class=C; signal_unit=unknown	resolved_hold_pending_G1
rna_seq:SRR36521021	formal_v2_until_reprocessing	hold	awaiting_uniform_reprocessing_signal_unit_unknown	normalization_class=C; signal_unit=unknown	resolved_hold_pending_G1
rna_seq:SRR36521022	formal_v2_until_reprocessing	hold	awaiting_uniform_reprocessing_signal_unit_unknown	normalization_class=C; signal_unit=unknown	resolved_hold_pending_G1
rna_seq:SRR3657224	formal_v2_until_reprocessing	hold	awaiting_uniform_reprocessing_signal_unit_unknown	normalization_class=C; signal_unit=unknown	resolved_hold_pending_G1
rna_seq:SRR3657225	formal_v2_until_reprocessing	hold	awaiting_uniform_reprocessing_signal_unit_unknown	normalization_class=C; signal_unit=unknown	resolved_hold_pending_G1
rna_seq:SRR3657226	formal_v2_until_reprocessing	hold	awaiting_uniform_reprocessing_signal_unit_unknown	normalization_class=C; signal_unit=unknown	resolved_hold_pending_G1
rna_seq:SRR3657227	formal_v2_until_reprocessing	hold	awaiting_uniform_reprocessing_signal_unit_unknown	normalization_class=C; signal_unit=unknown	resolved_hold_pending_G1
rna_seq:SRR3657228	formal_v2_until_reprocessing	hold	awaiting_uniform_reprocessing_signal_unit_unknown	normalization_class=C; signal_unit=unknown	resolved_hold_pending_G1
rna_seq:SRR3657229	formal_v2_until_reprocessing	hold	awaiting_uniform_reprocessing_signal_unit_unknown	normalization_class=C; signal_unit=unknown	resolved_hold_pending_G1
rna_seq:SRR3657230	formal_v2_until_reprocessing	hold	awaiting_uniform_reprocessing_signal_unit_unknown	normalization_class=C; signal_unit=unknown	resolved_hold_pending_G1
rna_seq:SRR3657231	formal_v2_until_reprocessing	hold	awaiting_uniform_reprocessing_signal_unit_unknown	normalization_class=C; signal_unit=unknown	resolved_hold_pending_G1
rna_seq:SRR3657232	formal_v2_until_reprocessing	hold	awaiting_uniform_reprocessing_signal_unit_unknown	normalization_class=C; signal_unit=unknown	resolved_hold_pending_G1
rna_seq:SRR3657233	formal_v2_until_reprocessing	hold	awaiting_uniform_reprocessing_signal_unit_unknown	normalization_class=C; signal_unit=unknown	resolved_hold_pending_G1
rna_seq:SRR36719198	formal_v2_until_reprocessing	hold	awaiting_uniform_reprocessing_signal_unit_unknown	normalization_class=C; signal_unit=unknown	resolved_hold_pending_G1
rna_seq:SRR36719199	formal_v2_until_reprocessing	hold	awaiting_uniform_reprocessing_signal_unit_unknown	normalization_class=C; signal_unit=unknown	resolved_hold_pending_G1
rna_seq:SRR36719200	formal_v2_until_reprocessing	hold	awaiting_uniform_reprocessing_signal_unit_unknown	normalization_class=C; signal_unit=unknown	resolved_hold_pending_G1
rna_seq:SRR36719201	formal_v2_until_reprocessing	hold	awaiting_uniform_reprocessing_signal_unit_unknown	normalization_class=C; signal_unit=unknown	resolved_hold_pending_G1
rna_seq:SRR36719202	formal_v2_until_reprocessing	hold	awaiting_uniform_reprocessing_signal_unit_unknown	normalization_class=C; signal_unit=unknown	resolved_hold_pending_G1
rna_seq:SRR36719203	formal_v2_until_reprocessing	hold	awaiting_uniform_reprocessing_signal_unit_unknown	normalization_class=C; signal_unit=unknown	resolved_hold_pending_G1
rna_seq:SRR36719204	formal_v2_until_reprocessing	hold	awaiting_uniform_reprocessing_signal_unit_unknown	normalization_class=C; signal_unit=unknown	resolved_hold_pending_G1
rna_seq:SRR36719205	formal_v2_until_reprocessing	hold	awaiting_uniform_reprocessing_signal_unit_unknown	normalization_class=C; signal_unit=unknown	resolved_hold_pending_G1
rna_seq:SRR36719206	formal_v2_until_reprocessing	hold	awaiting_uniform_reprocessing_signal_unit_unknown	normalization_class=C; signal_unit=unknown	resolved_hold_pending_G1
rna_seq:SRR36719207	formal_v2_until_reprocessing	hold	awaiting_uniform_reprocessing_signal_unit_unknown	normalization_class=C; signal_unit=unknown	resolved_hold_pending_G1
rna_seq:SRR36719208	formal_v2_until_reprocessing	hold	awaiting_uniform_reprocessing_signal_unit_unknown	normalization_class=C; signal_unit=unknown	resolved_hold_pending_G1
rna_seq:SRR36719209	formal_v2_until_reprocessing	hold	awaiting_uniform_reprocessing_signal_unit_unknown	normalization_class=C; signal_unit=unknown	resolved_hold_pending_G1
rna_seq:SRR36719210	formal_v2_until_reprocessing	hold	awaiting_uniform_reprocessing_signal_unit_unknown	normalization_class=C; signal_unit=unknown	resolved_hold_pending_G1
rna_seq:SRR36719211	formal_v2_until_reprocessing	hold	awaiting_uniform_reprocessing_signal_unit_unknown	normalization_class=C; signal_unit=unknown	resolved_hold_pending_G1
rna_seq:SRR36719212	formal_v2_until_reprocessing	hold	awaiting_uniform_reprocessing_signal_unit_unknown	normalization_class=C; signal_unit=unknown	resolved_hold_pending_G1
rna_seq:SRR36719213	formal_v2_until_reprocessing	hold	awaiting_uniform_reprocessing_signal_unit_unknown	normalization_class=C; signal_unit=unknown	resolved_hold_pending_G1
rna_seq:SRR36719214	formal_v2_until_reprocessing	hold	awaiting_uniform_reprocessing_signal_unit_unknown	normalization_class=C; signal_unit=unknown	resolved_hold_pending_G1
rna_seq:SRR36719215	formal_v2_until_reprocessing	hold	awaiting_uniform_reprocessing_signal_unit_unknown	normalization_class=C; signal_unit=unknown	resolved_hold_pending_G1
rna_seq:SRR36719216	formal_v2_until_reprocessing	hold	awaiting_uniform_reprocessing_signal_unit_unknown	normalization_class=C; signal_unit=unknown	resolved_hold_pending_G1
rna_seq:SRR36719217	formal_v2_until_reprocessing	hold	awaiting_uniform_reprocessing_signal_unit_unknown	normalization_class=C; signal_unit=unknown	resolved_hold_pending_G1
rna_seq:SRR36719218	formal_v2_until_reprocessing	hold	awaiting_uniform_reprocessing_signal_unit_unknown	normalization_class=C; signal_unit=unknown	resolved_hold_pending_G1
rna_seq:SRR36719219	formal_v2_until_reprocessing	hold	awaiting_uniform_reprocessing_signal_unit_unknown	normalization_class=C; signal_unit=unknown	resolved_hold_pending_G1
rna_seq:SRR36719220	formal_v2_until_reprocessing	hold	awaiting_uniform_reprocessing_signal_unit_unknown	normalization_class=C; signal_unit=unknown	resolved_hold_pending_G1
rna_seq:SRR36719221	formal_v2_until_reprocessing	hold	awaiting_uniform_reprocessing_signal_unit_unknown	normalization_class=C; signal_unit=unknown	resolved_hold_pending_G1
rna_seq:SRR4069200	formal_v2_until_reprocessing	hold	awaiting_uniform_reprocessing_signal_unit_unknown	normalization_class=C; signal_unit=unknown	resolved_hold_pending_G1
rna_seq:SRR4069201	formal_v2_until_reprocessing	hold	awaiting_uniform_reprocessing_signal_unit_unknown	normalization_class=C; signal_unit=unknown	resolved_hold_pending_G1
rna_seq:SRR4069202	formal_v2_until_reprocessing	hold	awaiting_uniform_reprocessing_signal_unit_unknown	normalization_class=C; signal_unit=unknown	resolved_hold_pending_G1
rna_seq:SRR4069203	formal_v2_until_reprocessing	hold	awaiting_uniform_reprocessing_signal_unit_unknown	normalization_class=C; signal_unit=unknown	resolved_hold_pending_G1
rna_seq:SRR4069204	formal_v2_until_reprocessing	hold	awaiting_uniform_reprocessing_signal_unit_unknown	normalization_class=C; signal_unit=unknown	resolved_hold_pending_G1
rna_seq:SRR4069205	formal_v2_until_reprocessing	hold	awaiting_uniform_reprocessing_signal_unit_unknown	normalization_class=C; signal_unit=unknown	resolved_hold_pending_G1
rna_seq:SRR4069206	formal_v2_until_reprocessing	hold	awaiting_uniform_reprocessing_signal_unit_unknown	normalization_class=C; signal_unit=unknown	resolved_hold_pending_G1
rna_seq:SRR4069207	formal_v2_until_reprocessing	hold	awaiting_uniform_reprocessing_signal_unit_unknown	normalization_class=C; signal_unit=unknown	resolved_hold_pending_G1
rna_seq:SRR4069208	formal_v2_until_reprocessing	hold	awaiting_uniform_reprocessing_signal_unit_unknown	normalization_class=C; signal_unit=unknown	resolved_hold_pending_G1
rna_seq:SRR4069209	formal_v2_until_reprocessing	hold	awaiting_uniform_reprocessing_signal_unit_unknown	normalization_class=C; signal_unit=unknown	resolved_hold_pending_G1
rna_seq:SRR4069210	formal_v2_until_reprocessing	hold	awaiting_uniform_reprocessing_signal_unit_unknown	normalization_class=C; signal_unit=unknown	resolved_hold_pending_G1
rna_seq:SRR4069211	formal_v2_until_reprocessing	hold	awaiting_uniform_reprocessing_signal_unit_unknown	normalization_class=C; signal_unit=unknown	resolved_hold_pending_G1
rna_seq:SRR5227333	formal_v2_until_reprocessing	hold	awaiting_uniform_reprocessing_signal_unit_unknown	normalization_class=C; signal_unit=unknown	resolved_hold_pending_G1
rna_seq:SRR5227334	formal_v2_until_reprocessing	hold	awaiting_uniform_reprocessing_signal_unit_unknown	normalization_class=C; signal_unit=unknown	resolved_hold_pending_G1
rna_seq:SRR5227335	formal_v2_until_reprocessing	hold	awaiting_uniform_reprocessing_signal_unit_unknown	normalization_class=C; signal_unit=unknown	resolved_hold_pending_G1
rna_seq:SRR5227336	formal_v2_until_reprocessing	hold	awaiting_uniform_reprocessing_signal_unit_unknown	normalization_class=C; signal_unit=unknown	resolved_hold_pending_G1
rna_seq:SRR5227337	formal_v2_until_reprocessing	hold	awaiting_uniform_reprocessing_signal_unit_unknown	normalization_class=C; signal_unit=unknown	resolved_hold_pending_G1
rna_seq:SRR5227338	formal_v2_until_reprocessing	hold	awaiting_uniform_reprocessing_signal_unit_unknown	normalization_class=C; signal_unit=unknown	resolved_hold_pending_G1
rna_seq:SRR5227339	formal_v2_until_reprocessing	hold	awaiting_uniform_reprocessing_signal_unit_unknown	normalization_class=C; signal_unit=unknown	resolved_hold_pending_G1
rna_seq:SRR5227340	formal_v2_until_reprocessing	hold	awaiting_uniform_reprocessing_signal_unit_unknown	normalization_class=C; signal_unit=unknown	resolved_hold_pending_G1
rna_seq:SRR7443583	formal_v2_until_reprocessing	hold	awaiting_uniform_reprocessing_signal_unit_unknown	normalization_class=C; signal_unit=unknown	resolved_hold_pending_G1
rna_seq:SRR7443584	formal_v2_until_reprocessing	hold	awaiting_uniform_reprocessing_signal_unit_unknown	normalization_class=C; signal_unit=unknown	resolved_hold_pending_G1
rna_seq:SRR7443585	formal_v2_until_reprocessing	hold	awaiting_uniform_reprocessing_signal_unit_unknown	normalization_class=C; signal_unit=unknown	resolved_hold_pending_G1
rna_seq:SRR7443586	formal_v2_until_reprocessing	hold	awaiting_uniform_reprocessing_signal_unit_unknown	normalization_class=C; signal_unit=unknown	resolved_hold_pending_G1
rna_seq:SRR7443587	formal_v2_until_reprocessing	hold	awaiting_uniform_reprocessing_signal_unit_unknown	normalization_class=C; signal_unit=unknown	resolved_hold_pending_G1
rna_seq:SRR7443588	formal_v2_until_reprocessing	hold	awaiting_uniform_reprocessing_signal_unit_unknown	normalization_class=C; signal_unit=unknown	resolved_hold_pending_G1
rna_seq:SRR7443589	formal_v2_until_reprocessing	hold	awaiting_uniform_reprocessing_signal_unit_unknown	normalization_class=C; signal_unit=unknown	resolved_hold_pending_G1
rna_seq:SRR7443590	formal_v2_until_reprocessing	hold	awaiting_uniform_reprocessing_signal_unit_unknown	normalization_class=C; signal_unit=unknown	resolved_hold_pending_G1
rna_seq:SRR7443591	formal_v2_until_reprocessing	hold	awaiting_uniform_reprocessing_signal_unit_unknown	normalization_class=C; signal_unit=unknown	resolved_hold_pending_G1
rna_seq:SRR7443592	formal_v2_until_reprocessing	hold	awaiting_uniform_reprocessing_signal_unit_unknown	normalization_class=C; signal_unit=unknown	resolved_hold_pending_G1
rna_seq:SRR7443593	formal_v2_until_reprocessing	hold	awaiting_uniform_reprocessing_signal_unit_unknown	normalization_class=C; signal_unit=unknown	resolved_hold_pending_G1
rna_seq:SRR7443594	formal_v2_until_reprocessing	hold	awaiting_uniform_reprocessing_signal_unit_unknown	normalization_class=C; signal_unit=unknown	resolved_hold_pending_G1
rna_seq:SRR7443595	formal_v2_until_reprocessing	hold	awaiting_uniform_reprocessing_signal_unit_unknown	normalization_class=C; signal_unit=unknown	resolved_hold_pending_G1
rna_seq:SRR7443596	formal_v2_until_reprocessing	hold	awaiting_uniform_reprocessing_signal_unit_unknown	normalization_class=C; signal_unit=unknown	resolved_hold_pending_G1
rna_seq:SRR7443597	formal_v2_until_reprocessing	hold	awaiting_uniform_reprocessing_signal_unit_unknown	normalization_class=C; signal_unit=unknown	resolved_hold_pending_G1
rna_seq:SRR7443598	formal_v2_until_reprocessing	hold	awaiting_uniform_reprocessing_signal_unit_unknown	normalization_class=C; signal_unit=unknown	resolved_hold_pending_G1
rna_seq:SRR7443599	formal_v2_until_reprocessing	hold	awaiting_uniform_reprocessing_signal_unit_unknown	normalization_class=C; signal_unit=unknown	resolved_hold_pending_G1
rna_seq:SRR7443600	formal_v2_until_reprocessing	hold	awaiting_uniform_reprocessing_signal_unit_unknown	normalization_class=C; signal_unit=unknown	resolved_hold_pending_G1
rna_seq:SRR7443601	formal_v2_until_reprocessing	hold	awaiting_uniform_reprocessing_signal_unit_unknown	normalization_class=C; signal_unit=unknown	resolved_hold_pending_G1
rna_seq:SRR7443602	formal_v2_until_reprocessing	hold	awaiting_uniform_reprocessing_signal_unit_unknown	normalization_class=C; signal_unit=unknown	resolved_hold_pending_G1
rna_seq:SRR8440437	formal_v2_until_reprocessing	hold	awaiting_uniform_reprocessing_signal_unit_unknown	normalization_class=C; signal_unit=unknown	resolved_hold_pending_G1
rna_seq:SRR8440438	formal_v2_until_reprocessing	hold	awaiting_uniform_reprocessing_signal_unit_unknown	normalization_class=C; signal_unit=unknown	resolved_hold_pending_G1
rna_seq:SRR8440439	formal_v2_until_reprocessing	hold	awaiting_uniform_reprocessing_signal_unit_unknown	normalization_class=C; signal_unit=unknown	resolved_hold_pending_G1
rna_seq:SRR8440440	formal_v2_until_reprocessing	hold	awaiting_uniform_reprocessing_signal_unit_unknown	normalization_class=C; signal_unit=unknown	resolved_hold_pending_G1
rna_seq:SRR8440441	formal_v2_until_reprocessing	hold	awaiting_uniform_reprocessing_signal_unit_unknown	normalization_class=C; signal_unit=unknown	resolved_hold_pending_G1
rna_seq:SRR8440442	formal_v2_until_reprocessing	hold	awaiting_uniform_reprocessing_signal_unit_unknown	normalization_class=C; signal_unit=unknown	resolved_hold_pending_G1
rna_seq:SRR941632	formal_v2_until_reprocessing	hold	awaiting_uniform_reprocessing_signal_unit_unknown	normalization_class=C; signal_unit=unknown	resolved_hold_pending_G1
rna_seq:SRR941633	formal_v2_until_reprocessing	hold	awaiting_uniform_reprocessing_signal_unit_unknown	normalization_class=C; signal_unit=unknown	resolved_hold_pending_G1
rna_seq:SRR941634	formal_v2_until_reprocessing	hold	awaiting_uniform_reprocessing_signal_unit_unknown	normalization_class=C; signal_unit=unknown	resolved_hold_pending_G1
rna_seq:SRR941635	formal_v2_until_reprocessing	hold	awaiting_uniform_reprocessing_signal_unit_unknown	normalization_class=C; signal_unit=unknown	resolved_hold_pending_G1
rna_seq:SRR941636	formal_v2_until_reprocessing	hold	awaiting_uniform_reprocessing_signal_unit_unknown	normalization_class=C; signal_unit=unknown	resolved_hold_pending_G1
rna_seq:SRR941637	formal_v2_until_reprocessing	hold	awaiting_uniform_reprocessing_signal_unit_unknown	normalization_class=C; signal_unit=unknown	resolved_hold_pending_G1
rna_seq:SRR941638	formal_v2_until_reprocessing	hold	awaiting_uniform_reprocessing_signal_unit_unknown	normalization_class=C; signal_unit=unknown	resolved_hold_pending_G1
rna_seq:SRR941639	formal_v2_until_reprocessing	hold	awaiting_uniform_reprocessing_signal_unit_unknown	normalization_class=C; signal_unit=unknown	resolved_hold_pending_G1
rna_seq:SRR941640	formal_v2_until_reprocessing	hold	awaiting_uniform_reprocessing_signal_unit_unknown	normalization_class=C; signal_unit=unknown	resolved_hold_pending_G1
rna_seq:SRR941641	formal_v2_until_reprocessing	hold	awaiting_uniform_reprocessing_signal_unit_unknown	normalization_class=C; signal_unit=unknown	resolved_hold_pending_G1
rna_seq:SRR941642	formal_v2_until_reprocessing	hold	awaiting_uniform_reprocessing_signal_unit_unknown	normalization_class=C; signal_unit=unknown	resolved_hold_pending_G1
rna_seq:SRR941643	formal_v2_until_reprocessing	hold	awaiting_uniform_reprocessing_signal_unit_unknown	normalization_class=C; signal_unit=unknown	resolved_hold_pending_G1
rna_seq:SRR941644	formal_v2_until_reprocessing	hold	awaiting_uniform_reprocessing_signal_unit_unknown	normalization_class=C; signal_unit=unknown	resolved_hold_pending_G1
rna_seq:SRR941645	formal_v2_until_reprocessing	hold	awaiting_uniform_reprocessing_signal_unit_unknown	normalization_class=C; signal_unit=unknown	resolved_hold_pending_G1
rna_seq:SRR941646	formal_v2_until_reprocessing	hold	awaiting_uniform_reprocessing_signal_unit_unknown	normalization_class=C; signal_unit=unknown	resolved_hold_pending_G1
rna_seq:SRR941647	formal_v2_until_reprocessing	hold	awaiting_uniform_reprocessing_signal_unit_unknown	normalization_class=C; signal_unit=unknown	resolved_hold_pending_G1
rna_seq:SRR941648	formal_v2_until_reprocessing	hold	awaiting_uniform_reprocessing_signal_unit_unknown	normalization_class=C; signal_unit=unknown	resolved_hold_pending_G1
rna_seq:SRR941649	formal_v2_until_reprocessing	hold	awaiting_uniform_reprocessing_signal_unit_unknown	normalization_class=C; signal_unit=unknown	resolved_hold_pending_G1
rna_seq:SRR941650	formal_v2_until_reprocessing	hold	awaiting_uniform_reprocessing_signal_unit_unknown	normalization_class=C; signal_unit=unknown	resolved_hold_pending_G1
rna_seq:SRR941651	formal_v2_until_reprocessing	hold	awaiting_uniform_reprocessing_signal_unit_unknown	normalization_class=C; signal_unit=unknown	resolved_hold_pending_G1
rna_seq:SRR941697	formal_v2_until_reprocessing	hold	awaiting_uniform_reprocessing_signal_unit_unknown	normalization_class=C; signal_unit=unknown	resolved_hold_pending_G1
rna_seq:SRR941698	formal_v2_until_reprocessing	hold	awaiting_uniform_reprocessing_signal_unit_unknown	normalization_class=C; signal_unit=unknown	resolved_hold_pending_G1
rna_seq:SRR941699	formal_v2_until_reprocessing	hold	awaiting_uniform_reprocessing_signal_unit_unknown	normalization_class=C; signal_unit=unknown	resolved_hold_pending_G1
rna_seq:SRR941700	formal_v2_until_reprocessing	hold	awaiting_uniform_reprocessing_signal_unit_unknown	normalization_class=C; signal_unit=unknown	resolved_hold_pending_G1
rna_seq:SRR941701	formal_v2_until_reprocessing	hold	awaiting_uniform_reprocessing_signal_unit_unknown	normalization_class=C; signal_unit=unknown	resolved_hold_pending_G1
rna_seq:SRR941702	formal_v2_until_reprocessing	hold	awaiting_uniform_reprocessing_signal_unit_unknown	normalization_class=C; signal_unit=unknown	resolved_hold_pending_G1
