rank	run_id	checkpoint	checkpoint_exists	checkpoint_size_bytes	checkpoint_sha256	config_exists	config_sha256	metrics_exists	metrics_sha256	best_step	full_mse	pearson
1	rna_seq11_1bpB_broad_w12_track_hard15_beta05_from_w10best1000_lr1e-5_seedrand_1500steps	runs/rna_seq11_1bpB_broad_w12_track_hard15_beta05_from_w10best1000_lr1e-5_seedrand_1500steps/adapter_head_best.pt	True	5664456	d4f178c836410651dbaf7c5008d5f919204868911f0b964c7e0a66bee1e56fca	True	01ce7436d81f28138abfe243e54751df70aafdedebb30b99d1a9b4d312438fe5	True	ab3037cca022edbb7c26961faaedbfb5548ebf86d4702c2568309d0a13a31310	750	0.8355771	0.69463443
2	rna_seq11_1bpB_broad_w13_track_hard15_beta05_from_w10best1000_lr3e-6_seedrand_1000steps	runs/rna_seq11_1bpB_broad_w13_track_hard15_beta05_from_w10best1000_lr3e-6_seedrand_1000steps/adapter_head_best.pt	True	5664456	dcd19383404b4591a57999a70ff842c2c10e4dffe2a2b1d55853a219dcad6c2d	True	7cfebc346337366c7e91cc994ead082fd91873630a63e7a71dd2cc85bab2f6b6	True	5dc7d3298da78e95f2620511b5ccfdffa93fed82264ebf69e615b7fe9e84d7b8	250	0.83563143	0.6944516
3	rna_seq11_1bpB_broad_w10_track_hard15_beta05_from_w6beta05best1500_lr1e-5_seedrand_1500steps	runs/rna_seq11_1bpB_broad_w10_track_hard15_beta05_from_w6beta05best1500_lr1e-5_seedrand_1500steps/adapter_head_best.pt	True	5664456	9cbba92e756a1dc05c6440f0bc59b0636e41bec9bf8ce178cb60e8e5257f7aec	True	0be114d0e59332f60ea85adceaae95294e659e92f46884a9b9e4403bb84e281a	True	a49ae8d758fc31ac582d3c7b53961a5e7492c9ecea20522251a0e3d05966a7e4	1000	0.83564435	0.69462896
4	rna_seq11_1bpB_broad_w11_track_hard15_beta05_from_w10best750_lr1e-6_seedrand_1000steps	runs/rna_seq11_1bpB_broad_w11_track_hard15_beta05_from_w10best750_lr1e-6_seedrand_1000steps/adapter_head_best.pt	True	5664392	cabaf8f1801ad5adbd744917392126fd54e73d92963595084e88979151703473	True	fe292939ea9e1855239ac970f635fdb358d38d0b85b5587398453ae0ea92c746	True	0f83cf04fdbc9e3ce0ff23437228372387a548ed3a28900f7b779154bfa8a3db	250	0.83573077	0.69436124
5	rna_seq11_1bpB_broad_w11_uniform_beta05_from_w10best1000_lr3e-6_seedrand_1000steps	runs/rna_seq11_1bpB_broad_w11_uniform_beta05_from_w10best1000_lr3e-6_seedrand_1000steps/adapter_head_best.pt	True	5664328	5cee293222bba57986f12789d58c30de38b2ecc6303fda3e52952232a980d853	True	5b10b743b2f2895e4b47c572be6e4119dc350fe78a08576d86bc35c039112601	True	ecd08a220504d8e4cca8448a8640f2fc8854b1ece8068fd690db6b2acdbc90e3	250	0.83574712	0.69432326
6	rna_seq11_1bpB_calib_w1_rank1_trackaffine_lr3e-5_1000steps	runs/rna_seq11_1bpB_calib_w1_rank1_trackaffine_lr3e-5_1000steps/adapter_head_best.pt	True	5665622	0839f73ff7d47f40a42b4476920b4c7adb1cf08014f26d33e59cc7c401569175	True	43a6a80a4190e60d52243c91bfa587b412b3c88ba0394e8c952d03c74a97acc8	True	76b76336e66ea4e8634f4acc3b6f165925691bf25f14d8224cc544ee039cd3d2	250	0.83577257	0.69463217
7	rna_seq11_1bpB_calib_w1_rank3_trackaffine_lr3e-5_1000steps	runs/rna_seq11_1bpB_calib_w1_rank3_trackaffine_lr3e-5_1000steps/adapter_head_best.pt	True	5665622	5c27cc012b8769dc78e49d7a3c60354ebe4faedc92d1aeeedb401f9de49d3208	True	c4796d9f3665b25b27a0364fb63d68822eac0ad40b2ad442285b3900668e9e6e	True	4c99fb53115a8a5ad18dad4f8b2c42ff5c917db28c19f8c8c3dc5af0e19a9921	250	0.83581003	0.69462708
8	rna_seq11_1bpB_broad_w6_track_hard15_beta05_from_w5best_lr1e-5_seedrand_1500steps	runs/rna_seq11_1bpB_broad_w6_track_hard15_beta05_from_w5best_lr1e-5_seedrand_1500steps/adapter_head_best.pt	True	5664392	906da0d38b9a56f32510cf1f9afa84148f2716a6f17c03b00e6f3b00cf5f4d4e	True	8102d36c6123046f19b3f8d69ab0a7fd2c60fc990524c0409cfcefe779089646	True	d74a076d4645328bb66db4f8f85ae809bc31d3f014445bedee3271344bb97e4b	1500	0.83582169	0.69423686
9	rna_seq11_1bpB_geneaux_w1_rank1_lambda003_lr3e-6_1000steps	runs/rna_seq11_1bpB_geneaux_w1_rank1_lambda003_lr3e-6_1000steps/adapter_head_best.pt	True	5664968	959abb734757db94b8c6100b4951d4718c5e64493f04f0180a810e7da9835971	True	83a3283ad532670bad407b794feccf40aa5475555937148c238f7fccc6dd168c	True	b7d4ff478846743dd32a3a6414f18ae44c2b0813f67b25c71872c5f2db2f3ec5	250	0.83582663	0.69441821
10	rna_seq11_1bpB_broad_w10_track_hard15_beta05_from_w6beta05best1500_lr3e-6_seedrand_1000steps	runs/rna_seq11_1bpB_broad_w10_track_hard15_beta05_from_w6beta05best1500_lr3e-6_seedrand_1000steps/adapter_head_best.pt	True	5664456	ca62d0a59867d50a2dac42d7147f002e26bceee731b15a1f4373ddc203a6c534	True	9cf79691485835339ee99ad85a4d174c40e85632cc013520043dadbc146322d2	True	f4b7ee652c3be11a9070b34cc2a9d17b7245540654dd4fc9496f06129e65b03f	750	0.83583516	0.69431161
11	rna_seq11_1bpB_broad_w8_track_hard15_beta05_from_w6beta05best750_lr3e-6_seedrand_1000steps	runs/rna_seq11_1bpB_broad_w8_track_hard15_beta05_from_w6beta05best750_lr3e-6_seedrand_1000steps/adapter_head_best.pt	True	5664456	69b68f41c96040c1b54970732cd6d408ba2e54cbbf2428a05b3475eba844a956	True	973331b70da20d77ebdc065f5d0d57a802929424b79373a1196af7f6bdbdf6eb	True	a1a8606b1b6bf73e4e8b88edc2b98bcc98b957eb90020b241ff45d23980c57c5	500	0.83596947	0.69424414
12	rna_seq11_1bpB_broad_w8_track_hard15_beta05_from_w6beta05best750_lr1e-6_seedrand_1000steps	runs/rna_seq11_1bpB_broad_w8_track_hard15_beta05_from_w6beta05best750_lr1e-6_seedrand_1000steps/adapter_head_best.pt	True	5664456	7061f6ccd7be81bcfaf6d045dbe4c60f46ba3c656c24fe3cb9b6ca04a430ae59	True	fb445b454679ede6ea9aca7634c54585339337ff2ecb7144771e52913dbe67d9	True	b82322d0e353649a31c5275efbd92ae2514db2c926d1e4b929291a7b78949bd7	500	0.83599538	0.69421002
13	rna_seq11_1bpB_broad_w9_track_hard15_beta05_from_w6beta05best1000_lr3e-6_seedrand_1000steps	runs/rna_seq11_1bpB_broad_w9_track_hard15_beta05_from_w6beta05best1000_lr3e-6_seedrand_1000steps/adapter_head_best.pt	True	5664456	94ec4e9ffa25df8924ee57cf44ab5b48fc0282c538e9c8cd2c52055853498dc7	True	611cba0e15042cc01d94c17eae8f225dee92df11d8e6ad963f079e5d4bce4697	True	cc20895c044c5a383b26f0e0e58f74c8159c5429dfdd3f17bc866ed7dca92a4f	250	0.83599816	0.69420599
14	rna_seq11_1bpB_broad_w7_track_hard15_beta05_from_w6beta05best_lr3e-6_seedrand_1000steps	runs/rna_seq11_1bpB_broad_w7_track_hard15_beta05_from_w6beta05best_lr3e-6_seedrand_1000steps/adapter_head_best.pt	True	5664392	8db634e3b5b07fd5e563d19a5194447ff79db75aedbd21c2b7012d363e21c7e0	True	a56aab1da4832f12811a9b1adc4a3792056ca513df6747032e3af636233c7989	True	45e4752e2bddff9dc512cd03aabc4a9ffd01642e769107706be2a980b9576838	500	0.83605101	0.69417615
15	rna_seq11_1bpB_calib_w1_rank1_trackaffine_lr1e-4_500steps	runs/rna_seq11_1bpB_calib_w1_rank1_trackaffine_lr1e-4_500steps/adapter_head_best.pt	True	5665622	643d4cfeadd5c1271518f2574636a1caf3b8a1c6aded4311b8aa92f6944b7473	True	f9ba3be4e2d06802bd86497c0ea1a043cfbaaa660ac7f9400b8fff2d5faecbf1	True	d965fb65b67032f3365db0bd49bda2c42b38e39e7bd4114f32e88c38965035a7	250	0.83607037	0.69462573
16	rna_seq11_1bpB_broad_w6_track_hard15_alpha025_from_w5best_lr1e-5_seedrand_1500steps	runs/rna_seq11_1bpB_broad_w6_track_hard15_alpha025_from_w5best_lr1e-5_seedrand_1500steps/adapter_head_best.pt	True	5664392	88fbaefd6138b7887e4d3f14f10c4c7e8b26c1d442b4564927e6a2776d5e403f	True	4975c0a631ce251d1c5b418a1a322fb514437fb1447bbce3a84864dae816ec15	True	f1f5802725df3ae854ea1b27f48e5d5d40060ab57f95d8a44ebc62a9a00eca13	1000	0.83638968	0.69386931
17	rna_seq11_1bpB_region_w1_rank1_exongene_v2_lr1e-5_1000steps	runs/rna_seq11_1bpB_region_w1_rank1_exongene_v2_lr1e-5_1000steps/adapter_head_best.pt	True	5664968	252f688bf3f8ad6662c336c7ced210e3683cbc8f234d9889a82e94b305fe851b	True	2d51b5fdd0d1ce2c2a2c90881204fda9dccbb04e2c7a0dc03baa8761f2bd44cc	True	f9c88523a1ee453f31b05913866932018d62c2fdb2ff4411c6d7bb4509de13c3	500	0.83667866	0.69444571
18	rna_seq11_1bpB_broad_w5_track_hard15_from_w4best2000_lr1e-5_seedrand_1500steps	runs/rna_seq11_1bpB_broad_w5_track_hard15_from_w4best2000_lr1e-5_seedrand_1500steps/adapter_head_best.pt	True	5664392	848df72db82e01579fd7364cf80c1db646057ed9460b59541496c4cbc976c296	True	f0447708777c1c67ce06ae763086490515cd1b5b9fae65d2d133b59bdf279fc0	True	c82a65bd352aeb5292a35b96cf0a4e54069ffa088bb44261f4c9c373ea494bc6	250	0.83688281	0.69407776
19	rna_seq11_1bpB_broad_w6_uniform_from_w5best_lr1e-5_seedrand_1500steps	runs/rna_seq11_1bpB_broad_w6_uniform_from_w5best_lr1e-5_seedrand_1500steps/adapter_head_best.pt	True	5664264	6428fda5a811943628e2662821022e4420c832d788a5d4ec2c4b93bc6e0faaa4	True	929f564dd35363a9405ce895d9c6095932fb5d738221bf13e71305f928ba19cf	True	456aba2b54cd8375bbb19adeb056f1561f4cc15e89bf23806d8af82f3fb16e35	500	0.8369105	0.6939834
20	rna_seq11_1bpB_broad_w5_track_hard15_from_w4best1500_lr1e-5_seedrand_1500steps	runs/rna_seq11_1bpB_broad_w5_track_hard15_from_w4best1500_lr1e-5_seedrand_1500steps/adapter_head_best.pt	True	5664392	4be5f0e4620067d6f6c473938e383ace72c9ec6cd87cb703bf23e01cad8b5e6c	True	a355a6c8fc744d12115a6c0ae7239883cc1f03a7845cf2adb4e2bf5708ae2b8e	True	52f5026d80c4063b7f70365a771951b30f46393b571e684d8efff0c7a1420da4	1500	0.83694736	0.69398317
21	rna_seq11_1bpB_broad_w5_track_hard15_from_w4best1500_lr3e-5_seedrand_1500steps	runs/rna_seq11_1bpB_broad_w5_track_hard15_from_w4best1500_lr3e-5_seedrand_1500steps/adapter_head_best.pt	True	5664392	5c5de6e33931a073270cbcdf2ccf3b4b5f932d57768b69f24f4c59ae8f957197	True	fc170f00cb133e1a41baf68cdfaddd157a0033937f09eaafd0b65dcf20ff0439	True	c5fa8d7fa1fcf06705af426a4ce450e0ce63f7d4045fc21cb6f5a35e7fe76f29	1000	0.83697471	0.69413929
22	rna_seq11_1bpB_broad_w6_track_hard15_from_w5best2000_lr3e-6_seedrand_1000steps	runs/rna_seq11_1bpB_broad_w6_track_hard15_from_w5best2000_lr3e-6_seedrand_1000steps/adapter_head_best.pt	True	5664392	2d23d89adc4e14a3988b1c3df94c922e31dc62eab338b3226f733c9417f1a967	True	3e41b07b59ebc275276991ac3f348a0b526a1b9d870aec5dc048dbc874c26ad1	True	8186170a16d264acdb0b9038e2edc4e0391df7c847765c2d4ae658846b8f3ab8	1000	0.83698893	0.69389318
23	rna_seq11_1bpB_region_geneaux_w1_rank1_exongene_v2_lambda003_lr3e-6_1000steps	runs/rna_seq11_1bpB_region_geneaux_w1_rank1_exongene_v2_lambda003_lr3e-6_1000steps/adapter_head_best.pt	True	5664968	04fd1ff4f32eda5f0c826b0463b72069e4542004fae99e1382f7273b4db307d7	True	5fecb4788f8d2eef23f43ecb382d3be804589e77c87e0719e2a3cd897e08a43b	True	38931895b416a672ee60019ea5066f5828f7025a31439465b8e4f1aab6d2faf8	250	0.83701929	0.69452228
24	rna_seq11_1bpB_broad_w4_track_hard15_extend_from_w2best3000_lr3e-5_seedrand_2000steps	runs/rna_seq11_1bpB_broad_w4_track_hard15_extend_from_w2best3000_lr3e-5_seedrand_2000steps/adapter_head_best.pt	True	5664392	b7e93185378ea82538b0b8dd0cf4181ca3cf2302a41c537966e5751878adc6a6	True	6a20d55e171b5723eb8fd339c6dfdd27466dff73cb130f3e621f48b9b5d76389	True	c962dac0aef01c07dfdc97e4978da454cfb72940dc0e74a31ee758fd04178aff	2000	0.83717607	0.69400372
25	rna_seq11_1bpB_broad_w5_track_hard15_from_w4best1000_lr1e-5_seedrand_1500steps	runs/rna_seq11_1bpB_broad_w5_track_hard15_from_w4best1000_lr1e-5_seedrand_1500steps/adapter_head_best.pt	True	5664392	bd72226737cfbfaca277588eebc6b4832fd792e189c4a19ae20297474f055dfe	True	64bb7f8829adbe141e300d461382cfb6b4f63b9de38abf2cded79075c6cd492e	True	0cfbaa6974b4027cd68994a75c936d29099795a27aa1eb61de66012689a3870d	750	0.8372518	0.69391158
26	rna_seq11_1bpB_broad_w6_track_hard15_alpha025_beta05_from_w5best_lr1e-5_seedrand_1500steps	runs/rna_seq11_1bpB_broad_w6_track_hard15_alpha025_beta05_from_w5best_lr1e-5_seedrand_1500steps/adapter_head_best.pt	True	5664392	b12711ea013ee68a1175088e0aa559e0956101e8f84b9a3eeaa7c5e519968b74	True	a261d37a57d4cd4e5c42113ccc83bb29e95026195e643df271bf5cc632177ee2	True	a7b0db38e723fe11ccff95fb00a04805dfa178e6996b71bd4714372bce1da47b	250	0.83735886	0.69363276
27	rna_seq11_1bpB_broad_w4_track_hard15_from_w2best3000_resl2_1e-4_lr1e-5_seedrand_1500steps	runs/rna_seq11_1bpB_broad_w4_track_hard15_from_w2best3000_resl2_1e-4_lr1e-5_seedrand_1500steps/adapter_head_best.pt	True	5664456	59a8d34ffdc24ad6f022bd7a2b2bd1d511c6c86359143933a62b04edb5d7146f	True	7c1a3829375422768f4038f206c0f68a03e774f8ea2fa685160c809cfe978f95	True	ac7b9648cab17b25837983919064a2440add8c92d1c7ac49c5d72c48987c394d	1000	0.83751671	0.69357252
28	rna_seq11_1bpB_broad_w4_track_hard15_from_w2best3000_lr1e-5_seedrand_1500steps	runs/rna_seq11_1bpB_broad_w4_track_hard15_from_w2best3000_lr1e-5_seedrand_1500steps/adapter_head_best.pt	True	5664392	f2db92bf5e488314eb34de4d90a62696241ecd596dc2838eb826bc61029add6a	True	e3598b01b738be1fe2d97af95577ecbec95312461d7ea954b223fba041072144	True	5c7d70e6a0992da4ffcc1caf37f28bf2e2c57f9d51a1a4dd0b7e359bc44a9244	1000	0.83764264	0.69383379
29	rna_seq11_1bpB_region_w1_rank1_exongene_v1_lr1e-5_1500steps	runs/rna_seq11_1bpB_region_w1_rank1_exongene_v1_lr1e-5_1500steps/adapter_head_best.pt	True	5664968	c56a7a552de389e29e936ab5e6b3cc545344222d9d99cb0665fc87ed93960cda	True	af03624142669ca201500e7b9881fc793ec7ba8afae3bf893f4cf5d623c84c5d	True	6b85dbce1cd63a7f6f320bcbc31b6e19d8e180482d1061367e9bde507726d212	250	0.83771714	0.69460584
30	rna_seq11_1bpB_broad_w2_track_hard15_from_finalbest_lr3e-5_seedrand_3000steps	runs/rna_seq11_1bpB_broad_w2_track_hard15_from_finalbest_lr3e-5_seedrand_3000steps/adapter_head_best.pt	True	5664392	18643ae5e601f8385db3be5d807c559930771f5f1f0be41b672b33eeb2665a79	True	9415ea643424ba745892d776b3265ceac03de61a365138111d9119409bb6f2a4	True	93eb2f5964bf732389f4d1943b0828182d1288adc97559a9ab5f8b1890a709f4	3000	0.83781822	0.69365538
31	rna_seq11_1bpB_broad_w4_track_hard15_from_w2best3000_resl2_3e-4_lr1e-5_seedrand_1500steps	runs/rna_seq11_1bpB_broad_w4_track_hard15_from_w2best3000_resl2_3e-4_lr1e-5_seedrand_1500steps/adapter_head_best.pt	True	5664456	db7b867a2b3afdb8ec71d8024070e0afa005498651fd7996b51adad46284ab48	True	0ba0c6f60cc59bd5ce2946df9e9ba639abca43f9d56a25403b418b30612e2144	True	4dc84187b4f824e99fbbb780fb041f72ab8ac89109528392abd50ac38fd0df0a	250	0.83787193	0.6936845
32	rna_seq11_1bpB_broad_w6_track_hard15_beta2_from_w5best_lr1e-5_seedrand_1500steps	runs/rna_seq11_1bpB_broad_w6_track_hard15_beta2_from_w5best_lr1e-5_seedrand_1500steps/adapter_head_best.pt	True	5664392	b65473ac3b46ff160cbe60d18e4c8562b24480e84c2eb5747b7f65928d672c10	True	1a851e26713e1fa391f6b4f5638400336eaef6e9016e8006f522fc0cb0cd24dc	True	245a11cc9146893a04048164b713163e21a9809f4392f10b061a036ad225feca	250	0.83801078	0.69392486
33	rna_seq11_1bpB_broad_w3_track_hard15_from_w2best_resl2_3e-4_lr1e-5_seedrand_1500steps	runs/rna_seq11_1bpB_broad_w3_track_hard15_from_w2best_resl2_3e-4_lr1e-5_seedrand_1500steps/adapter_head_best.pt	True	5664392	1c75a9566d1de481baf4d9acf76f608e0e76c11d6df99abdf4c42c398eae4bbe	True	654de09f2548f538c69b5eaa9d8ff2d30676d2b5f7d2f224c177d0e8e66233c0	True	2bcb941b54fe213c69b7ad26fe8f90369edb88d9c1fafc4557b99a2b6da296c2	500	0.83810566	0.6933924
34	rna_seq11_1bpB_broad_w3_track_hard15_from_w2best_lr1e-5_seedrand_2000steps	runs/rna_seq11_1bpB_broad_w3_track_hard15_from_w2best_lr1e-5_seedrand_2000steps/adapter_head_best.pt	True	5664392	250eac22d156d52b67e79c6ac90aac2f73a378a02ae7bcb3aee080b3956ec1e5	True	38420a1bf43439479b437ce6502e4a3d86b64a16201ab56dea8a2cfc3a9c5c18	True	e7e02c3ad3ddaed49ef5f7213199440470cb92a063b7d3a90f98d3a11edc011c	1250	0.83815001	0.69333958
35	rna_seq11_1bpB_broad_w3_track_hard15_from_w2best_resl2_1e-4_lr1e-5_seedrand_1500steps	runs/rna_seq11_1bpB_broad_w3_track_hard15_from_w2best_resl2_1e-4_lr1e-5_seedrand_1500steps/adapter_head_best.pt	True	5664392	db2921d3c7833c08757b7de43b3d8be871366d45cc5c6ab13e8b775af6b1f79e	True	9b50b564d4da02e2f6cb7aa5c1a182949d7cd9aeca015833edf6340623d5e69d	True	b97f2fc1eef8d30a5ba59e66e3e8ad511d4cedb505e81f623acae8ca8e24a093	250	0.8381687	0.69348527
36	rna_seq11_1bpB_broad_w3_track_hard15_from_w2best_resl2_3e-3_lr1e-5_seedrand_1500steps	runs/rna_seq11_1bpB_broad_w3_track_hard15_from_w2best_resl2_3e-3_lr1e-5_seedrand_1500steps/adapter_head_best.pt	True	5664392	5301a086a71adf5bb3c8519adf6b5a41da8221863ba97c419ec31fa1cad2999e	True	c6137a9086e18c4f1e6dada6b60a0d8085eafa299a0aee837e6202a7166290e5	True	e291ae7227180ad5513eecc6943d6ed89579142edf02004a550c12093eb41f0b	500	0.8381761	0.69320716
37	rna_seq11_1bpB_region_w1_rank3_exongene_v1_lr1e-5_1500steps	runs/rna_seq11_1bpB_region_w1_rank3_exongene_v1_lr1e-5_1500steps/adapter_head_best.pt	True	5665032	62e9c9e632a75ce00be3b2ae22d190c6d07864c1a827a9d4164b68b33ed2f5f8	True	92db1d3122939b67a0f69c203c6ad34e66b481795d9e05ff415a5ecc0b144daa	True	8ab00a3c709de9b3732b349addda35135c12869eb71a349a00de68cd4879e5b0	500	0.83825893	0.69424822
38	rna_seq11_1bpB_broad_w2_track_intest125_from_finalbest_lr3e-5_seedrand_3000steps	runs/rna_seq11_1bpB_broad_w2_track_intest125_from_finalbest_lr3e-5_seedrand_3000steps/adapter_head_best.pt	True	5664392	bedcd017d9ec835c0540c15576935cf6dfacc357db42f97e6c863d623a8de733	True	13670fb6c458e137dc443921433eb9f8dffa3967ed96d2f388af9695ed96ead9	True	b39494c337f9a4a41fbd8ea3a06caa27070f942f957357c8003586fcc4a264bb	1500	0.83837474	0.69339538
39	rna_seq11_1bpB_broad_w2_track_hard125_from_finalbest_lr3e-5_seedrand_3000steps	runs/rna_seq11_1bpB_broad_w2_track_hard125_from_finalbest_lr3e-5_seedrand_3000steps/adapter_head_best.pt	True	5664392	21f80d4315231476e1445419a757572170247539b550410a4a1ff147cc69f141	True	bd1391d29ee1b38642fab31b8f8eb2be8a63ba884deb6745a4ed0dc47ff93429	True	1a8d3fa9effead695ffb553767e99a40700b0df8f33611e18aeae9ddb6bfe849	250	0.83870175	0.69302827
40	rna_seq11_1bpB_broad_w2_track_hard20_from_finalbest_lr3e-5_seedrand_3000steps	runs/rna_seq11_1bpB_broad_w2_track_hard20_from_finalbest_lr3e-5_seedrand_3000steps/adapter_head_best.pt	True	5664392	d7cb17b3021030550ff1037fb708986816108794a36fa626cd67679a2b325dc7	True	c7bfb3547c9b5deb4097b7c072493a6e63ce5678f98913177c32f067e26990b4	True	852b6823b51b0ea74c4f375972ac14105ebf90f39dd36e0ae1db0b63112e0367	500	0.8390185	0.69316095
41	rna_seq11_1bpB_broad_w3_track_hard15_from_w2best_hybrid075_lr1e-5_seedrand_1500steps	runs/rna_seq11_1bpB_broad_w3_track_hard15_from_w2best_hybrid075_lr1e-5_seedrand_1500steps/adapter_head_best.pt	True	5664392	f8437e6a37d898d876f9d9263ea176f8ec464ad6fc0c29ccafeeaffb754b71c1	True	d70d4db12d8e52c460c3dd0045dc0c1d114790b1626528333fb5fd6cc1528bbb	True	3baeffe8b5df28cede845ed898ed3c20c035bf3e4b15088eecfe9256c54f410b	500	0.83929043	0.69348258
42	rna_seq11_1bpB_upper_w2_resl2_1e-3_from_w1a05lr1e4_seedrand_2000steps	runs/rna_seq11_1bpB_upper_w2_resl2_1e-3_from_w1a05lr1e4_seedrand_2000steps/adapter_head_best.pt	True	5664200	131b5d44e0dca1567a1dc292177eedb10e75c0d67eed6642f0c28a63a6e4704d	True	c7971cd179645f9cdd5d236b2a70a17cb275ee8de8c70410df5abc2bec3b2a8d	True	83295cdd0cbb42b297643ba16aab48d7d583e457330a68d474753455cee04fb1	2000	0.83941437	0.6930306
43	rna_seq11_1bpB_upper_w4_ft_from_w2_resl2_1e-3_step1500_lr1e-5_seedrand_1000steps	runs/rna_seq11_1bpB_upper_w4_ft_from_w2_resl2_1e-3_step1500_lr1e-5_seedrand_1000steps/adapter_head_best.pt	True	5664200	3e7b85c435f57fd7625d52bbf2950fa1be2cada038f9f7af075e3f18827958f7	True	da1351b7aec2fb44bf8aed7f2e18f4f8edeb25f871370217f8127dbdac4bf497	True	6a81e7d3239074113968c62f8016f5bd6f6ad36a870cb2853cef34f667b18885	500	0.8395768	0.69257573
44	rna_seq11_1bpB_broad_w3_track_hard15_from_w2best_mse_lr1e-5_seedrand_1500steps	runs/rna_seq11_1bpB_broad_w3_track_hard15_from_w2best_mse_lr1e-5_seedrand_1500steps/adapter_head_best.pt	True	5664392	24ca5f6b0999f4b9dd4efd81cdefae56838c05456d4afc83a74263e61e193125	True	e0881285b40a900105dd07415e29a7f6ef0afb970f8a43b50bff3b6a56ee6e0e	True	dda49091bb9c2183472d5fd84e8ffd67b886533be7f79c701529930bf0277d02	500	0.83969315	0.69325455
45	rna_seq11_1bpB_upper_w4_ft_from_w2_resl2_1e-3_step1500_lr3e-5_seedrand_1000steps	runs/rna_seq11_1bpB_upper_w4_ft_from_w2_resl2_1e-3_step1500_lr3e-5_seedrand_1000steps/adapter_head_best.pt	True	5664200	7b0b2d6addd4e91ce57489a59d44ffaf720fa4e4297a71458dc4e841f568b6ff	True	abaf6ab793d95f1c40b25ac84460248ed7562b14a730bc8e36024707fd58b623	True	ad0574c4c2af6baef902b5fcfa9c2a565a5fe1e710d032933213a957b37365f9	500	0.8398094	0.69286241
46	rna_seq11_1bpB_broad_w1_anchor_conv5_h128_b128_l2_1e-3_seedrand_6000steps	runs/rna_seq11_1bpB_broad_w1_anchor_conv5_h128_b128_l2_1e-3_seedrand_6000steps/adapter_head_best.pt	True	5664264	7082a1f507e86d0113864a9aea74d764d0c2e2529028bc6253eeb5d227d6ad78	True	b1e7de5f299b1f8815896fa5f96bf8de9992ea5e9d586cddb541988ccc0db3f2	True	d39d71a6481e2b4f4efad9b9a64c389dd7f20ee6e7f29be85adb10605d150529	1250	0.84009036	0.69277873
47	rna_seq11_1bpB_upper_w3_ft_from_w2_resl2_1e-3_lr3e-5_seedrand_1000steps	runs/rna_seq11_1bpB_upper_w3_ft_from_w2_resl2_1e-3_lr3e-5_seedrand_1000steps/adapter_head_best.pt	True	5664200	8e6041558902dfc650a8699bea236fb6408cdc4f37bff302fceff781640b59f6	True	d28572d155ecba550a8cd06faa515ec5e32f68c8451caf6fc5dd4dfc086ae2f5	True	9ac36007e3708b140f441900a26045c5f2ed3e7c396345f0d5a65c416da506e7	500	0.84039217	0.69257366
48	rna_seq11_1bpB_sigweight_fallback_w1_rank1_highgt3x15_a075_b05_lr3e-6_1000steps	runs/rna_seq11_1bpB_sigweight_fallback_w1_rank1_highgt3x15_a075_b05_lr3e-6_1000steps/adapter_head_best.pt	True	5664968	c51fcdf83b978eba8b9698e9a89efa0ea6d26d1add80c287dd4b4edb329fb299	True	8cbc8b915203b22a749c668ec49613cae170ec156c063fc6b3bf3ef9fd2622df	True	cd52067242eb146469d12fa28ed5116d5313b846a339e132d9aafeff4f7c0507	250	0.84062108	0.69566999
49	rna_seq11_1bpB_upper_w2_gate_floor05_from_w1a05lr1e4_seedrand_2000steps	runs/rna_seq11_1bpB_upper_w2_gate_floor05_from_w1a05lr1e4_seedrand_2000steps/adapter_head_best.pt	True	5664200	ced1b81461ec925b8324fb8aca36417cc046c7c42ea3f743a64a4403fafcd980	True	c1f491575eb8d5202019dc0d5b60c029158c78a0f11cd227f2bd8a87f4ef82e4	True	98fe67d4b32aa543bd0083f1e35d432d8f48c7e44dbc0f636917abb496bb86ed	500	0.84092793	0.69191736
50	rna_seq11_1bpB_upper_w1_hybrid_a05_lr1e-4_seedrand_4000steps	runs/rna_seq11_1bpB_upper_w1_hybrid_a05_lr1e-4_seedrand_4000steps/adapter_head_best.pt	True	5664264	f55d3a802893819fceb1b8f553460a1f913dd9f0148b26cf1cb26bbc55578bf3	True	94695652593d42ee1e9e0b841f47220b97360d5908156357b0598216eee5889c	True	c55f6077263868d7c8451c4d64d07c8a7d1f13e55da88abb224f9519d4142f74	500	0.84105524	0.69190756
51	rna_seq11_1bpB_upper_w2_resl2_3e-3_from_w1a05lr1e4_seedrand_2000steps	runs/rna_seq11_1bpB_upper_w2_resl2_3e-3_from_w1a05lr1e4_seedrand_2000steps/adapter_head_best.pt	True	5664200	382dc899a5e61317aa0e58583e7285c3738498e1c5b2466a4c87e5a7ef152a2d	True	f1233bdf5bc73cd6452ec33d265fb9385473b82865eef45950fbee8682ac01f9	True	9b5f4f13d6bc24055bafed6ca7e69d9ee1ae07195ee283df2ed96e87c4b2bf4a	250	0.84108998	0.69200944
52	rna_seq11_1bpB_upper_w1_hybrid_a075_lr1e-4_seedrand_4000steps	runs/rna_seq11_1bpB_upper_w1_hybrid_a075_lr1e-4_seedrand_4000steps/adapter_head_best.pt	True	5664264	f771e5fb3db9baf34540b268ceb596b3852095d6112aaedbb941f6841e6f1502	True	acffa6d0c296cb6dcb077d8c6ca0a6630b7796c090bd94e756b6c7ec1270c5f2	True	59ce0b1a4ce2de913fa4eee0d324414d458fcb5ef615cb0be94f9596bc3576d0	1000	0.84140867	0.69210824
53	rna_seq11_1bpB_upper_w3_resl2_1p5e-3_from_w1a05lr1e4_seedrand_2000steps	runs/rna_seq11_1bpB_upper_w3_resl2_1p5e-3_from_w1a05lr1e4_seedrand_2000steps/adapter_head_best.pt	True	5664200	e83465a634c257b59139c545036b7af4fc237211fa9d5d3cea64d566da19a511	True	a0cbfda0c175b60c823c5797568b3a931c689b6ad6fbc8663ed1e17156736eb4	True	948cd9f41708c8efe3d057b4f14e0a621e85a4234b78d44725beaef8696dbd3e	500	0.84142797	0.69201765
54	rna_seq11_1bpB_sigweight_fallback_w1_rank1_top5x2_a075_b05_lr3e-6_1000steps	runs/rna_seq11_1bpB_sigweight_fallback_w1_rank1_top5x2_a075_b05_lr3e-6_1000steps/adapter_head_best.pt	True	5664968	1bce15c6ebb6f5080ee91c8ed4fb893ddebe34c071b65256ed90a44e5958c6a9	True	959293b57fcff233a8ee46c0127a3b720e3d8402a546d276f9c9470160adac56	True	6e6df5613c25f0c2b1658eeaad79187428aeca01adbc1924dc0e17ae950a4c4c	250	0.84182041	0.69578491
55	rna_seq11_1bpB_upper_w1_hybrid_a05_lr3e-5_seedrand_4000steps	runs/rna_seq11_1bpB_upper_w1_hybrid_a05_lr3e-5_seedrand_4000steps/adapter_head_best.pt	True	5664264	a590ebce7f8e486ea1e39fd92c704dd416af05721fc57869907073f20e3f925a	True	d9c06004b3b4cb9601071817c82ec08d77bf954a75d81a8407aef0da71dc61e7	True	bae9c013f286d73bf7476d18992432ff54baa8ac688853167ad077ccc96303cc	1250	0.84193722	0.69174527
56	rna_seq11_1bpB_upper_w2_gate_floor075_from_w1a05lr1e4_seedrand_2000steps	runs/rna_seq11_1bpB_upper_w2_gate_floor075_from_w1a05lr1e4_seedrand_2000steps/adapter_head_best.pt	True	5664200	a8c5079b4e503ced699fa134836685920451e7016656ef2636f2478318d62d8b	True	b64cf312837e3f34e165f30d518a43ccf8c97f4bfb9c410efeb6274d91df1d68	True	a7284180b4a29c12e86bbed3057356ab45ff4fffbf59450221888e8304e04684	250	0.84206118	0.6914665
57	rna_seq11_1bpB_upper_w3_resl2_5e-4_from_w1a05lr1e4_seedrand_2000steps	runs/rna_seq11_1bpB_upper_w3_resl2_5e-4_from_w1a05lr1e4_seedrand_2000steps/adapter_head_best.pt	True	5664200	c4afc3a7b75e6376fe6d8c8820d7db6adc156f478f741ed9ccc6c1b835dfe40a	True	1f8c9767e20f1ef6610b9268d3bc006d57149f038cc81d40d1a3ba5f36a0bd44	True	4ec06183b3f6406078648e3096322652eb5fe30e6c499a0dbdbb6fbb5888d695	250	0.84206423	0.69179672
58	rna_seq11_1bpB_upper_w2_gate_floor025_from_w1a05lr1e4_seedrand_2000steps	runs/rna_seq11_1bpB_upper_w2_gate_floor025_from_w1a05lr1e4_seedrand_2000steps/adapter_head_best.pt	True	5664200	4f2ce245b7629567725b5c4ddf73ba7210d41a428ef66d2f19a0fa7f5a3c5f4f	True	701d6aaff7b04f097a9923b26207d4c2dddfa4ce62b23ee28d56b2224c8f53d0	True	5c9a56a84e11fdde3efc19e176226925c15d13bc604ebbcdcaff0d2991198cbe	250	0.84222039	0.69161779
59	rna_seq11_1bpB_upper_w1_mse_lr1e-4_seedrand_4000steps	runs/rna_seq11_1bpB_upper_w1_mse_lr1e-4_seedrand_4000steps/adapter_head_best.pt	True	5664264	3ee19a57c4eab805a3e952b5f5389e865a8d6008c70cd88506b5d322e5699b2c	True	845763e8bd2cc2eafec1ec2482aaaf6897841d4719136b60794ae8f01ac53066	True	078d5a5c87b1e864aae5fedae6e4ff563f9996b23c76337f23f68079891f950b	500	0.84306722	0.69160917
60	rna_seq11_1bpB_residual_extend_20260526_conv5_bn128_h128_scale001_hybrid_lr3e-4_from1000_seed20260526_1000steps	runs/rna_seq11_1bpB_residual_extend_20260526_conv5_bn128_h128_scale001_hybrid_lr3e-4_from1000_seed20260526_1000steps/adapter_head_best.pt	True	5664008	f480d1d2f36f6680bccbb3d0b3c25e557bdac90a44c6e2183152a9f533b1b03d	True	a27323ee3336bbd4ef86cb9118364d15abff46f9254f46fe236291cef3224342	True	8bb902da6dc1dbe1c607b6578e00c54689793439e5aa240df921ecf46ff48f9f	1000	0.84327834	0.69191858
61	rna_seq11_1bpB_residual_extend_20260526_conv5_bn64_h64_scale001_hybrid_lr3e-4_from1000_seed20260526_1000steps	runs/rna_seq11_1bpB_residual_extend_20260526_conv5_bn64_h64_scale001_hybrid_lr3e-4_from1000_seed20260526_1000steps/adapter_head_best.pt	True	4972296	1d44ab73b9c0d626a5cca11a149bf33d2527f6c3caba027704ecf5b9877639d1	True	4244c61a0e37790d96e43b441e64f619a73ad96007a87643ad3f8d806175d095	True	9a2583f3b62ecbb6198281a3c3eb017a931f8741b1e72135ea5c3d951d0b53a1	750	0.84387702	0.69066585
62	rna_seq11_1bpB_fusion_20260528_basepred_conv5_b128_h128_l2_1e-3_beta05_hard15_matchinit_w12_lr3e-5_seedrand_1000steps	runs/rna_seq11_1bpB_fusion_20260528_basepred_conv5_b128_h128_l2_1e-3_beta05_hard15_matchinit_w12_lr3e-5_seedrand_1000steps/adapter_head_best.pt	True	5670216	28b596696b1c6959eebb62ce92330abe7c4062b31d761824dcf137e73796c438	True	20e3c4a9be0adb180f68d0d6943fcdc226308577d3bb832ccf174bc20d13814b	True	f12f05fc94a35984b167a42203a2b5d3fdb5fa5b9e18a7bba0d778a426ca3442	250	0.8449821	0.69025205
63	rna_seq11_1bpB_head_sweep_20260528_conv7_b128_h128_l2_1e-3_beta05_hard15_matchinit_w12_lr3e-5_seedrand_1500steps	runs/rna_seq11_1bpB_head_sweep_20260528_conv7_b128_h128_l2_1e-3_beta05_hard15_matchinit_w12_lr3e-5_seedrand_1500steps/adapter_head_best.pt	True	5795592	42c470323b3c1cc642a7abe2c339dc9407cec6128a4958018af0d1a140984f21	True	0ef6b3a43fc47e5822b3c9bbfe02dd333d2ab8bc5b5da5a5e8611584b65f4c7c	True	27bec1e24323a1d8099112a505785d7cf0903ff78900fad4c2eef813659ab57a	250	0.84499249	0.69008607
64	rna_seq11_1bpB_sigweight_w1_rank1_top1x5_a075_b05_lr3e-6_1500steps	runs/rna_seq11_1bpB_sigweight_w1_rank1_top1x5_a075_b05_lr3e-6_1500steps/adapter_head_best.pt	True	5664968	a1cc51073b57bda447efdcc211ab0440afa1558723bf81a8d2e12bde813d6b46	True	1bb9e9c5cae31bbadc33e78ce27a4d87f32fca86ee89ceb5b83f11f88e77072b	True	509dec624839ac7aa15148584bf53d65465907fd49d9119dfcbaec483c4c11a3	250	0.84503946	0.69598754
65	rna_seq11_1bpB_residual_extend_20260526_conv5_bn64_h64_scale001_hybrid_lr1e-4_from1000_seed20260526_1000steps	runs/rna_seq11_1bpB_residual_extend_20260526_conv5_bn64_h64_scale001_hybrid_lr1e-4_from1000_seed20260526_1000steps/adapter_head_best.pt	True	4972296	00eb32408abbed9ba4caa659d6399db78828eae1a732b2530f5d182335d927a9	True	eef59018bf37edbad7c18929de1ab7797860b0295f374a4bd08de3066e9162a1	True	174ae8dd777c0647f9588d6f9555a0ddbce07aa83334105deb13cf918afbcf44	250	0.84530813	0.69008554
66	rna_seq11_1bpB_residual_extend_20260526_conv5_bn64_h64_scale001_mse_lr3e-4_from1000_seed20260526_1000steps	runs/rna_seq11_1bpB_residual_extend_20260526_conv5_bn64_h64_scale001_mse_lr3e-4_from1000_seed20260526_1000steps/adapter_head_best.pt	True	4972296	b09970f7a5c4f41465f5daec938c3aa5ec05b13b939bf57a419177bc04324edd	True	1616d9913da8dbee6d88f1c5ecc3fc0f29a931da27a0da811388a304af9f4134	True	98a2cbe66078500a25c63908dfeee1a803f365499a6e5b038477a0ec2dfdb89f	750	0.84533407	0.69053706
67	rna_seq11_1bpB_head_sweep_20260528_dilconv3d4_b128_h128_l2_1e-3_beta05_hard15_matchinit_w12_lr3e-5_seedrand_1500steps	runs/rna_seq11_1bpB_head_sweep_20260528_dilconv3d4_b128_h128_l2_1e-3_beta05_hard15_matchinit_w12_lr3e-5_seedrand_1500steps/adapter_head_best.pt	True	5533448	71bf9d9ca3b5242251da088bd76cae36186798cfbf3484d34a6e136b8f24a4eb	True	fbc927e924c06e47ec0c78b94a1f7588fac211bdc4d22a41efa354b93ae2d86f	True	466b796ca77608c745a0864adc08d9a09f2820197941710bfd17f4d20ec780d7	250	0.84734383	0.68874216
68	rna_seq11_1bpB_residual_20260526_conv5_bn64_h64_scale001_hybrid_lr1e-3_seed20260526_1000steps	runs/rna_seq11_1bpB_residual_20260526_conv5_bn64_h64_scale001_hybrid_lr1e-3_seed20260526_1000steps/adapter_head_best.pt	True	4972168	5e509f67b08e2b58eeef4fc6058d89050aed4a3c15133e78b46170ce1f816eec	True	820864fdf4ae76319edbfb7b852de55489753b6f31794263dbdb966889f2fd5a	True	5d92e554d69534625d9756b3cd873dcc35fa35589cf9bdfd7d8059d93fb84dbb	1000	0.84735946	0.68895678
69	rna_seq11_1bpB_head_sweep_20260528_dilconv3d2_b128_h128_l2_1e-3_beta05_hard15_matchinit_w12_lr3e-5_seedrand_1500steps	runs/rna_seq11_1bpB_head_sweep_20260528_dilconv3d2_b128_h128_l2_1e-3_beta05_hard15_matchinit_w12_lr3e-5_seedrand_1500steps/adapter_head_best.pt	True	5533448	19c28a0e59dd08315ae54defa4f8fab0d27b1990f8b0528d50804fec36a96285	True	647dd0171f6f6c04bc7378637b455df4f8ea3462fdd6420f03fcb9dd6c4a03f6	True	9696d9a6cca1220f4e098f4011a648e16d22f59938cc5e40f99556b5a0d2c3bd	250	0.84758516	0.68842723
70	rna_seq11_1bpB_sigweight_w1_rank1_highgt3x2_a075_b05_lr3e-6_1500steps	runs/rna_seq11_1bpB_sigweight_w1_rank1_highgt3x2_a075_b05_lr3e-6_1500steps/adapter_head_best.pt	True	5664968	d839eac7135b725a519a20fb75ae97667062ad94f344efdbd546f5db7ca51116	True	d1a541b836c4a0c69bbece1488e546aad35c26229899e3f2ac6e61b09db6e930	True	6348fa3de1c491717e53be0031b7ec69231ba7f029fd2aa7c0ad04b4ba1c5434	250	0.84762559	0.69586601
71	rna_seq11_1bpB_residual_20260526_conv5_bn64_h64_scale01_hybrid_lr1e-3_seed20260526_1000steps	runs/rna_seq11_1bpB_residual_20260526_conv5_bn64_h64_scale01_hybrid_lr1e-3_seed20260526_1000steps/adapter_head_best.pt	True	4972168	65faa1f9795513e08ddd3013581ebb10d1564bbda961a1885565e9005c29810f	True	6b4ebc42b96924156d81934f2b13569adacf2a94cbf76e5ce53b0840a20969d1	True	5d13b070608618a70cd14e42dc4e7671df444cd2004f96d6bc62acb5348583ca	750	0.84815344	0.68854828
72	rna_seq11_1bpB_residual_20260526_conv3_bn64_h64_scale001_hybrid_lr1e-3_seed20260526_1000steps	runs/rna_seq11_1bpB_residual_20260526_conv3_bn64_h64_scale001_hybrid_lr1e-3_seed20260526_1000steps/adapter_head_best.pt	True	4939400	264defc25335bacd1566f3b0de77aa56ebd405118b2bb297bb6ce8d4f846f281	True	581919aac422e9fb696f1fd34b0af5c51df43173269b8b80f5ab6119cd3bce55	True	e855de172b647d52e75df51cb310d5a37c30469b8cc0cde1450df2fff1f3cf8a	500	0.84938655	0.68771244
73	rna_seq11_1bpB_fusion_20260528_basepred_conv7_b128_h128_l2_1e-3_beta05_hard15_matchinit_w12_lr3e-5_seedrand_1000steps	runs/rna_seq11_1bpB_fusion_20260528_basepred_conv7_b128_h128_l2_1e-3_beta05_hard15_matchinit_w12_lr3e-5_seedrand_1000steps/adapter_head_best.pt	True	5801288	10be0e0f69e6812a670a7f6eac243da0a2c8f4714ca5e2b319dbe8d0e8e244df	True	a8182226e9e061c8639b1373639a98586389fb63f9032232d87daaf6e212f50e	True	68c4375bbb95b6af7f1cc638b989710b5737f1ccf20bad7929b43009ac105345	250	0.85084183	0.68730186
74	rna_seq11_1bpB_residual_20260526_conv5_bn128_h128_scale001_hybrid_lr1e-3_seed20260526_1000steps	runs/rna_seq11_1bpB_residual_20260526_conv5_bn128_h128_scale001_hybrid_lr1e-3_seed20260526_1000steps/adapter_head_best.pt	True	5663880	e08c346cbacf1935242860aed08f0e7b978322f1c528a269eea71d145d6333dd	True	1df11def6c75d895817c78e0954a15f81e5bae0d0138770da553c791d409ad16	True	d140f00462e34650dcde5da765499e4be3f3cbcf836dcb59d38257f33691b2ac	1000	0.85172713	0.69013527
75	rna_seq11_1bpB_head_sweep_20260528_conv3x2_b128_h128_l2_1e-3_beta05_hard15_matchinit_w12_lr3e-5_seedrand_1500steps	runs/rna_seq11_1bpB_head_sweep_20260528_conv3x2_b128_h128_l2_1e-3_beta05_hard15_matchinit_w12_lr3e-5_seedrand_1500steps/adapter_head_best.pt	True	5731158	483b507669f54550645adcb8e53b86e3cb66a4836b47c73cda20246efa6e6f60	True	09ffb7a25830ec5bf03681be2c7c0c9f52ab38dbfaa7639a9e0950dea012bdc7	True	cd548b0803957ab5eb67359e1e91b6c8811001800f7c56d31ab9644fc8081c40	250	0.85233903	0.68717763
76	rna_seq11_1bpB_broad_w1_conv3x2_h128_b128_l2_1e-3_seedrand_6000steps	runs/rna_seq11_1bpB_broad_w1_conv3x2_h128_b128_l2_1e-3_seedrand_6000steps/adapter_head_best.pt	True	5730774	003be102df0303b1508c23ce86d77ef8439aa1b4e66fe6a61b8243fd5bf96869	True	8ddd1551e5cbf619bec1a0f15a141e6af85e87b4cdb5a748363101709c3db04c	True	a3dbb26e545859716275ec5c404743b7f7a2ee622a278de8ce9f4fa941e449dd	1000	0.85291251	0.68678771
77	rna_seq11_1bpB_sigweight_w1_rank1_intestinehighx3_a075_b05_lr1e-5_1500steps	runs/rna_seq11_1bpB_sigweight_w1_rank1_intestinehighx3_a075_b05_lr1e-5_1500steps/adapter_head_best.pt	True	5665032	6f9ac68aeb22a9336641dcff3f50eb674a2a4509a9cd268b7591f6cb1b284d58	True	15570c1d59bf2b9d272f9d9b6ae7bf266f15fd1527e429cb00138cd02b42f539	True	1765eb345869597f639d4c895c3ce8161b1f559cec1ed73fe2087c209f1831fa	250	0.85309479	0.69492609
78	rna_seq11_1bpB_sigweight_w1_rank3_intestinehighx3_a075_b05_lr1e-5_1500steps	runs/rna_seq11_1bpB_sigweight_w1_rank3_intestinehighx3_a075_b05_lr1e-5_1500steps/adapter_head_best.pt	True	5665032	556ac43b716e5bfdea65092557ed1c00fb4cf278223dbceacd67943846221c8b	True	49160915dc7071fb268a13a61fddc201156385bcb8ffa671ad75a72389062e27	True	6e007818ff528accd1643b6cb362f6fb280c315dc7d5c9bc09fb08072094d737	250	0.85333585	0.69457747
79	rna_seq11_1bpB_broad_w1_conv5_h192_b128_l2_1e-3_seedrand_6000steps	runs/rna_seq11_1bpB_broad_w1_conv5_h192_b128_l2_1e-3_seedrand_6000steps/adapter_head_best.pt	True	6109896	604950a93e4555c5bdfcd29d1e488e7c46c32074fd4c78a73168b596282fdc0e	True	b76b9234107a31d201745487c5cc0504a1643cc8082643d28e492770e82c51ff	True	263b1cff3a7351807c9c0d32de2434ce2eed55cac40583425aeb64f7a83aebda	1000	0.85646595	0.68766733
80	rna_seq11_1bpB_broad_w1_conv7_h128_b128_l2_1e-3_seedrand_6000steps	runs/rna_seq11_1bpB_broad_w1_conv7_h128_b128_l2_1e-3_seedrand_6000steps/adapter_head_best.pt	True	5795272	5bfa3e7bc93bdada5cf8a943b574a7a2be96fda51750eb8573ba10d2ae8b6413	True	ea3d475c64810c7b360689d35efa927ad8c3a238129e754196af1d568cf4660f	True	1ef6706e1e5560a2a979ebf97513431b8a74235ed06bd693919885f6464f758f	1000	0.85768614	0.68419334
81	rna_seq11_1bpB_sigweight_w1_rank1_highgt3x2_a075_b05_lr1e-5_1500steps	runs/rna_seq11_1bpB_sigweight_w1_rank1_highgt3x2_a075_b05_lr1e-5_1500steps/adapter_head_best.pt	True	5664968	2f84cef4dd26415122980bbacf94b6e164e32fee851ab48917cab6c5eca1fba0	True	37f399e9b06e8c56cb3206715f2f998ba30e24f087a966daee1249e04a036ef2	True	46997f628b5db71e696e997a8a7c2fafaf0f016fb0a2992577cab6a823ab94d6	250	0.85886845	0.69526965
82	rna_seq11_1bpB_sigweight_w1_rank3_highgt3x2_a075_b05_lr1e-5_1500steps	runs/rna_seq11_1bpB_sigweight_w1_rank3_highgt3x2_a075_b05_lr1e-5_1500steps/adapter_head_best.pt	True	5664968	6044a73d50ae4b8d5c9815fa2b37ed2ed47762a7b693d96d9e52515619f3707c	True	08b0511e736d073f008a82c184e203b42b52f3dba3013b532c08fd1eebb0b924	True	b854276d312b720b91acb2a5f52329ece76ba3c44062f843c9d72520d771f454	250	0.85890321	0.69533324
83	rna_seq11_1bpB_sigweight_w1_rank3_top5x3_a075_b05_lr1e-5_1500steps	runs/rna_seq11_1bpB_sigweight_w1_rank3_top5x3_a075_b05_lr1e-5_1500steps/adapter_head_best.pt	True	5664968	8d48a088ab903933802595c5d7823957296f044466c6dac6d469537f2e1d2c87	True	3404de1aebc34514dbb43efca74df03139b666aa7a835c9552d414272cce7196	True	5aac7c9f45a60587b6a1ede6fdfd4406ff2786f462522f95d9159ba219bea1ce	250	0.86119161	0.69573012
84	rna_seq11_1bpB_head_sweep_20260528_conv5_b128_h256_l2_1e-3_beta1_lr1e-4_seedrand_1500steps	runs/rna_seq11_1bpB_head_sweep_20260528_conv5_b128_h256_l2_1e-3_beta1_lr1e-4_seedrand_1500steps/adapter_head_best.pt	True	6719432	006f7f5160fcb7dbba1ffde6bd8464ff78647390d6f926ce9671e77144ae4e8a	True	7d24e032ab9a760cbe595aad09e96f4fe3cc26b1c7435ef3b0fdb978ec597661	True	cd16f5c530cbc6e18a2cb33cb392c935f310cfd53d0cd460ccbb23933e5e7d17	500	0.8615425	0.6826917
85	rna_seq11_1bpB_sigweight_w1_rank1_top5x3_a075_b05_lr1e-5_1500steps	runs/rna_seq11_1bpB_sigweight_w1_rank1_top5x3_a075_b05_lr1e-5_1500steps/adapter_head_best.pt	True	5664968	cebe5bf5c45231dff69046247750a8e063b268f0532fce704486c14ce4133388	True	6906cf1746872de14069ef60e51afdbd52c5b97189233ff6fdd358e01ec8f9a8	True	85b0f936a9fba330ae9f2bcd8d812121de44a0dfbc6d3d7dea8841d98e61d331	250	0.86322586	0.69582486
86	rna_seq11_1bpB_head_sweep_20260528_conv5_b256_h128_l2_1e-3_beta1_lr1e-4_seedrand_1500steps	runs/rna_seq11_1bpB_head_sweep_20260528_conv5_b256_h128_l2_1e-3_beta1_lr1e-4_seedrand_1500steps/adapter_head_best.pt	True	6516680	4d4c76beb5ecd0ab1788d4d82301fe543c88b1936f672432816cdf583cbc5944	True	fb0bdc493b57621041466aa8ff80f29df722b9e22afcc1729ffcbaed74723b2c	True	b151071b88ad56c111413c7f520e7bac028f4b33d9adf136ac59e377b9407724	500	0.86482886	0.68144942
87	rna_seq11_phase4_lr_schedule_5000_conv5_h256_step4000_fulllog1p_hybrid_b1_lr0.001_seed20260522_5000steps_step_s4000	runs/rna_seq11_phase4_lr_schedule_5000_conv5_h256_step4000_fulllog1p_hybrid_b1_lr0.001_seed20260522_5000steps_step_s4000/adapter_head_best.pt	True	4474189	0804278734b995c032145a9320cfd400bf6e7023840238016653209acdb2460a	True	14aa13bdc5ac233202ebdcb76270ce841a084f33ceaee3abd06e5fa707a28c92	True	c0f6ed24e3261853e06a951c0b6712e12bb9ca03d28853cf72a16d95ff043f44	4500	0.88032581	0.67391665
88	rna_seq11_phase4_lr_schedule_5000_conv5_h256_step3000_fulllog1p_hybrid_b1_lr0.001_seed20260522_5000steps_step_s3000	runs/rna_seq11_phase4_lr_schedule_5000_conv5_h256_step3000_fulllog1p_hybrid_b1_lr0.001_seed20260522_5000steps_step_s3000/adapter_head_best.pt	True	4474189	9f23a4366f56c9724677a49805fdd32a134bbc9351fcb7c57d0a5486492a39bb	True	bda9b1a45465bac9d43aeb2d9ea6aa9a6b24175bbddedb90db3705c58ed54636	True	12cacedfee72e306195d03c6574bf15a3b37e09672ee99ae5f625d69de9c8183	4500	0.88392895	0.67201334
89	rna_seq11_phase3_loss_sweep_5000_conv5_h256_top1_hybrid_fulllog1p_hybrid_b1_lr0.001_seed20260522_5000steps	runs/rna_seq11_phase3_loss_sweep_5000_conv5_h256_top1_hybrid_fulllog1p_hybrid_b1_lr0.001_seed20260522_5000steps/adapter_head_best.pt	True	4474189	26b37f97752a115b6c7564a64237e2efdb5bd39fbd9ca3e1ea31a3fe7bfc0009	True	a20ef4fa3e782e126b20ad9dc9849d2f826e3ebb3e3482fe23fd4f169845154c	True	2a8e70da23901d00f9dcabd4ad8812797ce47e9e4e2fbc23fc6001d4d867b132	4500	0.88446225	0.67363609
90	rna_seq11_phase4_lr_schedule_5000_conv5_h256_constant_fulllog1p_hybrid_b1_lr0.001_seed20260522_5000steps	runs/rna_seq11_phase4_lr_schedule_5000_conv5_h256_constant_fulllog1p_hybrid_b1_lr0.001_seed20260522_5000steps/adapter_head_best.pt	True	4474189	e8d8fe85a288e767921a2e736c09d328946695948bf6bde5826db9448bd141a9	True	ba4ce335bd2912670a51a026b2912b01c0037fd769684e9aa5814baf96dc92e0	True	0cfcacc1295bdd52d0d65f48fed46c7ed65948d22c88ae0640c29775191ba71a	4500	0.88462103	0.67449977
91	rna_seq11_phase4_lr_schedule_5000_conv5_h256_cosine_fulllog1p_hybrid_b1_lr0.001_seed20260522_5000steps_cosine	runs/rna_seq11_phase4_lr_schedule_5000_conv5_h256_cosine_fulllog1p_hybrid_b1_lr0.001_seed20260522_5000steps_cosine/adapter_head_best.pt	True	4474189	aca7ad31dc6155a0b298c3b301fe63b97b7586f61d754ba6fb787b7fb11ac7e1	True	8d2381b4991944a4d142b930f1d13da9b00d3d00d05ece697384536d544794ee	True	d01ccfcf28c62bb275999dbef149b13eb308ed0967529767f84e1671e01b252b	3750	0.88622749	0.67052355
92	rna_seq11_phase1_winner_stability_5000_conv5_h256_fulllog1p_smoothl1_b1_lr0.001_seed20260522_5000steps	runs/rna_seq11_phase1_winner_stability_5000_conv5_h256_fulllog1p_smoothl1_b1_lr0.001_seed20260522_5000steps/adapter_head_best.pt	True	4474189	010d2b5bd7fc6e17e34edf6ccaa99ae4be05244d388eeb79cec6ae3eaac10dab	True	e639cb64fe87ea1197239a5023ec63e212e790b4110d537080bbd25a53eeced5	True	0eec65995cd20c617752c2086819931e9eb7ad7411d223437a25509dfb3b98b0	4500	0.88662339	0.67223756
93	rna_seq11_phase3_loss_sweep_5000_conv3_h256_top2_hybrid_fulllog1p_hybrid_b1_lr0.001_seed20260522_5000steps	runs/rna_seq11_phase3_loss_sweep_5000_conv3_h256_top2_hybrid_fulllog1p_hybrid_b1_lr0.001_seed20260522_5000steps/adapter_head_best.pt	True	3949901	89124004889bcd5933bb421a0cb0621508c97114adb356c110cc747bfd53b57d	True	d34202af718a5d0f83e30edd596ef33b27b968517770916dc234ccaff6ce39c5	True	988b6b794420ec90309928776f1f1e9804ada11dca4925f7f96bd137801404f4	4500	0.88841865	0.67056071
94	rna_seq11_phase3_mse_finetune_1000_conv5_h256_mseft1e4_fulllog1p_mse_b1_lr0.0001_seed20260522_1000steps_warmstart	runs/rna_seq11_phase3_mse_finetune_1000_conv5_h256_mseft1e4_fulllog1p_mse_b1_lr0.0001_seed20260522_1000steps_warmstart/adapter_head_best.pt	True	4474317	906457412999d7ac4d5ad6dea60de1cb9c04b6fa7f6e3e1a20cc710cb87e4e43	True	729b02c746a2f51cc93eed342981b565a6dc69fa199d1cb7a76291a7d921415b	True	f4749dfe23e90af1fe130bb47c5fcbb3d542a2d8b4fbdeb99cf6c821d6ede1fb	750	0.88974877	0.67095622
95	rna_seq11_phase3_loss_sweep_5000_conv5_h256_top1_b2_fulllog1p_smoothl1_b2_lr0.001_seed20260522_5000steps	runs/rna_seq11_phase3_loss_sweep_5000_conv5_h256_top1_b2_fulllog1p_smoothl1_b2_lr0.001_seed20260522_5000steps/adapter_head_best.pt	True	4474189	bbddcb21400a76d5f246428bca387b6a40efbd6fd7813e17fa7e79ef675cc453	True	1d58901a3d53ade9eb1915397c0f32dc7fa62b4cd9d85abe85da71845e1223b6	True	2017fafd16b28498d18f480c4d788611bc7f20578f76e5572fe3c989e2a8c6d6	4500	0.88978789	0.6712013
96	rna_seq11_phase3_mse_finetune_1000_conv5_h256_mseft3e4_fulllog1p_mse_b1_lr0.0003_seed20260522_1000steps_warmstart	runs/rna_seq11_phase3_mse_finetune_1000_conv5_h256_mseft3e4_fulllog1p_mse_b1_lr0.0003_seed20260522_1000steps_warmstart/adapter_head_best.pt	True	4474317	2706aacca88b2dc0cabbcbd33c997675f7148691ee2bce7a7c26e1a81fc571d2	True	cea2bbc015f2d0e8b62c22b532a8a1e14aca2a314e02bc6729195c8a1ff30f2e	True	9a11e025a2f91f3cefddea98a572e50bec717f9ea823f3c0c60a44a87e771e4c	250	0.8913739	0.67135144
97	rna_seq11_phase1_winner_stability_5000_conv3_h256_fulllog1p_smoothl1_b1_lr0.001_seed20260522_5000steps	runs/rna_seq11_phase1_winner_stability_5000_conv3_h256_fulllog1p_smoothl1_b1_lr0.001_seed20260522_5000steps/adapter_head_best.pt	True	3949901	f1047af52f71d5fc669078dd747b1376f6b3c5c7bb1a761d0dc4ebc116cffe6d	True	55743efc5050893c536c40149107bad6448ed4adac6ad43d10ad85e45335fc6e	True	3d8be4bfc16646f8747499f9020aa583e495ecf9dcc64b54e7b8fea6c43ff5bb	4750	0.89736626	0.66607045
98	rna_seq11_phase1_winner_stability_5000_conv5_h256_fulllog1p_smoothl1_b1_lr0.001_seed20260515_5000steps	runs/rna_seq11_phase1_winner_stability_5000_conv5_h256_fulllog1p_smoothl1_b1_lr0.001_seed20260515_5000steps/adapter_head_best.pt	True	4474189	9db95a740529c2227215c09abdf4eeec868ac80049e4c5023b425b2869fd1656	True	914a2e4f7536eaaaab777d50e12890ca1f1fccd5c69bf4f7b417bad617f55ba2	True	43b99ff7aa8c3bdc6d4397c18ff7b91b3e020e217025fbec351090bd359ff45d	3500	0.89997678	0.66776127
99	rna_seq11_phase2_head_promote_5000_dilatedconv3_h256_d2_p2_fulllog1p_smoothl1_b1_lr0.001_seed20260522_5000steps	runs/rna_seq11_phase2_head_promote_5000_dilatedconv3_h256_d2_p2_fulllog1p_smoothl1_b1_lr0.001_seed20260522_5000steps/adapter_head_best.pt	True	3949901	897958f5628adc188ca93476732f251574d58316e9c04c4c45aeda9bbab21b5d	True	fd99554144022acc8d4fd292e904deb7d24a061652bbbe593f0e57c9b62f82ea	True	6bee2a4d7f8311eda19254ed6083b8037dbdc3b62e87e0c3ff28bf030c886635	4750	0.90497149	0.66171282
100	rna_seq11_phase1_winner_stability_5000_conv3_h256_fulllog1p_smoothl1_b1_lr0.001_seed20260523_5000steps	runs/rna_seq11_phase1_winner_stability_5000_conv3_h256_fulllog1p_smoothl1_b1_lr0.001_seed20260523_5000steps/adapter_head_best.pt	True	3949901	f3529b1323bc3cffaf763acfcb5d05f352f69ab47b72352960d8aeb2b79439d4	True	05173043e046e03802a2076302f16f252ea1c5a1faad8da546044c86f1b6c0d3	True	4f27c80d40ccaf4ad64f9b2bf6e041f36c31b29e6ec42d6c18920ad2b652b564	5000	0.90506689	0.66286628
101	rna_seq11_phase1_winner_stability_5000_residualconv3_h256_rs1_fulllog1p_smoothl1_b1_lr0.001_seed20260523_5000steps	runs/rna_seq11_phase1_winner_stability_5000_residualconv3_h256_rs1_fulllog1p_smoothl1_b1_lr0.001_seed20260523_5000steps/adapter_head_best.pt	True	3950617	93cd6e5c9a1c2b9bae37c0b0b6050ed4e446d4d0d377c1362481e2d719308315	True	0a09ace306f8b49d51f63e3e81188684cf04a7373d019e664f59c09399219763	True	656dacab6466de3b534e0be84a75aa9cbac1745ca230ece30e7c189f4d4f5b4b	3500	0.90599628	0.66362008
102	rna_seq11_phase1_winner_stability_5000_conv5_h256_fulllog1p_smoothl1_b1_lr0.001_seed20260523_5000steps	runs/rna_seq11_phase1_winner_stability_5000_conv5_h256_fulllog1p_smoothl1_b1_lr0.001_seed20260523_5000steps/adapter_head_best.pt	True	4474189	0afe67bfbbf55c4cd78b26539b9cbae7b21615e20ed6993f689f87f4ed2ab26b	True	c476e13d8cc995637294b696a60b4d3baacc890a4e517fb63bf4cfd76d24de5a	True	a5e4cf21c7fbaf0dcfe269317459190735cbb5cdff805e0034741f2b3ae67eaf	4000	0.90617652	0.66830971
103	rna_seq11_phase3_loss_sweep_5000_conv3_h256_top2_b2_fulllog1p_smoothl1_b2_lr0.001_seed20260522_5000steps	runs/rna_seq11_phase3_loss_sweep_5000_conv3_h256_top2_b2_fulllog1p_smoothl1_b2_lr0.001_seed20260522_5000steps/adapter_head_best.pt	True	3949901	1787434e549630f32a3dea6918c7071007b9f2a3a2db1f1abd0fdf9eb15f662b	True	4a871bb111dfff5568bc61241b290d6214fdeeab2b507916f155548a97f1d402	True	a1ac746e6a631e3277ebcfea5b6c123af08b287ecd15b7563bd25b9613190b5a	4500	0.90720276	0.6625814
104	rna_seq11_sweep_promote5000_p2_residualconv3_full_smoothl1_lr1e-3_wd0_seed20260522_5000steps	runs/rna_seq11_sweep_promote5000_p2_residualconv3_full_smoothl1_lr1e-3_wd0_seed20260522_5000steps/adapter_head_best.pt	True	3950489	6e43cc15586b85f8afa64d6598b8b4f47117c67b1763f87df2783009c0e6857f	True	494335c1470043d34268f1a37815079d8644b5687732f86d73085a407a27a226	True	fe8a97c6364efed48f98075daba811024a4e33f473b1e7e4eb89db8546a073e3		0.90798019	0.66384042
105	rna_seq11_phase1_winner_stability_5000_conv3_h256_fulllog1p_smoothl1_b1_lr0.001_seed20260515_5000steps	runs/rna_seq11_phase1_winner_stability_5000_conv3_h256_fulllog1p_smoothl1_b1_lr0.001_seed20260515_5000steps/adapter_head_best.pt	True	3949901	9a1dbe58754bcb4db8534f809cf127dbb08ae4bc0b241f791da76d58b8278831	True	df503bd808878fba2c0f11ba75f32fc29149b1149007dbfd0b39f5e9d4d480ba	True	4d6dd6de2d686578a9f75c794edd05f9d3e89e1c13fdb647a3bc8dc80c99e879	5000	0.90865787	0.66181596
106	rna_seq11_phase2_head_promote_5000_residualconv3_h512_rs0.1_p1_fulllog1p_smoothl1_b1_lr0.001_seed20260522_5000steps	runs/rna_seq11_phase2_head_promote_5000_residualconv3_h512_rs0.1_p1_fulllog1p_smoothl1_b1_lr0.001_seed20260522_5000steps/adapter_head_best.pt	True	9468953	e506933e6f821b0ca0cf78e434beba730e8a953f99b48ddfd0c5e2aa2d42828a	True	e26afc8bacfa0a686cc5aaf1f436c72a8890ad28b465824b3843ded3cab0d461	True	31421f2d65baf73db77a107972b088f7c5f95524e903c6e1180291da67cf0eb3	3750	0.9089776	0.66221824
107	rna_seq11_phase1_winner_stability_5000_residualconv3_h256_rs1_fulllog1p_smoothl1_b1_lr0.001_seed20260522_5000steps	runs/rna_seq11_phase1_winner_stability_5000_residualconv3_h256_rs1_fulllog1p_smoothl1_b1_lr0.001_seed20260522_5000steps/adapter_head_best.pt	True	3950617	c0e87d1827f93aaf6f73c9417afa2ce594621c39b7d44bba96c67321baaccf7a	True	f3bc49f88fb65a4ae84878e3b8c221adf506b95ac8cd9af905448bc23b874bb8	True	f02516ae6efda32e68005c7f224019a8473fc84c1c6b80408d78b0d930ebe4a8	4250	0.91158492	0.66022084
108	rna_seq11_sweep_promote5000_p3_conv3_full_smoothl1_lr1e-3_wd0_seed20260522_5000steps	runs/rna_seq11_sweep_promote5000_p3_conv3_full_smoothl1_lr1e-3_wd0_seed20260522_5000steps/adapter_head_best.pt	True	3949773	bc923e5cb685e26c31be08c1f18cebe1b1bd0030985aef6c0c50abd54540d4a7	True	9744ba05f97010f6530ba91445201f59d740239105cfaae38a816e842809bf2f	True	07c7d92814f1eb026fdedc401732b38c219c2fd59394d47ddcebf7163c070d55		0.91715938	0.66071122
109	rna_seq11_phase2_head_promote_5000_residualconv3_h512_rs1_p3_fulllog1p_smoothl1_b1_lr0.001_seed20260522_5000steps	runs/rna_seq11_phase2_head_promote_5000_residualconv3_h512_rs1_p3_fulllog1p_smoothl1_b1_lr0.001_seed20260522_5000steps/adapter_head_best.pt	True	9468953	f997bca735945134c6229217a6cfb8edc779f4ce91f0a238a6b3011a2204f709	True	363717da7d9c453e3331067846f2508959cab44eef88ba47141cc45bae8e3f86	True	2ea6fd7c05ca53a01d771090fa468c056fb928c10b2b8d5dc59108a5674ca352	4250	0.91719273	0.65961935
110	rna_seq11_sweep_extend10000_binp1_conv3_bin128_mse_lr1e-3_wd0_seed20260522_10000steps	runs/rna_seq11_sweep_extend10000_binp1_conv3_bin128_mse_lr1e-3_wd0_seed20260522_10000steps/adapter_head_best.pt	True	3949773	0611fa88d6ca877122102eeded1dc4925497f8653e72e4a21a75c6b886898785	True	dc04089af0a1fe6a27db08704e1fe01742c9316fc14f3464bdefbee5c6af2e85	True	15e3cedf313a82f18254da81392f22eb5a73c4750ea4a4dae99ceec886150e06		0.91746702	0.66604777
111	rna_seq11_sweep_promote5000_binp1_conv3_bin128_mse_lr1e-3_wd0_seed20260522_5000steps	runs/rna_seq11_sweep_promote5000_binp1_conv3_bin128_mse_lr1e-3_wd0_seed20260522_5000steps/adapter_head_best.pt	True	3949773	0611fa88d6ca877122102eeded1dc4925497f8653e72e4a21a75c6b886898785	True	ec57d658b2d641ff298ef1c62541d3933bd48ddfc667fd10e0d5b2cdc399be7a	True	3bc8c024bc02d96a12911ca57044a93d52a3a52a1969596be5c4ad0ed5240585		0.91746702	0.66604777
112	rna_seq11_phase3_loss_sweep_5000_conv3_h256_top2_b05_fulllog1p_smoothl1_b0.5_lr0.001_seed20260522_5000steps	runs/rna_seq11_phase3_loss_sweep_5000_conv3_h256_top2_b05_fulllog1p_smoothl1_b0.5_lr0.001_seed20260522_5000steps/adapter_head_best.pt	True	3949901	8b30f54c0b3cf5aec001cc35b8486814a0b3f32dbc8bca2936776143274c3b3d	True	88de412e6c0867f5f4d2d62b6179575d978d782f7d3797f8768ba955935fe505	True	accb2ebe9c4687671dcc31c22f0bfd649aa0d7ff1aa0f8651b9c2b0e4f7d3329	4750	0.91876113	0.66045361
113	rna_seq11_phase1_winner_stability_5000_residualconv3_h256_rs1_fulllog1p_smoothl1_b1_lr0.001_seed20260515_5000steps	runs/rna_seq11_phase1_winner_stability_5000_residualconv3_h256_rs1_fulllog1p_smoothl1_b1_lr0.001_seed20260515_5000steps/adapter_head_best.pt	True	3950617	ab62842b06f9b9c7cf3bc71d06b2599c32d16d59a6508364c16e303c0a821fb9	True	6146659e3ae630e8f70b299edad7042ef8b59f4f4c70205d14f2ec59a379c1ca	True	3a6917a830e64b62cdaa9e8d3edc9838af71d0584ddb0b1a2454fd69dc5c784e	5000	0.92058907	0.657114
114	rna_seq11_sweep_finalseed_winner_residualconv3_full_smoothl1_lr1e-3_wd0_seed20260523_5000steps	runs/rna_seq11_sweep_finalseed_winner_residualconv3_full_smoothl1_lr1e-3_wd0_seed20260523_5000steps/adapter_head_best.pt	True	3950489	83f763a377b1ce5603f5c9ab152f342c6f6ba81eee36ce1b08f62f96e832a6ac	True	b0d19813b90df2a7dc56c22c5a963992109e928907a28428ed2e1e370ec8c836	True	368285d7c6e85b846ae156b120e531de5de890fef6f24a1557e948122af80377		0.92316691	0.65626351
115	rna_seq11_sweep_extend10000_p3_conv3_full_smoothl1_lr1e-3_wd0_seed20260522_10000steps	runs/rna_seq11_sweep_extend10000_p3_conv3_full_smoothl1_lr1e-3_wd0_seed20260522_10000steps/adapter_head_best.pt	True	3949773	e2523890e1660684d55ed050f8b43dd70c3486be903528ba32dc580bb0da1786	True	4f7ef33ecc0cc936e5c622e7f6878b40150ccef7b9d4fb9340cdb931874419a1	True	d53b0bdc835b9dd568e39a12732bbea4c038f66ceb171be271b3154776d1864c		0.92360914	0.65762431
116	rna_seq11_sweep_promote5000_p1_conv5_full_smoothl1_lr1e-3_wd0_seed20260522_5000steps	runs/rna_seq11_sweep_promote5000_p1_conv5_full_smoothl1_lr1e-3_wd0_seed20260522_5000steps/adapter_head_best.pt	True	4474061	a631ce421c6f78d63ce75f9475664adf5ecc0a6aaf188baa7c2d73a58d2cea7d	True	901a99eeeee82a8cfa11fedb42c4ac446c2fb06b28ea80f28006583256183d2e	True	e2470e115ab2da6cd2fdba29641ba1df4f986fe663cc290f46356592ac455092		0.92700674	0.65542817
117	rna_seq11_phase3_loss_sweep_5000_conv5_h256_top1_b05_fulllog1p_smoothl1_b0.5_lr0.001_seed20260522_5000steps	runs/rna_seq11_phase3_loss_sweep_5000_conv5_h256_top1_b05_fulllog1p_smoothl1_b0.5_lr0.001_seed20260522_5000steps/adapter_head_best.pt	True	4474189	b0e1bc3e6cd647ac9e57514cc76031d67332fa2830a70c8be23d848158d05286	True	159a8ad10c8e7c8adc4021b3d7d9c21c2f3e80683668fba9c2c3ad37606d3fa9	True	05dc65ff8f1e5a6cba8343b2506a8fc3eb730de1ebdd12d9b27ebc1217fe9136	2000	0.93042526	0.65246279
118	rna_seq11_sweep_finalseed_winner_residualconv3_full_smoothl1_lr1e-3_wd0_seed20260522_5000steps	runs/rna_seq11_sweep_finalseed_winner_residualconv3_full_smoothl1_lr1e-3_wd0_seed20260522_5000steps/adapter_head_best.pt	True	3950489	0895476508701f8197f484501f4281e29d08e527dc443734a96caf78610ab629	True	632a1dcdeab2c5d970ce56a0a457e9d1137438dc3abfb0790d4e00f9b136b41f	True	fd03cce2ce830dd64b6707fcf6d6e8bf82cae32bf2969ec4bc815490e82efd89		0.93797925	0.65111641
119	rna_seq11_sweep_extend10000_p1_conv5_full_smoothl1_lr1e-3_wd0_seed20260522_10000steps	runs/rna_seq11_sweep_extend10000_p1_conv5_full_smoothl1_lr1e-3_wd0_seed20260522_10000steps/adapter_head_best.pt	True	4474061	53c83cb5c24d14ad47f02e8e0d15f39bf59fa47f2798165cac37e43ade2f4e52	True	34de18afcfceecb739f3ed82c454ffc32e1c26ad40297db38cf334abcbd7308a	True	3df4c54750d656a88f9c0a5a99f8ad5c0a4b9e33e1a869bcc2908a526cf563c4		0.94009906	0.65098516
120	rna_seq11_sweep_extend10000_p2_residualconv3_full_smoothl1_lr1e-3_wd0_seed20260522_10000steps	runs/rna_seq11_sweep_extend10000_p2_residualconv3_full_smoothl1_lr1e-3_wd0_seed20260522_10000steps/adapter_head_best.pt	True	3950489	a0b10c6eabb19766e3156d2b456f690ac1cbaf1e6897dcfb591aa79e3fbcc4c3	True	58c39ba407da32d23d6b5cc60d91f91a988bd58161cabeb190f4030649ec19ca	True	6af0aa7d73c26adfc18fe875f5e9f51291d5612a33069b56c934e548dc0f290c		0.94087901	0.65214952
121	rna_seq11_sweep_finalseed_winner_residualconv3_full_smoothl1_lr1e-3_wd0_seed20260515_5000steps	runs/rna_seq11_sweep_finalseed_winner_residualconv3_full_smoothl1_lr1e-3_wd0_seed20260515_5000steps/adapter_head_best.pt	True	3950489	4350229e5dc24ca6b46099fd271231acb7cc8ed0569feac43cd3b8eed73674bd	True	696f521dc082317dfd6565805f263f20e59dcc6f960171b31506a0ad2e866e90	True	e96d082ec27c7582c60ad0e177ff80fe8c520022e691ba5907d35289b9ee56d5		0.94829046	0.65120618
122	rna_seq11_sweep_head1000_conv5_full_smoothl1_lr1e-3_wd0_seed20260522_1000steps	runs/rna_seq11_sweep_head1000_conv5_full_smoothl1_lr1e-3_wd0_seed20260522_1000steps/adapter_head_best.pt	True	4474061	4767f09b13e0acffd6f2bd5ecc999927e9e8478a5f454b78dcbb57705c464400	True	b53c4fffb7ee5328750460b3b22e47d60dbee168c21a4e684ae7a09480ea0510	True	08a77aa6bcf2300e903a57dd9cced8dfdb29f92c9793228521076ad64db99faa		0.95571719	0.63956155
123	rna_seq11_phase2_head_screen_1000_residualconv3_h512_rs0.1_fulllog1p_smoothl1_b1_lr0.001_seed20260522_1000steps	runs/rna_seq11_phase2_head_screen_1000_residualconv3_h512_rs0.1_fulllog1p_smoothl1_b1_lr0.001_seed20260522_1000steps/adapter_head_best.pt	True	9468953	a8dbcb45792ea454b5364e3d56964de2857c99cd13a39771af6e611b500f1596	True	feaebe5a4e1a5253fa03c8d569ecdd4ddd723f514b1b7024471523d30efd8f79	True	853e519d23b5d2b7c9b37cbd42effddcfc64e0c7e3a4ccde0588a175e333100a	1000	0.95572846	0.63965207
124	rna_seq11_phase2_head_screen_1000_dilatedconv3_h256_d2_fulllog1p_smoothl1_b1_lr0.001_seed20260522_1000steps	runs/rna_seq11_phase2_head_screen_1000_dilatedconv3_h256_d2_fulllog1p_smoothl1_b1_lr0.001_seed20260522_1000steps/adapter_head_best.pt	True	3949901	820e782b09d65eadcbf27197a8935d4dc80cf4caab453aa42883fa6f5939e730	True	abbf88879793e8f2b16bb7f923e02637060f1e32df276a04d577aa0fd08ecc9c	True	0eb004e9b47bbfba320e3a457c2896bacb50a9f7c9c3170c27f4bee530b706a6	1000	0.95791135	0.63698009
125	rna_seq11_phase2_head_screen_1000_residualconv3_h512_rs1_fulllog1p_smoothl1_b1_lr0.001_seed20260522_1000steps	runs/rna_seq11_phase2_head_screen_1000_residualconv3_h512_rs1_fulllog1p_smoothl1_b1_lr0.001_seed20260522_1000steps/adapter_head_best.pt	True	9468953	28d09a7b4735c1301aa84702dfcf4c0b93457a5fc52f0b2a6d5e2ef4923ffad1	True	1847464ca7015c509f7c3dd6494bb62595155fd9c1cad343a57cfa2e01e18565	True	2707622b248435b0bf83ef4d478a20c2ba972a92eddf6be46ec0f9281dfb8919	1000	0.95821054	0.63979693
126	rna_seq11_phase2_head_screen_1000_residualconv3_h128_rs1_fulllog1p_smoothl1_b1_lr0.001_seed20260522_1000steps	runs/rna_seq11_phase2_head_screen_1000_residualconv3_h128_rs1_fulllog1p_smoothl1_b1_lr0.001_seed20260522_1000steps/adapter_head_best.pt	True	1781273	a20b65e62cd5edad600fc39e1c47303fd37bb3e8728c54a910fac4ea9e7db65a	True	9fda2eaaeb9dadee70e0dbd2d5493e4bb40d9522f096b1765e54545139b6c2af	True	c2a5fed39f5a3ed2738cfd261686f4c0dde09879b32d1baec034e683327e7006	1000	0.96308048	0.63559421
127	rna_seq11_phase2_head_screen_1000_residualconv3_h256_rs0.1_fulllog1p_smoothl1_b1_lr0.001_seed20260522_1000steps	runs/rna_seq11_phase2_head_screen_1000_residualconv3_h256_rs0.1_fulllog1p_smoothl1_b1_lr0.001_seed20260522_1000steps/adapter_head_best.pt	True	3950617	7781aedb9617dd1c7d93498c6a926d3e81232df94940a6c18f517f9d90234bbf	True	61854ce3f7b650287ae0f8f908fb07ff2028ae478e4529999235ff7433df79e0	True	7841f88848429f17c1a41e70bf275a688691c81809f336c7a1035d20a94aa560	1000	0.96411668	0.63440753
128	rna_seq11_phase2_head_screen_1000_conv7_h256_fulllog1p_smoothl1_b1_lr0.001_seed20260522_1000steps	runs/rna_seq11_phase2_head_screen_1000_conv7_h256_fulllog1p_smoothl1_b1_lr0.001_seed20260522_1000steps/adapter_head_best.pt	True	4998477	907e4395543c63a8d443eba8e19e8077fbf9352ffee639babc65c382e4842ff4	True	37d81a295a04fc8470c97a18aeb238aa871ff34e8c02a266d9232aed3197100f	True	77aa81db7e59359db84ef0c10f29256ba40856f78e91d873b69283b8e6c82971	750	0.96728288	0.63218421
129	rna_seq11_phase2_head_screen_1000_residualconv3_h128_rs0.1_fulllog1p_smoothl1_b1_lr0.001_seed20260522_1000steps	runs/rna_seq11_phase2_head_screen_1000_residualconv3_h128_rs0.1_fulllog1p_smoothl1_b1_lr0.001_seed20260522_1000steps/adapter_head_best.pt	True	1781273	13607344358334f2c61591a10c08b89adfb830c24099ada125075217773e745a	True	18939b862ffa20de80fac13464b8f3affd99cd6ef44f089965ff45e977764362	True	c30ecb0b8d8b38b0545453e707fe3640e6f708786b7097863499ece785440083	1000	0.96872745	0.63188731
130	rna_seq11_sweep_head1000_residualconv3_full_smoothl1_lr1e-3_wd0_seed20260522_1000steps	runs/rna_seq11_sweep_head1000_residualconv3_full_smoothl1_lr1e-3_wd0_seed20260522_1000steps/adapter_head_best.pt	True	3950489	ec9534acbf65c478f98cba55099f4702f41f874025fd85bc80b33ce920c8bd9f	True	82da494157d5a199320e52a0d8fce303aae172907fc7d5b24e1559ae0f3a1655	True	dc74e284131945176cb591dd4171eeb50e153a7aff7c0a06dd47c36cf9c6aae0		0.97333331	0.6350814
131	rna_seq11_phase2_head_screen_1000_residualconv3_h256_rs1_fulllog1p_smoothl1_b1_lr0.001_seed20260522_1000steps	runs/rna_seq11_phase2_head_screen_1000_residualconv3_h256_rs1_fulllog1p_smoothl1_b1_lr0.001_seed20260522_1000steps/adapter_head_best.pt	True	3950617	2288e5628885efa2fa873364ea62cafc4fea2f3e0e3cd235c3b121e4937ef8f5	True	738c88a7f3b7f0cdc55e9d01b6fb5a31d15e2b73874b74114728dc94c79e5483	True	01cdf271b7e43c46ecc129dc97f88e7cfc9adf07c709bcbd1607c16ab87a5275	1000	0.97341678	0.63480383
132	rna_seq11_phase2_head_screen_1000_dilatedconv3_h256_d4_fulllog1p_smoothl1_b1_lr0.001_seed20260522_1000steps	runs/rna_seq11_phase2_head_screen_1000_dilatedconv3_h256_d4_fulllog1p_smoothl1_b1_lr0.001_seed20260522_1000steps/adapter_head_best.pt	True	3949901	6de427ff9848fad6707cf79588fee456947aac1309f0f66373622c3c5f702cb8	True	b47394b28116a8a579961ebee865d98bf841ed5b3b117828bc1c0e89c3a094c7	True	6dd7bbd4fe345e1487df81612e6b039fcba9ea3c5171517eea13a23135ce6f63	1000	0.97346293	0.62874121
133	rna_seq11_sweep_head1000_conv3_full_smoothl1_lr1e-3_wd0_seed20260522_1000steps	runs/rna_seq11_sweep_head1000_conv3_full_smoothl1_lr1e-3_wd0_seed20260522_1000steps/adapter_head_best.pt	True	3949773	7c9e0e8ed1a9863fe2732ab61562c9997bf61f900264445ce2094eb9db741ec8	True	6e769bfd1d8b802a87539aa838aa1a6a73ce55f2701cf4294173568dee5fefeb	True	d79a6098b927924b6f7d3876648431c4f2fe4d86b9a41a8f2abc2950d10f053d		0.97526538	0.62818841
134	rna_seq11_phase2_head_screen_1000_residualconv3_h256_rs0.01_fulllog1p_smoothl1_b1_lr0.001_seed20260522_1000steps	runs/rna_seq11_phase2_head_screen_1000_residualconv3_h256_rs0.01_fulllog1p_smoothl1_b1_lr0.001_seed20260522_1000steps/adapter_head_best.pt	True	3950617	86a9c51941c13eeaf45da3ae8d20d7339e7d1bd9901ae18c47805c6256709d84	True	2d3633279229f8f98e1991b0c9cb241b823dd7d1ae1c9159b54075d12510b632	True	2fb67e87d263a9391c1c8fbdb591c8bec0a7a5ccfc3859d2f166351e68c366cf	1000	0.9801782	0.62568179
135	rna_seq11_phase2_head_screen_1000_residualconv3_h512_rs0.01_fulllog1p_smoothl1_b1_lr0.001_seed20260522_1000steps	runs/rna_seq11_phase2_head_screen_1000_residualconv3_h512_rs0.01_fulllog1p_smoothl1_b1_lr0.001_seed20260522_1000steps/adapter_head_best.pt	True	9468953	287c0c61acf0aff42f24ea0f8c23c006050165411f8c96f13a3532139c34e688	True	8956028ddf5b16898a4d1495ffe69869800b7f8dae960852bb9db84ffa7476fc	True	bfff0eedc422b880820bcc429d8d4ad4cd504cc08ad4f6543a284312afa194ca	1000	0.98036703	0.62933759
136	rna_seq11_sweep_bin1000_conv3_bin128_mse_lr1e-3_wd0_seed20260522_1000steps	runs/rna_seq11_sweep_bin1000_conv3_bin128_mse_lr1e-3_wd0_seed20260522_1000steps/adapter_head_best.pt	True	3949773	c0c760e3cde7ffe714715980cba596027c17f126eba268d8b519076e0217b4b1	True	0926c7e811230d8291211755f9de0d6bc101d066fc781d4b6d7099b0e7e3cab1	True	e53efc0596d56bd4723d3003e5a1f822c27853b2ffa46e290919d13222591884		0.98061196	0.63638131
137	rna_seq11_phase2_head_screen_1000_residualconv3_h128_rs0.01_fulllog1p_smoothl1_b1_lr0.001_seed20260522_1000steps	runs/rna_seq11_phase2_head_screen_1000_residualconv3_h128_rs0.01_fulllog1p_smoothl1_b1_lr0.001_seed20260522_1000steps/adapter_head_best.pt	True	1781273	d7aa637570c277d9881b1c1a7062ba251551eed9ab5b1f14083a90495f62375b	True	ac6b34f220346919879fc4a9c69f4f950aaa3995359c9ddaf8ed01b85650c82d	True	e5118290562fe4fb32372be4aa1c299c45847ee96887ddfeba40e4d753772cb1	1000	0.98272526	0.62546133
138	rna_seq11_sweep_bin1000_mlp1x1_bin128_mse_lr1e-3_wd0_seed20260522_1000steps	runs/rna_seq11_sweep_bin1000_mlp1x1_bin128_mse_lr1e-3_wd0_seed20260522_1000steps/adapter_head_best.pt	True	3161729	0338e10140922bb796059dbda95d1af1e963efd0ce7d973e88bc953c1453ee58	True	e68e65f498e63f22ba742ab5e11961e5fb716eb53a4bc79e8079df806af07940	True	38dc75639604205b14e6fbfade532771d753e099ec11dc43377620ae3f714d27		0.99239391	0.62243136
139	rna_seq11_sweep_head1000_mlp1x1_full_smoothl1_lr1e-3_wd0_seed20260522_1000steps	runs/rna_seq11_sweep_head1000_mlp1x1_full_smoothl1_lr1e-3_wd0_seed20260522_1000steps/adapter_head_best.pt	True	3161729	b7eb58a9f18b112638a6f6072c99e29610dca21e4d8adf9e27d60a2e79da23f2	True	5c3198f3c86a46f6e6037886d8a5ef68b83668aa617602566f342611d2d213ce	True	4d2c10f9b7e22c9a5576790980a05590348b111622f6ab6e0a1400679c1bb7ed		1.0043897	0.62063761
140	rna_seq11_1bpA_gate_20260526_conv5_bn64_h64_hybrid_lr1e-3_seed20260526_1000steps	runs/rna_seq11_1bpA_gate_20260526_conv5_bn64_h64_hybrid_lr1e-3_seed20260526_1000steps/adapter_head_best.pt	True	500185	a0eebe0dc130ba16f07377e1b61a01f1de15cb74538bbf150e94f6ca2af009ba	True	233328617663730c678dd6ba7b92a3272995b40c38ad18166869dbef966d0797	True	5104e5092de9bbe37bc7c9a7fd0ceb31b2f726fb9d1a1a87730caf23e482ff84	1000	1.012419	0.60959731
141	rna_seq11_phase2_head_screen_1000_conv3x2_h256_fulllog1p_smoothl1_b1_lr0.001_seed20260522_1000steps	runs/rna_seq11_phase2_head_screen_1000_conv3x2_h256_fulllog1p_smoothl1_b1_lr0.001_seed20260522_1000steps/adapter_head_best.pt	True	4737945	42c4aecdbd2c6f9f9de36753601c6689cd5d99bf63c699cd35e049a2af1533f5	True	9515b3f9d52c1e965efdf44e3a0f74bf512168922c5358a8439852c3b9b139d3	True	cc9c496055fbe2a5d68929556d6a53ae809b09caa1645edaff893877f4aa0c06	500	1.0162955	0.61488702
142	rna_seq11_1bpA_gate_20260526_conv5_bn128_h128_hybrid_lr1e-3_seed20260526_1000steps	runs/rna_seq11_1bpA_gate_20260526_conv5_bn128_h128_hybrid_lr1e-3_seed20260526_1000steps/adapter_head_best.pt	True	1191897	7287cffea60f571162855fb5d6c25cb4e9bc771e92fc1af305b5950bfaa908ee	True	8eb1e5e86090d625a10478a5d50d2349a47f7bac458b12e1b993d312da4ef6db	True	9297226b97022e4cbedbb92381e2b2d437b1fe7ea4d9cacfe64b7de813a124ec	750	1.0243112	0.60446621
143	rna_seq11_1bpA_gate_20260526_conv3_bn64_h64_hybrid_lr1e-3_seed20260526_1000steps	runs/rna_seq11_1bpA_gate_20260526_conv3_bn64_h64_hybrid_lr1e-3_seed20260526_1000steps/adapter_head_best.pt	True	467417	64a5c5f5e9992d3705c5259eea7a1f5435005db966fa7ac5df8700ef7dfb5aae	True	4d5bcd0a9e23c7eefa6fcc0c69abb1f7787196828aaa9ebf6c5d25c03765f6e6	True	c71c0718a88d5f89bad23023804f9d790d668a396241dd0d83e956820821564e	750	1.041855	0.59591453
144	rna_seq11_1bpA_gate_20260526_conv3_bn128_h128_hybrid_lr1e-3_seed20260526_1000steps	runs/rna_seq11_1bpA_gate_20260526_conv3_bn128_h128_hybrid_lr1e-3_seed20260526_1000steps/adapter_head_best.pt	True	1060825	f9503f184f67bea48d18aee32f6975da8156e30476456aac01f4d31befa7c2c8	True	31f6343b51497a243930c075e805c926f79b26f669e6e8c544ec1dd27b4c91f5	True	9870b5b85f883e787f06718f50b93c3d4a64630ca8c25b1ae8d8e3cb63cfa75f	750	1.045905	0.59526794
145	rna_seq11_sweep_seed5000_conv1x1_full_mse_lr3e-4_wd0_seed20260523_5000steps	runs/rna_seq11_sweep_seed5000_conv1x1_full_mse_lr3e-4_wd0_seed20260523_5000steps/adapter_head_best.pt	True	138229	c35f8d449fd8f3eec4b821672ab20c58ed29af2385ec13a408c6cb6e9a212d00	True	f5ca4e577d6dce1e5a0ca42120cc52f3aa999672a06eacefd1f005ff2eae8497	True	b43996b58e27c8082b726f3fb3c0ef2587e0c172d1df435ff8eb493b47ec3bf8		1.0536887	0.59042909
146	rna_seq11_sweep_seed5000_conv1x1_full_mse_lr3e-4_wd0_seed20260522_5000steps	runs/rna_seq11_sweep_seed5000_conv1x1_full_mse_lr3e-4_wd0_seed20260522_5000steps/adapter_head_best.pt	True	138229	c27a8b39fc8764504163e3693f88ab5c64a1b5a696ecc8e5c3e8fec8f59c25dd	True	6e83514149734873d276a376d787f5bd275b8b333f50e2ee2ce2e3be2b553573	True	73a921c4edc67b13afdafa08aa44ca3ec76877309c815b07af5bb10511017795		1.0578357	0.58951125
147	rna_seq11_adapter_formal_20260515_5000steps_lr3e-4_128bp	runs/rna_seq11_adapter_formal_20260515_5000steps_lr3e-4_128bp/adapter_head_best.pt	True	137461	c2631e8a4503c0a9ab12cd96e38de6378d8a6bb2bf0f0424a9e61906403c8dbf	True	72b2e64299bd67277384d047a0769da4fc6a4dba341bb2cd44031b2cf8872f7a	True	961afd4060ac4c671828d9b15d8076e9af1a6143d47abe89179c85afbd6270ae		1.0609935	0.58809888
148	rna_seq11_sweep_hp1000_conv1x1_full_smoothl1_lr1e-3_wd0_seed20260522_1000steps	runs/rna_seq11_sweep_hp1000_conv1x1_full_smoothl1_lr1e-3_wd0_seed20260522_1000steps/adapter_head_best.pt	True	138229	7a55eb9b9bb51a4619e771832ae0ec05ef7c8f0f20ced263f4be7aeb74b5cd22	True	a34ce5fc1e292e645a980fa8084237aec533f3a3a7471cab70181fd8b91e9f91	True	baf7c0de143fca415c1c760339d28d36db41e3b42134a7d7f5e8e60001da77a4		1.0792149	0.57725306
149	rna_seq11_sweep_head1000_conv1x1_full_smoothl1_lr1e-3_wd0_seed20260522_1000steps	runs/rna_seq11_sweep_head1000_conv1x1_full_smoothl1_lr1e-3_wd0_seed20260522_1000steps/adapter_head_best.pt	True	138229	99ef8b35ae6f3566c1dedf3019017246a676d870abf1631ff4345b31f13309a4	True	6ba52c015d04dcffea3346ed7fab7a4081c026c10b044cf18d38ef5e1853e72e	True	7ea79a34f8d8e1b783698f837e6ddd29bdce3c859e714301f27ca007a853c886		1.0792155	0.57725283
150	rna_seq11_sweep_hp1000_conv1x1_full_smoothl1_lr1e-3_wd1e-4_seed20260522_1000steps	runs/rna_seq11_sweep_hp1000_conv1x1_full_smoothl1_lr1e-3_wd1e-4_seed20260522_1000steps/adapter_head_best.pt	True	138229	4e7e3bb4004a3bf8f70c336c0bc6461212b634b8269509f2a33e2a31ddface07	True	4fa7d4ff1101c5d4f1700d8d346d9735fd5e9d3571d71c3177b62669d6af9528	True	97ebd5b85aba14b08846082b34d28412813301e279a8934249cd833f7f953d89		1.0792161	0.57725299
151	rna_seq11_sweep_hp1000_conv1x1_full_smoothl1_lr1e-3_wd1e-3_seed20260522_1000steps	runs/rna_seq11_sweep_hp1000_conv1x1_full_smoothl1_lr1e-3_wd1e-3_seed20260522_1000steps/adapter_head_best.pt	True	138229	e6e1529ba3dfdd187921c96d16eb8df5fdb4ff18da98c0667b47a73a3930e17c	True	ff18897bde3860e56a12853f30e109976919137ed751c3e25f35a6a897ca1669	True	cdc7a50ffe6302f839ae47b564a5f5351aec76e898165c8b6cd59e028ce3a18f		1.0792257	0.57724561
152	rna_seq11_sweep_head1000_residualconv1x1_full_smoothl1_lr1e-3_wd0_seed20260522_1000steps	runs/rna_seq11_sweep_head1000_residualconv1x1_full_smoothl1_lr1e-3_wd0_seed20260522_1000steps/adapter_head_best.pt	True	138881	fd5e025f6fd574f0de2ece8edde93c48009886d2ad0c6fc6d0781912b79ee34d	True	a3470e411ecf5e9328e2c4edb7fa4d2aeb69ac8daca7b0d644732e353185cded	True	5a1daf5049f8a1a6cd00b3508a8c2c569d56a17b89a901fad2fe880ee3bcbf28		1.0800491	0.57896973
153	rna_seq11_sweep_hp1000_conv1x1_full_mse_lr1e-3_wd0_seed20260522_1000steps	runs/rna_seq11_sweep_hp1000_conv1x1_full_mse_lr1e-3_wd0_seed20260522_1000steps/adapter_head_best.pt	True	138229	66c3ef063450addfafbda77645eb9c13de30c0a853e8bcd0c38be9ba46379fef	True	fc35e449b4b24fe0e2f72410960f650eb81519eb09ef5b0bfb881d528ce00bd0	True	f8107ad18a7f653acbe59ff67eef60efbf5bf4647ac503d15531f74970beea01		1.0936027	0.57769526
154	rna_seq11_sweep_hp1000_conv1x1_full_mse_lr1e-3_wd1e-4_seed20260522_1000steps	runs/rna_seq11_sweep_hp1000_conv1x1_full_mse_lr1e-3_wd1e-4_seed20260522_1000steps/adapter_head_best.pt	True	138229	0468c41d6577e0b441e26ff9187db8d97793bc3c4878b0a1c9cb5565e5ec60ed	True	bde94814ba92ceeb5d38f22734722017fc15ba72e7460d76f906f7b567ff20b0	True	b217dc979eea90bf9f44ae15cbbbbe28168bc706fb525edef6e0873fb877a58e		1.0936105	0.57769404
155	rna_seq11_sweep_hp1000_conv1x1_full_mse_lr1e-3_wd1e-3_seed20260522_1000steps	runs/rna_seq11_sweep_hp1000_conv1x1_full_mse_lr1e-3_wd1e-3_seed20260522_1000steps/adapter_head_best.pt	True	138229	6e9fec42d812adbf8d48ce10625119febf1ff99f205c5018d33572b2c1badc4d	True	f47ba8e8c944e1805c907d106b3f1a209904472765b69f15ffb59d74ec3f38a8	True	cd425aa6c19a31abb0f1dcdb7b277328fe9b546ec5fe89fdaf4af4a4f928d7d2		1.0936288	0.57768541
156	rna_seq11_sweep_hp1000_conv1x1_full_smoothl1_lr3e-4_wd0_seed20260522_1000steps	runs/rna_seq11_sweep_hp1000_conv1x1_full_smoothl1_lr3e-4_wd0_seed20260522_1000steps/adapter_head_best.pt	True	138229	5ca41ae0d3bdf691dd909f6ba9105ef66c33f83deb41a98c9e1541d8e00f6788	True	13359158445fb429120925dafd44af01df46923f39809764881f49c354983f86	True	6cab58e62fd7801d54b96981ae5817b87b83d6842bf89265199340a32fad3474		1.1216553	0.55368854
157	rna_seq11_sweep_hp1000_conv1x1_full_smoothl1_lr3e-4_wd1e-4_seed20260522_1000steps	runs/rna_seq11_sweep_hp1000_conv1x1_full_smoothl1_lr3e-4_wd1e-4_seed20260522_1000steps/adapter_head_best.pt	True	138229	d2556d4f3844be073824a7a2be4d59dcdff18fb70099181928ffb4ad2a5fb1e5	True	43ca45c49413d6185364673296688520085f0a067eb37bc0510265ee39b67552	True	cde6c5251725afadd43bba865412ca6c6942c71b4d0bfc50f0c26874cd6efd8c		1.1216585	0.55368793
158	rna_seq11_sweep_hp1000_conv1x1_full_smoothl1_lr3e-4_wd1e-3_seed20260522_1000steps	runs/rna_seq11_sweep_hp1000_conv1x1_full_smoothl1_lr3e-4_wd1e-3_seed20260522_1000steps/adapter_head_best.pt	True	138229	cc87fc6c4ddac83c015a422eff415da494d91e315cad712c111914a76586c869	True	b8aa3446d4ec132de1069a90c2fa7afe771c9348a1c73f9bff0cfd3b797ecf1b	True	ef6412be6f7c7afd30b243337c53ff36a706ef120e5cdb110d06e911d863182c		1.1216615	0.55368684
159	rna_seq11_sweep_bin1000_conv1x1_bin128_mse_lr1e-3_wd0_seed20260522_1000steps	runs/rna_seq11_sweep_bin1000_conv1x1_bin128_mse_lr1e-3_wd0_seed20260522_1000steps/adapter_head_best.pt	True	138229	bca4b0990dc28ef0c030abb2e53962119f26da6a7e3094bcd82f77be670924b5	True	399f1d4b31ce1333d7fe354fbbf8552a932c1287c292d68c7eec4fc123b2aac4	True	1101e8f32b4d3a27d4ecac8fcb70103e2c8d1137ad855e6eb72aae1aefd84c61		1.1217152	0.56866535
160	rna_seq11_1bpC_sanity_20260528_depthwise_k31_b64_h64_beta05_hard15_lr3e-4_seedrand_1000steps	runs/rna_seq11_1bpC_sanity_20260528_depthwise_k31_b64_h64_beta05_hard15_lr3e-4_seedrand_1000steps/adapter_head_best.pt	True	443877	c3012eb62b4911acd892451706ace34627ee7ad3e7b2711b00e35ef3332f51c9	True	c83f6714fd7bd430a410b0d7e7403fa86f48194d19704b7762d11371f5454f3d	True	7feecf4d243a961b862db64bea101c7658a650ff8351d31ca8624a351b031012	250	1.1502146	0.55297077
161	rna_seq11_sweep_hp1000_conv1x1_full_mse_lr3e-4_wd0_seed20260522_1000steps	runs/rna_seq11_sweep_hp1000_conv1x1_full_mse_lr3e-4_wd0_seed20260522_1000steps/adapter_head_best.pt	True	138229	b7ac8c725b87750fce16174fb3ff7b5065e6d1fe345a56f5d736a1a68a341b66	True	87a717d8d8fb577459b29de1633a09991cd0110cb73a4b3aeac5ba7557e0ca1c	True	390e8ad8b0b7d29f40ae47ff64a886d361f53a469f1b4beda24b9b46dadcae22		1.1539549	0.54614042
162	rna_seq11_sweep_hp1000_conv1x1_full_mse_lr3e-4_wd1e-4_seed20260522_1000steps	runs/rna_seq11_sweep_hp1000_conv1x1_full_mse_lr3e-4_wd1e-4_seed20260522_1000steps/adapter_head_best.pt	True	138229	b8237bc1f9fe9a30fa9a25612f4c5f5d5079f731ec003c4e2dc3ce512e14408b	True	c7d69a26560fdbdda598fc9a9bfa2d097547e2f9cf8f396a2349b01152d8e045	True	96364b983005b18af3e84e7ac9f33019e61db65f48c3fc6acab7e7c63dbf43b3		1.1539569	0.54613914
163	rna_seq11_sweep_hp1000_conv1x1_full_mse_lr3e-4_wd1e-3_seed20260522_1000steps	runs/rna_seq11_sweep_hp1000_conv1x1_full_mse_lr3e-4_wd1e-3_seed20260522_1000steps/adapter_head_best.pt	True	138229	88dd83373f4aa75285338ffee2dec2d8f82203be0d6be56dbe243c178c828e9e	True	8eb438249711211c140d00f99caddc746f9b1cf7f594bdf694279d2796fe2c6a	True	aa74065153bda994ee02f997f93ca0951891fe2fc3edc039602f973984e7ce9d		1.1539637	0.54613654
164	rna_seq11_sweep_hp1000_conv1x1_full_smoothl1_lr1e-4_wd1e-4_seed20260522_1000steps	runs/rna_seq11_sweep_hp1000_conv1x1_full_smoothl1_lr1e-4_wd1e-4_seed20260522_1000steps/adapter_head_best.pt	True	138229	12628c59f87757dba4b3f4ed01c884c69a4e655f195531d36bcf6173724dbb10	True	3cf0d23a3cec0588f558675e5d2f268c93ba235954dee170b6da6db2e913bada	True	554e2a63f71f02c499e57ace783f6eb51939d28f13b95b6d3e72e914719ba3eb		1.2110327	0.51411849
165	rna_seq11_sweep_hp1000_conv1x1_full_smoothl1_lr1e-4_wd0_seed20260522_1000steps	runs/rna_seq11_sweep_hp1000_conv1x1_full_smoothl1_lr1e-4_wd0_seed20260522_1000steps/adapter_head_best.pt	True	138229	4b2769bb4fe8284f0de60c2abf7cab2d7d53d1d7fab500733f8dfcba2d051c01	True	0ca74a19fa127ec669f06fd2a93f22cce6cb8a819c702a303069505397d1fcc6	True	37863f968192573f9245e471179ebfeff8f5107b1482dbe976308b8fd46d7c54		1.2110327	0.51411844
166	rna_seq11_sweep_hp1000_conv1x1_full_smoothl1_lr1e-4_wd1e-3_seed20260522_1000steps	runs/rna_seq11_sweep_hp1000_conv1x1_full_smoothl1_lr1e-4_wd1e-3_seed20260522_1000steps/adapter_head_best.pt	True	138229	178fb5b27c4d19e1cd5468bdb66e30525f88e3c336f75f45dfc9e33a81f3b594	True	a415b5362913731a7daebd0a5d569c9639e0f8d5a1bf6a009c7ab2c96f86393b	True	53f3d8b1d252587548dfb57f3efb0a8df388b21e4336a148423a9a24c0214297		1.2110381	0.51411754
167	rna_seq11_sweep_hp1000_conv1x1_full_mse_lr1e-4_wd1e-4_seed20260522_1000steps	runs/rna_seq11_sweep_hp1000_conv1x1_full_mse_lr1e-4_wd1e-4_seed20260522_1000steps/adapter_head_best.pt	True	138229	2303a1c46b9e0cfc2902f868c4020150977763c3c16df95406ced4fbaaf4fc12	True	047196aed7467d66f1574d33e1aaa55303d4c4d8514b6195587fef1c48108373	True	50cee6700e4e68a5b5415ef7c6fba4745352f804d5b8626b534eb35a8d762dda		1.27225	0.51064793
168	rna_seq11_sweep_hp1000_conv1x1_full_mse_lr1e-4_wd0_seed20260522_1000steps	runs/rna_seq11_sweep_hp1000_conv1x1_full_mse_lr1e-4_wd0_seed20260522_1000steps/adapter_head_best.pt	True	138229	cfc25be569ecaf0f679b6fd220319bd5d8b45da7d91417aad1c5ba9c327ee1fa	True	8517a9b36b69fb90f1d3050b99b0ba7a1acab4316b4d9fd921821ce90cb8c78c	True	9c183d5ed6d5a16138287277225ff8b3f61ecde2053b50cb91dcbc54a5b9e2f0		1.2722502	0.51064803
169	rna_seq11_sweep_hp1000_conv1x1_full_mse_lr1e-4_wd1e-3_seed20260522_1000steps	runs/rna_seq11_sweep_hp1000_conv1x1_full_mse_lr1e-4_wd1e-3_seed20260522_1000steps/adapter_head_best.pt	True	138229	8cda1adb28c715bd8d8f688314c84d476253396d5393ae123fa5d0a191804f32	True	1f0b18509e2f753a0f6c5770c913663ad53c245087922e293706488f319ec96c	True	4aad2e507e7f7acd62511f136650376c4d28314e99d0ac1c8061661db13478a3		1.2722606	0.51064577
170	rna_seq11_1bpC_sanity_20260528_depthwise_k15_b64_h64_beta05_hard15_lr3e-4_seedrand_1000steps	runs/rna_seq11_1bpC_sanity_20260528_depthwise_k15_b64_h64_beta05_hard15_lr3e-4_seedrand_1000steps/adapter_head_best.pt	True	439781	e61fc1f8cadd28a1c7621c64387ab85d8b904d68a1d4389d1db853be0eb2d167	True	250ce16b0bd12d285987293926b5276ca4ad3719f6227b5827d614cbdd3c6757	True	4471cc84c5d87aa58d5388d4346fa5a1f2fab47e31510e4dcc9dd1bfe50ba0e9	250	1.2728259	0.53974875
171	rna_seq11_1bpC_sanity_20260528_depthwise_k15_b64_h64_beta05_hard15_lr1e-4_seedrand_500steps	runs/rna_seq11_1bpC_sanity_20260528_depthwise_k15_b64_h64_beta05_hard15_lr1e-4_seedrand_500steps/adapter_head_best.pt	True	439781	3467442e0f7bfda1bbeb9e9208146ff2c76f9201179bf073e8042f322030e5cf	True	06708ac2cc7a346f8a9f4c925000242712efab9c639ba877eb7922468702bdc6	True	c97bad83c95a6000106e8c517a4fb7ba2eb23b066cab72e1c72b7b0bc05e5887	250	1.4170342	0.39250081
